/*
 Navicat Premium Data Transfer

 Source Server         : localhost
 Source Server Type    : MySQL
 Source Server Version : 50727
 Source Host           : localhost:3306
 Source Schema         : pma-desarrollo

 Target Server Type    : MySQL
 Target Server Version : 50727
 File Encoding         : 65001

 Date: 25/11/2019 06:39:52
*/

SET NAMES utf8mb4;
SET FOREIGN_KEY_CHECKS = 0;

-- ----------------------------
-- Table structure for pma_activities
-- ----------------------------
DROP TABLE IF EXISTS `pma_activities`;
CREATE TABLE `pma_activities`  (
  `id` int(11) NOT NULL AUTO_INCREMENT,
  `id_cost_category` varchar(100) CHARACTER SET utf8 COLLATE utf8_general_ci NULL DEFAULT NULL,
  `id_cost_subcategory` int(11) NULL DEFAULT NULL,
  `subcategory_name` varchar(100) CHARACTER SET utf8 COLLATE utf8_general_ci NULL DEFAULT NULL,
  `subcategory_code` varchar(100) CHARACTER SET utf8 COLLATE utf8_general_ci NULL DEFAULT NULL,
  PRIMARY KEY (`id`) USING BTREE
) ENGINE = InnoDB AUTO_INCREMENT = 8 CHARACTER SET = utf8 COLLATE = utf8_general_ci;

-- ----------------------------
-- Records of pma_activities
-- ----------------------------
BEGIN;
INSERT INTO `pma_activities` VALUES (1, '1', 1, 'Activity 1', 'EC01.01.011.URT1'), (2, '2', 2, 'Activity 2', 'EC01.03.021.SMS1'), (3, '2', 3, 'Activity 3', 'EC01.03.021.SMS2'), (4, '3', 4, 'Activity 5', 'EC01.04.031.CAR1'), (5, '3', 5, 'Activity 6', 'EC01.04.031.CAR2'), (6, '4', 6, 'Activity 7', 'EC01.05.041.CSI1'), (7, '4', 7, 'Activity 8', 'EC01.05.041.CSI2');
COMMIT;

-- ----------------------------
-- Table structure for pma_contribuciones
-- ----------------------------
DROP TABLE IF EXISTS `pma_contribuciones`;
CREATE TABLE `pma_contribuciones`  (
  `id` int(11) NOT NULL AUTO_INCREMENT,
  `id_contribucion` int(11) NULL DEFAULT NULL,
  `grant_number` varchar(18) CHARACTER SET utf8 COLLATE utf8_general_ci NULL DEFAULT NULL,
  `estado` varchar(20) CHARACTER SET utf8 COLLATE utf8_general_ci NULL DEFAULT NULL,
  `crn` varchar(20) CHARACTER SET utf8 COLLATE utf8_general_ci NULL DEFAULT '',
  `donor` varchar(20) CHARACTER SET utf8 COLLATE utf8_general_ci NULL DEFAULT '',
  `fund` decimal(20, 0) NULL DEFAULT NULL,
  `comments` varchar(200) CHARACTER SET utf8 COLLATE utf8_general_ci NULL DEFAULT NULL,
  `year_contribution` int(4) NULL DEFAULT NULL,
  `isc` decimal(20, 0) NOT NULL DEFAULT 0,
  `total_grant` decimal(20, 0) NOT NULL DEFAULT 0,
  `total_contribution` float NOT NULL DEFAULT 0,
  `total_programmed` decimal(20, 0) NULL DEFAULT 0,
  `total_unprogrammed` decimal(20, 0) NULL DEFAULT 0,
  `grant_tod` date NULL DEFAULT NULL,
  `grant_tdd` date NULL DEFAULT NULL,
  `grant_specific` text CHARACTER SET utf8 COLLATE utf8_general_ci NULL,
  `activity` varchar(20) CHARACTER SET utf8 COLLATE utf8_general_ci NULL DEFAULT '',
  `recepcion_documento` datetime(0) NULL DEFAULT NULL,
  `creado` timestamp(0) NULL DEFAULT CURRENT_TIMESTAMP(0),
  PRIMARY KEY (`id`) USING BTREE
) ENGINE = InnoDB AUTO_INCREMENT = 43 CHARACTER SET = utf8 COLLATE = utf8_general_ci COMMENT = 'Registro de contribuciones';

-- ----------------------------
-- Records of pma_contribuciones
-- ----------------------------
BEGIN;
INSERT INTO `pma_contribuciones` VALUES (1, NULL, '10029912', 'Closed', 'USA-C-01102-05', 'FFP', 1, 'Saldo USA 2016', 2017, 0, 311671, 1, 410244, -98573, '2018-04-30', '2019-09-02', 'No', 'Activity 1', NULL, '2019-06-17 07:55:41'), (2, NULL, '10029894', 'Closed', 'USA-C-01102-04', 'FFP', 1, 'Contribución 2017', 2017, 117757, 1682243, 0, 4500, 1677743, '2018-04-30', '2018-04-30', 'No', 'Activity 1', NULL, '2019-06-17 07:55:41'), (3, NULL, '10032605', 'Closed', 'USA-C-01479-01', 'FFP', NULL, 'Contribución 2018', 2018, 122066, 1877934, 0, 10500, 1867434, '2018-04-27', '2018-12-31', 'No', 'Activity 1', NULL, '2019-06-17 07:55:41'), (4, NULL, '10033899', 'Ongoing', 'USA-C-01535-01', 'FFP', NULL, 'Contribución 2018', 2018, 366197, 5633803, 0, 643, 5633160, '2019-09-02', '2019-09-30', 'No', 'Activity 1', NULL, '2019-06-17 07:55:41'), (5, NULL, '30004294', 'Ongoing', 'IPL EC01 2019_04_04', 'FFP', NULL, 'AF 2019', 2019, 183099, 2816901, 0, 643, 2816258, '2019-04-04', '2020-03-01', 'No', 'Activity 1', NULL, '2019-06-17 07:55:41'), (6, NULL, '10035028', 'Ongoing', 'USA-C-01619-01', 'FFP', NULL, 'Saldo 7 millones', 2019, 427230, 6572770, 0, 643, 6572127, '2020-02-28', '2020-02-28', 'No', 'Activity 1', NULL, '2019-06-17 07:55:41'), (7, NULL, '70000403', 'Closed', '001-C-01829 -01', 'CERF', NULL, 'Contribución 2018', 2018, 32714, 503288, 0, 643, 502645, '2019-03-26', '2019-03-26', 'Yes', 'Activity 1', NULL, '2019-06-17 07:55:41'), (8, NULL, '70000374', 'Ongoing', 'DEN-C-00220-01', 'Denmark', NULL, 'Gender', 2018, 0, 361916, 0, 643, 361273, '2019-12-31', '2019-12-31', 'Yes', 'Activity 1', NULL, '2019-06-17 07:55:41'), (9, NULL, '70000375', 'Ongoing', 'DEN-C-00220-02', 'Denmark', NULL, 'Gender', 2019, 0, 368474, 0, 643, 367831, '2019-12-31', '2019-12-31', 'Yes', 'Activity 1', NULL, '2019-06-17 07:55:41'), (10, NULL, '10034321', 'Ongoing', 'GER-C-00825-01', 'Germany', NULL, 'test', 2018, 69356, 1068222, 0, 643, 1067579, '2018-12-31', '2019-03-31', 'No', 'Activity 1', NULL, '2019-06-17 07:55:41'), (11, NULL, '10035334', 'Ongoing', 'CAN-C-00572-08', 'Canada', NULL, NULL, 2019, 23189, 356750, 0, 643, 356107, '2020-03-31', '2020-03-31', 'No', 'Activity 1', NULL, '2019-06-17 07:55:41'), (13, NULL, '10029899', 'Ongoing', 'KOR-C-00128-06', 'KOR MOFA', NULL, 'Korea I (saldo PRRO)', 2017, 50486, 721223, 0, 643, 720580, '2019-09-30', '2019-09-30', 'No', 'Activity 3', NULL, '2019-06-17 07:55:41'), (14, NULL, '10029744', 'Ongoing', 'KOR-C-00128-04', 'KOR MOFA', NULL, 'Korea II (1 millón)', 2017, 65421, 559056, 0, 643, 558413, '2019-09-30', '2019-09-30', 'No', 'Activity 3', NULL, '2019-06-17 07:55:41'), (15, NULL, '10029744', 'Ongoing', 'KOR-C-00128-04', 'KOR MOFA', NULL, 'Korea II (1 millón)', 2017, 0, 375523, 0, 643, 374880, '2019-09-30', '2019-09-30', 'No', 'Activity 4', NULL, '2019-06-17 07:55:41'), (16, NULL, '10029747', 'Ongoing', 'KOR-C-00128-05', 'KOR MOFA', NULL, 'Korea III (1 millón)', 2017, 65421, 713001, 0, 643, 712358, '2019-09-30', '2019-09-30', 'No', 'Activity 3', NULL, '2019-06-17 07:55:41'), (17, NULL, '10029747', 'Ongoing', 'KOR-C-00128-05', 'KOR MOFA', NULL, 'Korea III (1 millón)', 2017, 0, 221578, 0, 643, 220935, '2019-09-30', '2019-09-30', 'No', 'Activity 4', NULL, '2019-06-17 07:55:41'), (18, NULL, '10030661', 'Closed', 'WPD-C-03321-02', 'Private donors', NULL, 'McKnight ', 2017, 3745, 37452, 0, 643, 36809, '2019-08-31', '2019-11-30', 'No', 'Activity 7', NULL, '2019-06-17 07:55:41'), (19, NULL, '70000012', 'Ongoing', 'WPD-C-03871-02', 'Private donors', NULL, 'McKnight', 2017, 14997, 90908, 0, 643, 90265, '2019-08-31', '2019-11-30', 'Yes', 'Activity 7', NULL, '2019-06-17 07:55:41'), (20, NULL, '70000012', 'Ongoing', 'WPD-C-03871-02', 'Private donors', NULL, 'McKnight', 2017, 0, 59060, 0, 643, 58417, '2019-08-31', '2019-11-30', 'Yes', 'Activity 7', NULL, '2019-06-17 07:55:41'), (21, NULL, '10029859', 'Closed', 'WPD-C-03290-02', 'Private donors', NULL, 'Saldo YUM ', 2017, 5231, 121157, 0, 643, 120514, NULL, NULL, NULL, 'Activity 1', NULL, '2019-06-17 07:55:41'), (22, NULL, '70000011', 'Pending', '001-C-01539-02', 'UN Adaptation Fund', NULL, 'FORECCSA', 2017, 66847, 119173, 0, 643, 118530, '2018-05-29', '2018-05-29', 'Yes', 'Activity 5', NULL, '2019-06-17 07:55:41'), (23, NULL, '70000011', 'Pending', '001-C-01539-02', 'UN Adaptation Fund', NULL, 'FORECCSA', 2017, 0, 1551997, 0, 643, 1551354, '2018-05-29', '2018-05-29', 'Yes', 'Activity 6', NULL, '2019-06-17 07:55:41'), (24, NULL, '70000065', 'Pending', '001-C-01023-02', 'UN Adaptation Fund', NULL, 'FORECCSA', 2017, 21825, 86009, 0, 643, 85366, '2018-05-29', '2018-05-29', 'Yes', 'Activity 5', NULL, '2019-06-17 07:55:41'), (25, NULL, '70000065', 'Pending', '001-C-01023-02', 'UN Adaptation Fund', NULL, 'FORECCSA', 2017, 0, 459606, 0, 643, 458963, '2018-05-29', '2018-05-29', 'Yes', 'Activity 6', NULL, '2019-06-17 07:55:41'), (26, NULL, '30003782', 'Closed', 'IRA ECCO EPR EC01', 'IRA AF', NULL, 'Venezolanos', 2017, 0, 93451, 0, 643, 92808, '2018-02-15', '2018-03-31', 'No', 'Activity 1', NULL, '2019-06-17 07:55:41'), (27, NULL, '1002098411', 'Ongoing', 'NET-C-00102-02', 'SRAC', 11, 'SRAC NET ', 2017, 3438, 45846, 111, 12, 45834, '2019-06-28', '2019-10-10', 'No', 'Activity 7', NULL, '2019-06-17 07:55:41'), (28, NULL, '10031132', 'Closed', 'UK-C00369-05', 'SRAC', NULL, 'UK DFID', 2017, 50374, 1196000, 0, 643, 1195357, '2018-05-31', '2018-07-31', 'No', 'Activity 1', NULL, '2019-06-17 07:55:41'), (29, NULL, '10031132', 'Closed', 'UK-C00369-05', 'SRAC', NULL, 'UK DFID Cambio grant', 2017, 0, 24000, 0, 643, 23357, '2018-05-31', '2018-07-31', 'No', 'Activity 5', NULL, '2019-06-17 07:55:41'), (30, NULL, '10032250', 'Closed', 'NET-C-00140-02', 'SRAC', NULL, 'NET MOFA', 2017, 30516, 500000, 0, 643, 499357, '2018-12-31', '2018-12-31', 'No', 'Activity 1', NULL, '2019-06-17 07:55:41'), (31, NULL, '10032701', 'Ongoing', 'SWE-C-00299-09', 'SRAC', NULL, 'SWEDEN Cambio grant', 2018, 18310, 54000, 0, 643, 53357, '0000-00-00', '0000-00-00', 'No', 'Activity 1', NULL, '2019-06-17 07:55:41'), (32, NULL, '10032701', 'Ongoing', 'SWE-C-00299-09', 'SRAC', NULL, 'SWEDEN Cambio grant', 2018, 0, 246000, 0, 643, 245357, '2019-08-04', '2019-11-22', 'No', 'Activity 5', NULL, '2019-06-17 07:55:41'), (33, NULL, '10033562', 'Ongoing', 'UK -C-00369-06', 'SRAC', 33, 'UK DFID', 2018, 122066, 1040000, 0, 643, 1039357, '2019-05-30', '2019-07-31', 'No', 'Activity 1', NULL, '2019-06-17 07:55:41'), (34, NULL, '70000144', 'Ongoing', '001-C-01692-01', 'UN Adaptation Fund', 22, 'Binacional 2018', 2018, 30155, 753866, 784021, 643, 753223, '2017-11-29', '2022-11-29', 'Yes', 'Activity 6', NULL, '2019-06-17 07:55:41'), (35, NULL, '70000590', 'Closed', '001-C-01692-04', 'UN Adaptation Fund', 1, 'Binacional 2019', 2019, 239076, 5976903, 0, 643, 5976260, '2018-01-01', '2022-11-29', 'Yes', 'Activity 6', NULL, '2019-06-17 07:55:41'), (36, NULL, '12111111', 'Ongoing', '123', '1231', 123, 'test', 2019, 11, 11111, 11122, 0, 0, '2019-09-28', '2019-11-27', 'Yes', '', '2019-09-28 07:59:51', '2019-09-28 08:00:44'), (41, NULL, '1234567890', 'Ongoing', 'tst123', 'DonorX', NULL, 'CommentsX', 2019, 20000, 200000, 0, 0, 0, '2019-11-04', '2019-11-20', 'Yes', '', NULL, '2019-11-13 12:10:36'), (42, NULL, '123123', 'Closed', '123', '123', 123, 'Comment', 2019, 123, 123, 246, 0, 0, '2019-11-14', '2019-11-14', 'Yes', '', '2019-11-14 16:36:18', '2019-11-14 16:36:54');
COMMIT;

-- ----------------------------
-- Table structure for pma_contribuciones_detalle
-- ----------------------------
DROP TABLE IF EXISTS `pma_contribuciones_detalle`;
CREATE TABLE `pma_contribuciones_detalle`  (
  `id` int(11) NOT NULL,
  `id_pma_contribuciones_detalle` int(11) NULL DEFAULT NULL,
  `year` int(4) NULL DEFAULT NULL,
  `so` varchar(4) CHARACTER SET utf8 COLLATE utf8_general_ci NULL DEFAULT NULL,
  `activity` varchar(20) CHARACTER SET utf8 COLLATE utf8_general_ci NULL DEFAULT NULL,
  `total_planned` decimal(10, 0) NULL DEFAULT NULL,
  `total` decimal(10, 0) NULL DEFAULT NULL,
  `doc` decimal(10, 0) NULL DEFAULT NULL,
  `dsc` decimal(10, 0) NULL DEFAULT NULL,
  `adjust` decimal(10, 0) NULL DEFAULT NULL,
  `comment` varchar(200) CHARACTER SET utf8 COLLATE utf8_general_ci NULL DEFAULT NULL,
  `total_adjusted` decimal(10, 0) NULL DEFAULT NULL,
  `fecha_registro` timestamp(0) NULL DEFAULT CURRENT_TIMESTAMP(0),
  `total_grant_q1` int(20) NULL DEFAULT 0,
  `total_grant_q2` int(20) NULL DEFAULT 0,
  `total_grant_q3` int(20) NULL DEFAULT 0,
  `total_grant_q4` int(20) NULL DEFAULT 0,
  `total_grant_prog_doc` int(20) NULL DEFAULT 0,
  `total_grant_prog_dsc` int(20) NULL DEFAULT 0,
  `total_pr_po_doc` int(20) NULL DEFAULT 0,
  `total_actuals_doc` int(20) NULL DEFAULT 0,
  `total_balance_doc` int(20) NULL DEFAULT 0,
  `total_pr_po_dsc` int(20) NULL DEFAULT 0,
  `total_actuals_dsc` int(20) NULL DEFAULT 0,
  `total_grant_balance_dsc` int(20) NULL DEFAULT 0,
  PRIMARY KEY (`id`) USING BTREE
) ENGINE = InnoDB CHARACTER SET = utf8 COLLATE = utf8_general_ci;

-- ----------------------------
-- Records of pma_contribuciones_detalle
-- ----------------------------
BEGIN;
INSERT INTO `pma_contribuciones_detalle` VALUES (1, 1, 2019, '1', '1', 0, 9000, NULL, NULL, NULL, NULL, NULL, '2019-07-26 00:22:43', 0, 0, 0, 0, 0, 0, 0, 0, 0, 0, 0, 0), (2, 1, 2018, '1', '2', 0, 111, NULL, NULL, NULL, NULL, NULL, '2019-08-01 11:45:33', 0, 0, 0, 0, 0, 0, 0, 0, 0, 0, 0, 0), (3, 1, 2017, '2', '1', 0, 1133, NULL, NULL, NULL, NULL, NULL, '2019-08-01 11:53:44', 0, 0, 0, 0, 0, 0, 0, 0, 0, 0, 0, 0), (4, 17, 2018, '1', '1', 0, 0, NULL, NULL, NULL, NULL, NULL, '2019-09-02 03:30:30', 0, 0, 0, 0, 0, 0, 0, 0, 0, 0, 0, 0), (5, 27, 2019, '1', '1', 0, 0, NULL, NULL, NULL, NULL, NULL, '2019-09-18 00:42:55', 0, 0, 0, 0, 0, 0, 0, 0, 0, 0, 0, 0), (6, 1, 2019, '1', '1', 0, 0, NULL, NULL, NULL, NULL, NULL, '2019-09-21 00:14:41', 0, 0, 0, 0, 0, 0, 0, 0, 0, 0, 0, 0), (8, 1, 2019, '1', '1', 1500, 0, NULL, NULL, NULL, NULL, NULL, '2019-09-21 01:23:28', 0, 0, 0, 0, 0, 0, 0, 0, 0, 0, 0, 0), (9, 1, 2019, '1', '2', 5000, 0, NULL, NULL, NULL, NULL, NULL, '2019-09-21 01:23:58', 0, 0, 0, 0, 0, 0, 0, 0, 0, 0, 0, 0), (10, 1, 2016, '1', '1', 10000, 400000, NULL, NULL, NULL, NULL, NULL, '2019-09-29 12:39:45', 0, 0, 0, 0, 0, 0, 0, 0, 0, 0, 0, 0), (11, 2, 2019, '1', '1', 0, 0, NULL, NULL, NULL, NULL, NULL, '2019-10-09 13:55:56', 0, 0, 0, 0, 0, 0, 0, 0, 0, 0, 0, 0), (12, 2, 2019, '3', '4', 0, NULL, NULL, NULL, NULL, NULL, NULL, '2019-10-09 14:19:37', 0, 0, 0, 0, 0, 0, 0, 0, 0, 0, 0, 0), (13, 2, 2017, '2', '2', 1800, 4500, NULL, NULL, NULL, NULL, NULL, '2019-10-09 14:22:06', 0, 0, 0, 0, 0, 0, 0, 0, 0, 0, 0, 0), (14, 3, 2019, '1', '3', 10000, 10000, NULL, NULL, NULL, NULL, NULL, '2019-10-15 11:01:14', 0, 0, 0, 0, 0, 0, 0, 0, 0, 0, 0, 0), (15, 3, 2018, '2', '4', 0, 500, NULL, NULL, NULL, NULL, NULL, '2019-11-14 15:55:06', 0, 0, 0, 0, 0, 0, 0, 0, 0, 0, 0, 0), (16, 42, 2019, '2', '2', 0, NULL, NULL, NULL, NULL, NULL, NULL, '2019-11-14 16:40:04', 0, 0, 0, 0, 0, 0, 0, 0, 0, 0, 0, 0);
COMMIT;

-- ----------------------------
-- Table structure for pma_cost_category
-- ----------------------------
DROP TABLE IF EXISTS `pma_cost_category`;
CREATE TABLE `pma_cost_category`  (
  `id` int(10) NOT NULL AUTO_INCREMENT,
  `nivel` int(11) NULL DEFAULT NULL,
  `description` varchar(255) CHARACTER SET utf8 COLLATE utf8_general_ci NULL DEFAULT NULL,
  `cost` varchar(255) CHARACTER SET utf8 COLLATE utf8_general_ci NULL DEFAULT NULL,
  `parent` int(10) NULL DEFAULT NULL,
  `active` int(2) NULL DEFAULT NULL,
  `create` timestamp(0) NULL DEFAULT CURRENT_TIMESTAMP(0),
  `typecost` varchar(30) CHARACTER SET utf8 COLLATE utf8_general_ci NULL DEFAULT NULL,
  PRIMARY KEY (`id`) USING BTREE
) ENGINE = InnoDB AUTO_INCREMENT = 73 CHARACTER SET = utf8 COLLATE = utf8_general_ci;

-- ----------------------------
-- Records of pma_cost_category
-- ----------------------------
BEGIN;
INSERT INTO `pma_cost_category` VALUES (1, 1, 'Transfer - Food', 'F', NULL, 1, '2019-06-01 00:00:00', NULL), (2, 2, 'Other cost', NULL, 1, 1, '2019-06-01 00:00:00', NULL), (3, 3, 'Food', 'FA', 2, 1, '2019-06-01 00:00:00', NULL), (4, 3, 'Other Food-Related Costs', 'FB', 2, 1, '2019-06-01 00:00:00', NULL), (5, 3, 'External Transport', 'FC', 2, 1, '2019-06-01 00:00:00', NULL), (6, 3, 'In-Country Transport', 'FD', 2, 1, '2019-06-01 00:00:00', NULL), (7, 3, 'Overland Transport', 'FE', 2, 1, '2019-06-01 00:00:00', NULL), (8, 3, 'In-Country Storage', 'FF', 2, 1, '2019-06-01 00:00:00', NULL), (9, 3, 'Overland Storage', 'FG', 2, 1, '2019-06-01 00:00:00', NULL), (10, 3, 'In-Country Port', 'FH', 2, 1, '2019-06-01 00:00:00', NULL), (11, 3, 'Overland Port', 'FI', 2, 1, '2019-06-01 00:00:00', NULL), (12, 3, 'In-Country Supply Chain Management Costs', 'FJ', 2, 1, '2019-06-01 00:00:00', NULL), (13, 3, 'Overland - Supply Chain Management Costs ', 'FK', 2, 1, '2019-06-01 00:00:00', NULL), (14, 3, 'Cooperating Partner Costs', 'FL', 2, 1, '2019-06-01 00:00:00', NULL), (15, 3, 'Cargo preference ', 'FM', 2, 1, '2019-06-01 00:00:00', NULL), (16, 2, 'Staff cost', NULL, 1, 1, '2019-06-01 00:00:00', NULL), (17, 3, 'Food 1', 'FA', 16, 1, '2019-06-01 00:00:00', NULL), (18, 3, 'Other Food-Related Costs', 'FB', 16, 1, '2019-06-01 00:00:00', NULL), (19, 3, 'External Transport', 'FC', 16, 1, '2019-06-01 00:00:00', NULL), (20, 3, 'In-Country Transport', 'FD', 16, 1, '2019-06-01 00:00:00', NULL), (21, 3, 'Overland Transport', 'FE', 16, 1, '2019-06-01 00:00:00', NULL), (22, 3, 'In-Country Storage', 'FF', 16, 1, '2019-06-01 00:00:00', NULL), (23, 3, 'Overland Storage', 'FG', 16, 1, '2019-06-01 00:00:00', NULL), (24, 3, 'In-Country Port', 'FH', 16, 1, '2019-06-01 00:00:00', NULL), (25, 3, 'Overland Port', 'FI', 16, 1, '2019-06-01 00:00:00', NULL), (26, 3, 'In-Country Supply Chain Management Costs', 'FJ', 16, 1, '2019-06-01 00:00:00', NULL), (27, 3, 'Overland - Supply Chain Management Costs ', 'FK', 16, 1, '2019-06-01 00:00:00', NULL), (28, 3, 'Cooperating Partner Costs', 'FL', 16, 1, '2019-06-01 00:00:00', NULL), (29, 3, 'Cargo preference ', 'FM', 16, 1, '2019-06-01 00:00:00', NULL), (30, 1, 'Transfer - CBT & Commodity Voucher', 'C  ', NULL, 1, '2019-06-01 00:00:00', NULL), (31, 2, 'Other cost', NULL, 30, 1, '2019-06-01 00:00:00', NULL), (32, 3, 'CBT & Commodity Voucher', 'CA', 31, 1, '2019-06-01 00:00:00', NULL), (33, 3, 'Delivery costs', 'CB', 31, 1, '2019-06-01 00:00:00', NULL), (34, 3, 'CBT and Commodity Voucher Management cost', 'CC', 31, 1, '2019-06-01 00:00:00', NULL), (35, 3, 'Cooperating Partner Costs', 'CD', 31, 1, '2019-06-01 00:00:00', NULL), (36, 2, 'Staff cost', NULL, 30, 1, '2019-06-01 00:00:00', NULL), (37, 3, 'Delivery costs', 'CB', 36, 1, '2019-06-01 00:00:00', NULL), (38, 3, 'CBT and Commodity Voucher Management cost', 'CC', 36, 1, '2019-06-01 00:00:00', NULL), (39, 3, 'Cooperating Partner Costs', 'CD', 36, 1, '2019-06-01 00:00:00', NULL), (40, 1, 'Transfer - Capacity Strengthening', 'S', NULL, 1, '2019-06-01 00:00:00', NULL), (41, 2, 'Other cost', NULL, 40, 1, '2019-06-01 00:00:00', NULL), (42, 3, 'Capacity Strengthening', 'SA', 41, 1, '2019-06-01 00:00:00', NULL), (43, 3, 'Cooperating Partner Costs', 'SB', 41, 1, '2019-06-01 00:00:00', NULL), (44, 2, 'Staff cost', NULL, 40, 1, '2019-06-01 00:00:00', NULL), (45, 3, 'Capacity Strengthening', 'SA', 44, 1, '2019-06-01 00:00:00', NULL), (46, 3, 'Cooperating Partner Costs', 'SB', 44, 1, '2019-06-01 00:00:00', NULL), (47, 1, 'Transfer - Service Delivery', 'D', NULL, 1, '2019-06-01 00:00:00', NULL), (48, 2, 'Other cost', NULL, 47, 1, '2019-06-01 00:00:00', NULL), (49, 3, 'Service Delivery', 'DA', 48, 1, '2019-06-01 00:00:00', NULL), (50, 3, 'Cooperating Partner Costs', 'DB', 48, 1, '2019-06-01 00:00:00', NULL), (51, 2, 'Salary cost', NULL, 47, 1, '2019-06-01 00:00:00', NULL), (52, 1, 'Implementation', 'I', NULL, 1, '2019-06-01 00:00:00', NULL), (53, 2, 'Other cost', NULL, 52, 1, '2019-06-01 00:00:00', NULL), (54, 3, 'Activity management costs', 'IA', 53, 1, '2019-06-01 00:00:00', NULL), (55, 2, 'Staff cost', NULL, 52, 1, '2019-06-01 00:00:00', NULL), (56, 3, 'Activity management costs', 'IA', 55, 1, '2019-06-01 00:00:00', NULL), (57, 1, 'DSC', 'A', NULL, 1, '2019-06-01 00:00:00', NULL), (58, 2, 'Other cost', NULL, 57, 1, '2019-08-26 08:54:56', NULL), (59, 3, 'DSC', 'AA', 58, 1, '2019-06-01 00:00:00', NULL), (60, 3, 'Assessments Costs', 'AB', 58, 1, '2019-06-01 00:00:00', NULL), (61, 3, 'Evaluation Costs', 'AC', 58, 1, '2019-06-01 00:00:00', NULL), (62, 2, 'Staff cost', NULL, 57, 1, '2019-08-26 08:54:56', NULL), (63, 3, 'DSC', 'AA', 62, 1, '2019-06-01 00:00:00', NULL), (64, 3, 'Assessments Costs', 'AB', 62, 1, '2019-06-01 00:00:00', NULL), (65, 3, 'Evaluation Costs', 'AC', 62, 1, '2019-06-01 00:00:00', NULL), (66, 4, 'Recurring cost', NULL, NULL, 1, '2019-08-26 08:14:03', NULL), (67, 5, 'Office management CO', NULL, 66, 1, '2019-08-26 08:14:03', NULL), (68, 5, 'Office management SO', NULL, 66, 1, '2019-08-26 08:14:03', NULL), (69, 5, 'Travel ', NULL, 66, 1, '2019-08-26 08:14:03', NULL), (70, 5, 'Other staff cost', NULL, 66, 1, '2019-08-26 08:14:03', NULL), (71, 4, 'Programme cost', NULL, NULL, 1, '2019-08-26 08:59:23', NULL), (72, 5, 'Ingreso manual de descripción de actividad', '', 71, 1, '2019-06-01 00:00:00', NULL);
COMMIT;

-- ----------------------------
-- Table structure for pma_costos_macro
-- ----------------------------
DROP TABLE IF EXISTS `pma_costos_macro`;
CREATE TABLE `pma_costos_macro`  (
  `id` int(11) NOT NULL AUTO_INCREMENT,
  `id_pma_costos_macro` int(11) NULL DEFAULT NULL,
  `cost_code` varchar(100) CHARACTER SET utf8 COLLATE utf8_general_ci NULL DEFAULT NULL,
  `total` decimal(10, 0) NULL DEFAULT NULL,
  `fecha_registro` date NULL DEFAULT NULL,
  `doc` decimal(10, 0) NULL DEFAULT NULL,
  `dsc` decimal(10, 0) NULL DEFAULT NULL,
  `adjust` decimal(10, 0) NULL DEFAULT NULL,
  `comment` varchar(100) CHARACTER SET utf8 COLLATE utf8_general_ci NULL DEFAULT NULL,
  `total_adjusted` decimal(10, 0) NULL DEFAULT NULL,
  PRIMARY KEY (`id`) USING BTREE
) ENGINE = InnoDB AUTO_INCREMENT = 42 CHARACTER SET = utf8 COLLATE = utf8_general_ci;

-- ----------------------------
-- Records of pma_costos_macro
-- ----------------------------
BEGIN;
INSERT INTO `pma_costos_macro` VALUES (22, 4, '40', NULL, '2019-09-04', NULL, NULL, NULL, ' ', NULL), (23, 4, '30', NULL, '2019-09-04', NULL, NULL, NULL, ' ', NULL), (24, 4, '52', NULL, '2019-09-04', NULL, NULL, NULL, ' ', NULL), (25, 4, '57', NULL, '2019-09-04', NULL, NULL, NULL, ' ', NULL), (27, 10, '30', 400000, '2019-09-05', NULL, NULL, NULL, ' ', 400000), (29, 1, '30', 4000, '2019-09-18', NULL, NULL, NULL, ' ', 4000), (30, 3, '30', 1133, '2019-09-18', NULL, NULL, NULL, ' ', 1133), (31, 2, '40', 111, '2019-09-18', NULL, NULL, NULL, ' ', 111), (32, 1, '1', 5000, '2019-09-21', 0, 0, 0, ' ', 5000), (33, 0, '1', 10000, '2019-09-29', 0, 0, 0, ' ', 10000), (34, 14, '30', 5000, '2019-10-15', NULL, NULL, -2000, ' ', 3000), (35, 14, '1', 4000, '2019-10-15', NULL, NULL, NULL, ' ', 4000), (36, 14, '52', 500, '2019-10-15', NULL, NULL, 1000, ' ', 1500), (37, 14, '47', 500, '2019-10-15', NULL, NULL, 1000, ' ', 1500), (38, 0, '30', 3000, '2019-11-14', NULL, NULL, 5000, '-', 8000), (39, 15, '47', 200, '2019-11-14', NULL, NULL, 300, '1', 500), (40, 13, '30', 2300, '2019-11-14', NULL, NULL, 200, ' ', 2500), (41, 13, '40', 1500, '2019-11-14', NULL, NULL, 500, ' comm', 2000);
COMMIT;

-- ----------------------------
-- Table structure for pma_costos_micro
-- ----------------------------
DROP TABLE IF EXISTS `pma_costos_micro`;
CREATE TABLE `pma_costos_micro`  (
  `id` int(11) NOT NULL AUTO_INCREMENT,
  `id_pma_costos_micro` int(11) NULL DEFAULT NULL,
  `cost_code2` int(11) NULL DEFAULT NULL,
  `cost_code3` int(11) NULL DEFAULT NULL,
  `cost_code4` int(11) NULL DEFAULT NULL,
  `cost_code5` int(11) NULL DEFAULT NULL,
  `cost_code_micro` varchar(100) CHARACTER SET latin1 COLLATE latin1_swedish_ci NULL DEFAULT NULL,
  `adjust` int(11) NULL DEFAULT NULL,
  `total_after_adjust` int(11) NULL DEFAULT NULL,
  `description_micro` varchar(100) CHARACTER SET latin1 COLLATE latin1_swedish_ci NULL DEFAULT NULL,
  `total_micro` decimal(10, 0) NULL DEFAULT NULL,
  `glcode` varchar(20) CHARACTER SET latin1 COLLATE latin1_swedish_ci NULL DEFAULT NULL,
  `glcode1` varchar(20) CHARACTER SET latin1 COLLATE latin1_swedish_ci NULL DEFAULT NULL,
  `glcode2` varchar(20) CHARACTER SET latin1 COLLATE latin1_swedish_ci NULL DEFAULT NULL,
  `gl_description` varchar(255) CHARACTER SET latin1 COLLATE latin1_swedish_ci NULL DEFAULT NULL,
  PRIMARY KEY (`id`) USING BTREE
) ENGINE = MyISAM AUTO_INCREMENT = 38 CHARACTER SET = latin1 COLLATE = latin1_swedish_ci;

-- ----------------------------
-- Records of pma_costos_micro
-- ----------------------------
BEGIN;
INSERT INTO `pma_costos_micro` VALUES (1, 1, NULL, NULL, NULL, NULL, '1', 0, 1, 'Taller 1', 1000, NULL, NULL, NULL, NULL), (2, 1, 2, 4, NULL, NULL, '1', 0, 1, 'Taller 2', 8000, NULL, NULL, NULL, NULL), (3, 2, 16, 29, NULL, NULL, '1', 0, 1, 'Taler Costa', 5000, NULL, NULL, NULL, NULL), (4, 2, 16, 18, NULL, NULL, '1', 0, 1, 'Taller Oriente', 5000, NULL, NULL, NULL, NULL), (5, 2, 16, 17, NULL, NULL, '1', 0, 1, 'Taller Galápagos', 11000, NULL, NULL, NULL, NULL), (6, NULL, 1, 1, 1, 1, NULL, 0, 0, '', 0, NULL, NULL, NULL, NULL), (7, NULL, 1, 1, 1, 1, NULL, 0, 0, '', 0, NULL, NULL, NULL, NULL), (8, NULL, 1, 1, 1, 1, NULL, 0, 0, '', 0, NULL, NULL, NULL, NULL), (9, 2, 1, 1, 1, 1, NULL, 0, 0, '', 0, NULL, NULL, NULL, NULL), (10, 2, 48, 1, 1, 1, NULL, 0, 0, '', 0, NULL, NULL, NULL, NULL), (11, 2, 2, 1, 1, 1, NULL, 0, 0, '', 0, NULL, NULL, NULL, NULL), (12, 2, 31, 33, 1, 1, NULL, 0, 0, '', 0, NULL, NULL, NULL, NULL), (13, 2, 36, 38, 1, 1, NULL, 0, 0, '', 0, NULL, NULL, NULL, NULL), (14, 2, 51, 1, 1, 1, NULL, 0, 0, '', 0, NULL, NULL, NULL, NULL), (15, 2, 16, 18, 1, 1, NULL, 0, 1, '', 1, NULL, NULL, NULL, NULL), (16, 2, 48, 49, 1, 1, NULL, 0, 22, '', 11, NULL, NULL, NULL, NULL), (17, 2, 36, 37, 1, 1, NULL, 0, 1, '', 1, NULL, NULL, NULL, NULL), (18, 2, 2, 3, 66, 68, NULL, 0, 131, 's1', 131, NULL, NULL, NULL, NULL), (21, 13, 2, 3, 71, 72, NULL, 0, 300, ' afsf', 300, '2', NULL, NULL, NULL), (22, 12, 53, 54, 1, 1, NULL, 0, 1000, '', 1000, NULL, NULL, NULL, NULL), (23, 26, 58, 59, 66, 67, NULL, NULL, 24000, 'Arriendo CITIMED', 24000, NULL, NULL, NULL, NULL), (24, 26, 62, 63, 71, 72, NULL, 500, 12500, 'Consultoría medios de vida', 12000, NULL, NULL, NULL, NULL), (25, 21, 31, 32, 71, 72, NULL, NULL, 30000, 'Talleres mujeres rurales', 30000, NULL, NULL, NULL, NULL), (26, 21, 1, 1, 1, 1, NULL, NULL, 0, 'Taller MR', 0, NULL, NULL, NULL, NULL), (27, 13, 2, 4, 71, 72, NULL, 0, 300, 'test', 300, '199', NULL, NULL, NULL), (28, 13, 16, 19, 71, 72, NULL, 1111, 1411, 'tes1ss', 300, '211', NULL, NULL, NULL), (29, 14, 31, 33, 1, 1, NULL, 0, 0, '', 0, '498', NULL, NULL, NULL), (30, 31, 41, 42, 1, 1, NULL, NULL, 0, '', 0, '1', NULL, NULL, NULL), (31, 29, 1, 1, 1, 1, NULL, 0, 0, '', 0, '1', NULL, NULL, NULL), (32, 37, 48, 50, 66, 68, NULL, -500, 1500, 'desc', 2000, '1', NULL, NULL, NULL), (33, 30, 31, 0, 1, 1, NULL, NULL, 0, '', 0, '1', NULL, NULL, NULL), (34, 0, 48, 1, 1, 1, NULL, NULL, 0, '', 0, '1', NULL, NULL, NULL), (35, 35, 16, 26, 66, 67, NULL, 2000, 10000, 'hq cost', 8000, '1', '1', '1', NULL), (36, 41, 1, 1, 1, 1, NULL, 0, 0, '', 0, '1', NULL, NULL, NULL), (37, 27, 36, 38, 66, 70, NULL, NULL, 0, '', 0, '538', '', '', '');
COMMIT;

-- ----------------------------
-- Table structure for pma_costos_micro_detalle
-- ----------------------------
DROP TABLE IF EXISTS `pma_costos_micro_detalle`;
CREATE TABLE `pma_costos_micro_detalle`  (
  `id` int(11) NOT NULL AUTO_INCREMENT,
  `id_pma_costos_micro` int(11) NULL DEFAULT NULL,
  `total` decimal(10, 0) NULL DEFAULT NULL,
  `adjust` decimal(10, 0) NULL DEFAULT NULL,
  `comment` varchar(255) CHARACTER SET utf32 COLLATE utf32_bin NULL DEFAULT NULL,
  `total_adjusted` decimal(10, 0) NULL DEFAULT NULL,
  `fecha_registro` date NULL DEFAULT NULL,
  PRIMARY KEY (`id`) USING BTREE
) ENGINE = InnoDB AUTO_INCREMENT = 12 CHARACTER SET = utf32 COLLATE = utf32_bin;

-- ----------------------------
-- Records of pma_costos_micro_detalle
-- ----------------------------
BEGIN;
INSERT INTO `pma_costos_micro_detalle` VALUES (1, 50, 100, 100, '0', 0, '2019-10-28'), (2, 50, 5, 0, '0', 0, '2019-10-28'), (3, 26, 20, 120, '0', 0, '2019-11-04'), (4, 26, 10, 20, '0', 0, '2019-11-04'), (5, 26, 20, 10, '0', 0, '2019-11-04'), (6, 26, 10, 5, '0', 0, '2019-11-04'), (7, 26, 5, 0, '0', 0, '2019-11-04'), (8, 26, 5, 10, '0', 0, '2019-11-04'), (9, 35, 3, 3, '3', 0, '2019-11-05'), (10, 35, 2, 0, '3', 0, '2019-11-07'), (11, 27, 22, 22, '22', 44, '2019-11-14');
COMMIT;

-- ----------------------------
-- Table structure for pma_gl_codes
-- ----------------------------
DROP TABLE IF EXISTS `pma_gl_codes`;
CREATE TABLE `pma_gl_codes`  (
  `id` int(10) UNSIGNED NOT NULL AUTO_INCREMENT,
  `id_gl_codes` varchar(100) CHARACTER SET utf8 COLLATE utf8_general_ci NOT NULL,
  `commitment_code` varchar(100) CHARACTER SET utf8 COLLATE utf8_general_ci NULL DEFAULT NULL,
  `commitment_description` varchar(100) CHARACTER SET utf8 COLLATE utf8_general_ci NULL DEFAULT NULL,
  `cost_type1` varchar(100) CHARACTER SET utf8 COLLATE utf8_general_ci NULL DEFAULT NULL,
  `cost_type2` varchar(100) CHARACTER SET utf8 COLLATE utf8_general_ci NULL DEFAULT NULL,
  `type` varchar(100) CHARACTER SET utf8 COLLATE utf8_general_ci NULL DEFAULT NULL,
  `cost_category` varchar(100) CHARACTER SET utf8 COLLATE utf8_general_ci NULL DEFAULT NULL,
  `availability_type` varchar(100) CHARACTER SET utf8 COLLATE utf8_general_ci NULL DEFAULT NULL,
  `gl_account` varchar(100) CHARACTER SET utf8 COLLATE utf8_general_ci NULL DEFAULT NULL,
  `gl_description` varchar(100) CHARACTER SET utf8 COLLATE utf8_general_ci NULL DEFAULT NULL,
  `cbp_cost_category` varchar(100) CHARACTER SET utf8 COLLATE utf8_general_ci NULL DEFAULT NULL,
  PRIMARY KEY (`id`) USING BTREE
) ENGINE = InnoDB AUTO_INCREMENT = 1390 CHARACTER SET = utf8 COLLATE = utf8_general_ci;

-- ----------------------------
-- Records of pma_gl_codes
-- ----------------------------
BEGIN;
INSERT INTO `pma_gl_codes` VALUES (1, '', 'EFA12600400', 'FTV Expense Commodities Other', NULL, NULL, 'E', 'FA', '1', '2600400', 'Expense Commodities Other', 'Food'), (2, '', 'EFA1500100', 'FTV CASH CER CEREALS AND GRAINS', NULL, NULL, 'E', 'FA', '1', '500100', 'CER CEREALS AND GRAINS', 'Food'), (3, '', 'EFA1500101', 'FTV CASH CER BARLEY', NULL, NULL, 'E', 'FA', '1', '500101', 'CER BARLEY', 'Food'), (4, '', 'EFA1500102', 'FTV CASH CER BREAD', NULL, NULL, 'E', 'FA', '1', '500102', 'CER BREAD', 'Food'), (5, '', 'EFA1500103', 'FTV CASH CER BUCKWHEAT', NULL, NULL, 'E', 'FA', '1', '500103', 'CER BUCKWHEAT', 'Food'), (6, '', 'EFA1500104', 'FTV CASH CER BULGUR WHEAT', NULL, NULL, 'E', 'FA', '1', '500104', 'CER BULGUR WHEAT', 'Food'), (7, '', 'EFA1500105', 'FTV CASH CER MAIZE', NULL, NULL, 'E', 'FA', '1', '500105', 'CER MAIZE', 'Food'), (8, '', 'EFA1500106', 'FTV CASH CER MAIZE MEAL', NULL, NULL, 'E', 'FA', '1', '500106', 'CER MAIZE MEAL', 'Food'), (9, '', 'EFA1500107', 'FTV CASH CER OAT', NULL, NULL, 'E', 'FA', '1', '500107', 'CER OAT', 'Food'), (10, '', 'EFA1500108', 'FTV CASH CER PASTA', NULL, NULL, 'E', 'FA', '1', '500108', 'CER PASTA', 'Food'), (11, '', 'EFA1500109', 'FTV CASH CER QUINUA', NULL, NULL, 'E', 'FA', '1', '500109', 'CER QUINUA', 'Food'), (12, '', 'EFA1500110', 'FTV CASH CER RICE', NULL, NULL, 'E', 'FA', '1', '500110', 'CER RICE', 'Food'), (13, '', 'EFA1500111', 'FTV CASH CER SORGHUM/MILLET', NULL, NULL, 'E', 'FA', '1', '500111', 'CER SORGHUM/MILLET', 'Food'), (14, '', 'EFA1500112', 'FTV CASH CER SOYA-FORTIFIED MAIZE MEAL', NULL, NULL, 'E', 'FA', '1', '500112', 'CER SOYA-FORTIFIED MAIZE MEAL', 'Food'), (15, '', 'EFA1500113', 'FTV CASH CER WHEAT', NULL, NULL, 'E', 'FA', '1', '500113', 'CER WHEAT', 'Food'), (16, '', 'EFA1500115', 'FTV CASH CER WHEAT FLOUR', NULL, NULL, 'E', 'FA', '1', '500115', 'CER WHEAT FLOUR', 'Food'), (17, '', 'EFA1500200', 'FTV CASH BEV BEVERAGES', NULL, NULL, 'E', 'FA', '1', '500200', 'BEV BEVERAGES', 'Food'), (18, '', 'EFA1500201', 'FTV CASH BEV BLACK TEA', NULL, NULL, 'E', 'FA', '1', '500201', 'BEV BLACK TEA', 'Food'), (19, '', 'EFA1500202', 'FTV CASH BEV COFFEE', NULL, NULL, 'E', 'FA', '1', '500202', 'BEV COFFEE', 'Food'), (20, '', 'EFA1500203', 'FTV CASH BEV FRUIT JUICE', NULL, NULL, 'E', 'FA', '1', '500203', 'BEV FRUIT JUICE', 'Food'), (21, '', 'EFA1500204', 'FTV CASH BEV MINERAL WATER', NULL, NULL, 'E', 'FA', '1', '500204', 'BEV MINERAL WATER', 'Food'), (22, '', 'EFA1500205', 'FTV CASH BEVERAGE MIX', NULL, NULL, 'E', 'FA', '1', '500205', 'BEV BEVERAGE MIX', 'Food'), (23, '', 'EFA1500250', 'FTV CASH DAI DAIRY PRODUCTS', NULL, NULL, 'E', 'FA', '1', '500250', 'DAI DAIRY PRODUCTS', 'Food'), (24, '', 'EFA1500251', 'FTV CASH DAI CHEESE', NULL, NULL, 'E', 'FA', '1', '500251', 'DAI CHEESE', 'Food'), (25, '', 'EFA1500252', 'FTV CASH DAI DRIED WHOLE MILK', NULL, NULL, 'E', 'FA', '1', '500252', 'DAI DRIED WHOLE MILK', 'Food'), (26, '', 'EFA1500253', 'FTV CASH DAI ENRICHED DRIED SKIMMED MILK', NULL, NULL, 'E', 'FA', '1', '500253', 'DAI ENRICHED DRIED SKIMMED MILK', 'Food'), (27, '', 'EFA1500254', 'FTV CASH DAI INFANT FORMULA', NULL, NULL, 'E', 'FA', '1', '500254', 'DAI INFANT FORMULA', 'Food'), (28, '', 'EFA1500255', 'FTV CASH DAI PLAIN DRIED SKIMMED MILK', NULL, NULL, 'E', 'FA', '1', '500255', 'DAI PLAIN DRIED SKIMMED MILK', 'Food'), (29, '', 'EFA1500256', 'FTV CASH DAI THERAPEUTIC MILK', NULL, NULL, 'E', 'FA', '1', '500256', 'DAI THERAPEUTIC MILK', 'Food'), (30, '', 'EFA1500257', 'FTV CASH DAI UHT MILK', NULL, NULL, 'E', 'FA', '1', '500257', 'DAI UHT MILK', 'Food'), (31, '', 'EFA1500300', 'FTV CASH FRU FRUIT AND NUTS', NULL, NULL, 'E', 'FA', '1', '500300', 'FRU FRUIT AND NUTS', 'Food'), (32, '', 'EFA1500301', 'FTV CASH FRU DRIED FRUITS', NULL, NULL, 'E', 'FA', '1', '500301', 'FRU DRIED FRUITS', 'Food'), (33, '', 'EFA1500302', 'FTV CASH FRU Date Paste', NULL, NULL, 'E', 'FA', '1', '500302', 'FRU Date Paste', 'Food'), (34, '', 'EFA1500303', 'FTV CASH FRU Freshs Fruit', NULL, NULL, 'E', 'FA', '1', '500303', 'FRU FRESH FRUITS', 'Food'), (35, '', 'EFA1500350', 'FTV CASH FSH FISH', NULL, NULL, 'E', 'FA', '1', '500350', 'FSH FISH', 'Food'), (36, '', 'EFA1500351', 'FTV CASH FSH CANNED FISH', NULL, NULL, 'E', 'FA', '1', '500351', 'FSH CANNED FISH', 'Food'), (37, '', 'EFA1500352', 'FTV CASH FSH DRIED FISH', NULL, NULL, 'E', 'FA', '1', '500352', 'FSH DRIED FISH', 'Food'), (38, '', 'EFA1500400', 'FTV CASH MEA MEAT', NULL, NULL, 'E', 'FA', '1', '500400', 'MEA MEAT', 'Food'), (39, '', 'EFA1500401', 'FTV CASH MEA CANNED BEEF', NULL, NULL, 'E', 'FA', '1', '500401', 'MEA CANNED BEEF', 'Food'), (40, '', 'EFA1500402', 'FTV CASH MEA CANNED CHICKEN', NULL, NULL, 'E', 'FA', '1', '500402', 'MEA CANNED CHICKEN', 'Food'), (41, '', 'EFA1500403', 'FTV CASH MEA CANNED MEAT', NULL, NULL, 'E', 'FA', '1', '500403', 'MEA CANNED MEAT', 'Food'), (42, '', 'EFA1500404', 'FTV CASH MEA MEAT FRESH', NULL, NULL, 'E', 'FA', '1', '500404', 'MEA MEAT FRESH', 'Food'), (43, '', 'EFA1500450', 'FTV CASH MIX MIXED AND BLENDED FOODS', NULL, NULL, 'E', 'FA', '1', '500450', 'MIX MIXED AND BLENDED FOODS', 'Food'), (44, '', 'EFA1500451', 'FTV CASH MIX BISCUITS', NULL, NULL, 'E', 'FA', '1', '500451', 'MIX BISCUITS', 'Food'), (45, '', 'EFA1500452', 'FTV CASH MIX BP5 EMERGENCY RATIONS', NULL, NULL, 'E', 'FA', '1', '500452', 'MIX BP5 EMERGENCY RATIONS', 'Food'), (46, '', 'EFA1500453', 'FTV CASH MIX CORN-SOYA BLEND (CSB)', NULL, NULL, 'E', 'FA', '1', '500453', 'MIX CORN-SOYA BLEND (CSB)', 'Food'), (47, '', 'EFA1500454', 'FTV CASH MIX FAFFA', NULL, NULL, 'E', 'FA', '1', '500454', 'MIX FAFFA', 'Food'), (48, '', 'EFA1500455', 'FTV CASH MIX INKA MIX', NULL, NULL, 'E', 'FA', '1', '500455', 'MIX INKA MIX', 'Food'), (49, '', 'EFA1500456', 'FTV CASH MIX LIKUNI PHALA', NULL, NULL, 'E', 'FA', '1', '500456', 'MIX LIKUNI PHALA', 'Food'), (50, '', 'EFA1500457', 'FTV CASH MIX VITACEREAL', NULL, NULL, 'E', 'FA', '1', '500457', 'MIX VITACEREAL', 'Food'), (51, '', 'EFA1500458', 'FTV CASH MIX CORN-SOYA MILK (CSM)', NULL, NULL, 'E', 'FA', '1', '500458', 'MIX CORN-SOYA MILK (CSM)', 'Food'), (52, '', 'EFA1500459', 'FTV CASH MIX WHEAT-SOYA BLEND (WSB)', NULL, NULL, 'E', 'FA', '1', '500459', 'MIX WHEAT-SOYA BLEND (WSB)', 'Food'), (53, '', 'EFA1500460', 'FTV CASH MIX INDIAMIX', NULL, NULL, 'E', 'FA', '1', '500460', 'MIX INDIAMIX', 'Food'), (54, '', 'EFA1500461', 'FTV CASH MIX HIGH ENERGY BISCUITS', NULL, NULL, 'E', 'FA', '1', '500461', 'MIX HIGH ENERGY BISCUITS', 'Food'), (55, '', 'EFA1500462', 'FTV CASH MIX HIGH ENERGY SUPPLEMENTS', NULL, NULL, 'E', 'FA', '1', '500462', 'MIX HIGH ENERGY SUPPLEMENTS', 'Food'), (56, '', 'EFA1500463', 'FTV CASH MIX LACTO-SOYA BLEND', NULL, NULL, 'E', 'FA', '1', '500463', 'MIX LACTO-SOYA BLEND', 'Food'), (57, '', 'EFA1500464', 'FTV CASH MIX PEA WHEAT BLENDED', NULL, NULL, 'E', 'FA', '1', '500464', 'MIX PEA WHEAT BLENDED', 'Food'), (58, '', 'EFA1500465', 'FTV CASH MIX RICE SOYA BLEND', NULL, NULL, 'E', 'FA', '1', '500465', 'MIX RICE SOYA BLEND', 'Food'), (59, '', 'EFA1500466', 'FTV CASH MIX WHEAT-SOYA MILK (WSM)', NULL, NULL, 'E', 'FA', '1', '500466', 'MIX WHEAT-SOYA MILK (WSM)', 'Food'), (60, '', 'EFA1500467', 'FTV CASH MIX READY TO USE SUPPLEMENTARY FOOD', NULL, NULL, 'E', 'FA', '1', '500467', 'MIX READY TO USE SUPPLEMENTARY FOOD', 'Food'), (61, '', 'EFA1500468', 'FTV CASH MIX READY TO USE THERAPEUTIC FOOD', NULL, NULL, 'E', 'FA', '1', '500468', 'MIX READY TO USE THERAPEUTIC FOOD', 'Food'), (62, '', 'EFA1500500', 'FTV CASH MSC MISCELLANEOUS', NULL, NULL, 'E', 'FA', '1', '500500', 'MSC MISCELLANEOUS', 'Food'), (63, '', 'EFA1500501', 'FTV CASH MSC API', NULL, NULL, 'E', 'FA', '1', '500501', 'MSC API', 'Food'), (64, '', 'EFA1500502', 'FTV CASH MSC HALAWA', NULL, NULL, 'E', 'FA', '1', '500502', 'MSC HALAWA', 'Food'), (65, '', 'EFA1500503', 'FTV CASH MSC IODISED SALT', NULL, NULL, 'E', 'FA', '1', '500503', 'MSC IODISED SALT', 'Food'), (66, '', 'EFA1500504', 'FTV CASH MSC NUTS', NULL, NULL, 'E', 'FA', '1', '500504', 'MSC NUTS', 'Food'), (67, '', 'EFA1500505', 'FTV CASH MSC SUGAR', NULL, NULL, 'E', 'FA', '1', '500505', 'MSC SUGAR', 'Food'), (68, '', 'EFA1500506', 'FTV CASH MSC Micronutrition Powder', NULL, NULL, 'E', 'FA', '1', '500506', 'MSC Micronutrition Powder', 'Food'), (69, '', 'EFA1500507', 'FTV CASH MSC YEAST', NULL, NULL, 'E', 'FA', '1', '500507', 'MSC YEAST', 'Food'), (70, '', 'EFA1500508', 'FTV CASH MSC Micronutrient Tablets', NULL, NULL, 'E', 'FA', '1', '500508', 'MSC Micronutrient Tablets', 'Food'), (71, '', 'EFA1500509', 'FTV CASH MSC SPICES', NULL, NULL, 'E', 'FA', '1', '500509', 'MSC SPICES', 'Food'), (72, '', 'EFA1500510', 'FTV CASH MSC CRACKERS', NULL, NULL, 'E', 'FA', '1', '500510', 'MSC CRACKERS', 'Food'), (73, '', 'EFA1500511', 'FTV CASH MSC TOMATO', NULL, NULL, 'E', 'FA', '1', '500511', 'MSC TOMATO', 'Food'), (74, '', 'EFA1500512', 'FTV CASH MSC STARCH', NULL, NULL, 'E', 'FA', '1', '500512', 'MSC STARCH', 'Food'), (75, '', 'EFA1500513', 'FTV CASH MSC EGGS', NULL, NULL, 'E', 'FA', '1', '500513', 'MSC EGGS', 'Food'), (76, '', 'EFA1500550', 'FTV CASH OIL OILS AND FATS', NULL, NULL, 'E', 'FA', '1', '500550', 'OIL OILS AND FATS', 'Food'), (77, '', 'EFA1500551', 'FTV CASH OIL BUTTER OIL', NULL, NULL, 'E', 'FA', '1', '500551', 'OIL BUTTER OIL', 'Food'), (78, '', 'EFA1500552', 'FTV CASH OIL GHEE', NULL, NULL, 'E', 'FA', '1', '500552', 'OIL GHEE', 'Food'), (79, '', 'EFA1500553', 'FTV CASH OIL OLIVE OIL', NULL, NULL, 'E', 'FA', '1', '500553', 'OIL OLIVE OIL', 'Food'), (80, '', 'EFA1500554', 'FTV CASH OIL VEGETABLE OIL', NULL, NULL, 'E', 'FA', '1', '500554', 'OIL VEGETABLE OIL', 'Food'), (81, '', 'EFA1500560', 'FTV CASH NUT PEANUT BUTTER', NULL, NULL, 'E', 'FA', '1', '500560', 'NUT PEANUT BUTTER', 'Food'), (82, '', 'EFA1500600', 'FTV CASH PPF PRE-PACKAGED FOOD PARCELS', NULL, NULL, 'E', 'FA', '1', '500600', 'PPF PRE-PACKAGED FOOD PARCELS', 'Food'), (83, '', 'EFA1500601', 'FTV CASH PPF RATIONS', NULL, NULL, 'E', 'FA', '1', '500601', 'PPF RATIONS', 'Food'), (84, '', 'EFA1500650', 'FTV CASH TUB ROOTS AND TUBERS', NULL, NULL, 'E', 'FA', '1', '500650', 'TUB ROOTS AND TUBERS', 'Food'), (85, '', 'EFA1500651', 'FTV CASH TUB CASSAVA FLOUR', NULL, NULL, 'E', 'FA', '1', '500651', 'TUB CASSAVA FLOUR', 'Food'), (86, '', 'EFA1500652', 'FTV CASH TUB POTATO FLAKES/GRANULES', NULL, NULL, 'E', 'FA', '1', '500652', 'TUB POTATO FLAKES/GRANULES', 'Food'), (87, '', 'EFA1500653', 'FTV CASH FRESH TUBERS', NULL, NULL, 'E', 'FA', '1', '500653', 'TUB FRESH TUBERS', 'Food'), (88, '', 'EFA1500700', 'FTV CASH PUL PULSES AND VEGETABLES', NULL, NULL, 'E', 'FA', '1', '500700', 'PUL PULSES AND VEGETABLES', 'Food'), (89, '', 'EFA1500701', 'FTV CASH PUL BEANS', NULL, NULL, 'E', 'FA', '1', '500701', 'PUL BEANS', 'Food'), (90, '', 'EFA1500702', 'FTV CASH PUL CANNED PULSES', NULL, NULL, 'E', 'FA', '1', '500702', 'PUL CANNED PULSES', 'Food'), (91, '', 'EFA1500703', 'FTV CASH PUL CANNED VEGETABLES', NULL, NULL, 'E', 'FA', '1', '500703', 'PUL CANNED VEGETABLES', 'Food'), (92, '', 'EFA1500704', 'FTV CASH PUL LENTILS', NULL, NULL, 'E', 'FA', '1', '500704', 'PUL LENTILS', 'Food'), (93, '', 'EFA1500705', 'FTV CASH PUL PEAS', NULL, NULL, 'E', 'FA', '1', '500705', 'PUL PEAS', 'Food'), (94, '', 'EFA1500706', 'FTV CASH PUL SPLIT PEAS', NULL, NULL, 'E', 'FA', '1', '500706', 'PUL SPLIT PEAS', 'Food'), (95, '', 'EFA1500707', 'FTV CASH PUL TEXTURED SOY PROTEIN', NULL, NULL, 'E', 'FA', '1', '500707', 'PUL TEXTURED SOY PROTEIN', 'Food'), (96, '', 'EFA1500708', 'FTV CASH PUL SPLIT LENTILS', NULL, NULL, 'E', 'FA', '1', '500708', 'PUL SPLIT LENTILS', 'Food'), (97, '', 'EFA1500709', 'FTV CASH PUL CHICK PEAS', NULL, NULL, 'E', 'FA', '1', '500709', 'PUL CHICK PEAS', 'Food'), (98, '', 'EFA1500710', 'FTV CASH PUL VEGETABLES FRESH', NULL, NULL, 'E', 'FA', '1', '500710', 'PUL VEGETABLES FRESH', 'Food'), (99, '', 'EFA2500100', 'FTV_IK CER CEREALS AND GRAINS', NULL, NULL, 'E', 'FA', '2', '500100', 'CER CEREALS AND GRAINS', 'Food'), (100, '', 'EFA2500101', 'FTV_IK CER BARLEY', NULL, NULL, 'E', 'FA', '2', '500101', 'CER BARLEY', 'Food'), (101, '', 'EFA2500102', 'FTV_IK CER BREAD', NULL, NULL, 'E', 'FA', '2', '500102', 'CER BREAD', 'Food'), (102, '', 'EFA2500103', 'FTV_IK CER BUCKWHEAT', NULL, NULL, 'E', 'FA', '2', '500103', 'CER BUCKWHEAT', 'Food'), (103, '', 'EFA2500104', 'FTV_IK CER BULGUR WHEAT', NULL, NULL, 'E', 'FA', '2', '500104', 'CER BULGUR WHEAT', 'Food'), (104, '', 'EFA2500105', 'FTV_IK CER MAIZE', NULL, NULL, 'E', 'FA', '2', '500105', 'CER MAIZE', 'Food'), (105, '', 'EFA2500106', 'FTV_IK CER MAIZE MEAL', NULL, NULL, 'E', 'FA', '2', '500106', 'CER MAIZE MEAL', 'Food'), (106, '', 'EFA2500107', 'FTV_IK CER OAT', NULL, NULL, 'E', 'FA', '2', '500107', 'CER OAT', 'Food'), (107, '', 'EFA2500108', 'FTV_IK CER PASTA', NULL, NULL, 'E', 'FA', '2', '500108', 'CER PASTA', 'Food'), (108, '', 'EFA2500109', 'FTV_IK CER QUINUA', NULL, NULL, 'E', 'FA', '2', '500109', 'CER QUINUA', 'Food'), (109, '', 'EFA2500110', 'FTV_IK CER RICE', NULL, NULL, 'E', 'FA', '2', '500110', 'CER RICE', 'Food'), (110, '', 'EFA2500111', 'FTV_IK CER SORGHUM/MILLET', NULL, NULL, 'E', 'FA', '2', '500111', 'CER SORGHUM/MILLET', 'Food'), (111, '', 'EFA2500112', 'FTV_IK CER SOYA-FORTIFIED MAIZE MEAL', NULL, NULL, 'E', 'FA', '2', '500112', 'CER SOYA-FORTIFIED MAIZE MEAL', 'Food'), (112, '', 'EFA2500113', 'FTV_IK CER WHEAT', NULL, NULL, 'E', 'FA', '2', '500113', 'CER WHEAT', 'Food'), (113, '', 'EFA2500115', 'FTV_IK CER WHEAT FLOUR', NULL, NULL, 'E', 'FA', '2', '500115', 'CER WHEAT FLOUR', 'Food'), (114, '', 'EFA2500200', 'FTV_IK BEV BEVERAGES', NULL, NULL, 'E', 'FA', '2', '500200', 'BEV BEVERAGES', 'Food'), (115, '', 'EFA2500201', 'FTV_IK BEV BLACK TEA', NULL, NULL, 'E', 'FA', '2', '500201', 'BEV BLACK TEA', 'Food'), (116, '', 'EFA2500202', 'FTV_IK BEV COFFEE', NULL, NULL, 'E', 'FA', '2', '500202', 'BEV COFFEE', 'Food'), (117, '', 'EFA2500203', 'FTV_IK BEV FRUIT JUICE', NULL, NULL, 'E', 'FA', '2', '500203', 'BEV FRUIT JUICE', 'Food'), (118, '', 'EFA2500204', 'FTV_IK BEV MINERAL WATER', NULL, NULL, 'E', 'FA', '2', '500204', 'BEV MINERAL WATER', 'Food'), (119, '', 'EFA2500205', 'FTV_IK BEVERAGE MIX', NULL, NULL, 'E', 'FA', '2', '500205', 'BEV BEVERAGE MIX', 'Food'), (120, '', 'EFA2500250', 'FTV_IK DAI DAIRY PRODUCTS', NULL, NULL, 'E', 'FA', '2', '500250', 'DAI DAIRY PRODUCTS', 'Food'), (121, '', 'EFA2500251', 'FTV_IK DAI CHEESE', NULL, NULL, 'E', 'FA', '2', '500251', 'DAI CHEESE', 'Food'), (122, '', 'EFA2500252', 'FTV_IK DAI DRIED WHOLE MILK', NULL, NULL, 'E', 'FA', '2', '500252', 'DAI DRIED WHOLE MILK', 'Food'), (123, '', 'EFA2500253', 'FTV_IK DAI ENRICHED DRIED SKIMMED MILK', NULL, NULL, 'E', 'FA', '2', '500253', 'DAI ENRICHED DRIED SKIMMED MILK', 'Food'), (124, '', 'EFA2500254', 'FTV_IK DAI INFANT FORMULA', NULL, NULL, 'E', 'FA', '2', '500254', 'DAI INFANT FORMULA', 'Food'), (125, '', 'EFA2500255', 'FTV_IK DAI PLAIN DRIED SKIMMED MILK', NULL, NULL, 'E', 'FA', '2', '500255', 'DAI PLAIN DRIED SKIMMED MILK', 'Food'), (126, '', 'EFA2500256', 'FTV_IK DAI THERAPEUTIC MILK', NULL, NULL, 'E', 'FA', '2', '500256', 'DAI THERAPEUTIC MILK', 'Food'), (127, '', 'EFA2500257', 'FTV_IK DAI UHT MILK', NULL, NULL, 'E', 'FA', '2', '500257', 'DAI UHT MILK', 'Food'), (128, '', 'EFA2500300', 'FTV_IK FRU FRUIT AND NUTS', NULL, NULL, 'E', 'FA', '2', '500300', 'FRU FRUIT AND NUTS', 'Food'), (129, '', 'EFA2500301', 'FTV_IK FRU DRIED FRUITS', NULL, NULL, 'E', 'FA', '2', '500301', 'FRU DRIED FRUITS', 'Food'), (130, '', 'EFA2500302', 'FTV_IK FRU Date Paste', NULL, NULL, 'E', 'FA', '2', '500302', 'FRU Date Paste', 'Food'), (131, '', 'EFA2500303', 'FTV_IK FRU Freshs Fruit', NULL, NULL, 'E', 'FA', '2', '500303', 'FRU FRESH FRUITS', 'Food'), (132, '', 'EFA2500350', 'FTV_IK FSH FISH', NULL, NULL, 'E', 'FA', '2', '500350', 'FSH FISH', 'Food'), (133, '', 'EFA2500351', 'FTV_IK FSH CANNED FISH', NULL, NULL, 'E', 'FA', '2', '500351', 'FSH CANNED FISH', 'Food'), (134, '', 'EFA2500352', 'FTV_IK FSH DRIED FISH', NULL, NULL, 'E', 'FA', '2', '500352', 'FSH DRIED FISH', 'Food'), (135, '', 'EFA2500400', 'FTV_IK MEA MEAT', NULL, NULL, 'E', 'FA', '2', '500400', 'MEA MEAT', 'Food'), (136, '', 'EFA2500401', 'FTV_IK MEA CANNED BEEF', NULL, NULL, 'E', 'FA', '2', '500401', 'MEA CANNED BEEF', 'Food'), (137, '', 'EFA2500402', 'FTV_IK MEA CANNED CHICKEN', NULL, NULL, 'E', 'FA', '2', '500402', 'MEA CANNED CHICKEN', 'Food'), (138, '', 'EFA2500403', 'FTV_IK MEA CANNED MEAT', NULL, NULL, 'E', 'FA', '2', '500403', 'MEA CANNED MEAT', 'Food'), (139, '', 'EFA2500404', 'FTV_IK MEA MEAT FRESH', NULL, NULL, 'E', 'FA', '2', '500404', 'MEA MEAT FRESH', 'Food'), (140, '', 'EFA2500450', 'FTV_IK MIX MIXED AND BLENDED FOODS', NULL, NULL, 'E', 'FA', '2', '500450', 'MIX MIXED AND BLENDED FOODS', 'Food'), (141, '', 'EFA2500451', 'FTV_IK MIX BISCUITS', NULL, NULL, 'E', 'FA', '2', '500451', 'MIX BISCUITS', 'Food'), (142, '', 'EFA2500452', 'FTV_IK MIX BP5 EMERGENCY RATIONS', NULL, NULL, 'E', 'FA', '2', '500452', 'MIX BP5 EMERGENCY RATIONS', 'Food'), (143, '', 'EFA2500453', 'FTV_IK MIX CORN-SOYA BLEND (CSB)', NULL, NULL, 'E', 'FA', '2', '500453', 'MIX CORN-SOYA BLEND (CSB)', 'Food'), (144, '', 'EFA2500454', 'FTV_IK MIX FAFFA', NULL, NULL, 'E', 'FA', '2', '500454', 'MIX FAFFA', 'Food'), (145, '', 'EFA2500455', 'FTV_IK MIX INKA MIX', NULL, NULL, 'E', 'FA', '2', '500455', 'MIX INKA MIX', 'Food'), (146, '', 'EFA2500456', 'FTV_IK MIX LIKUNI PHALA', NULL, NULL, 'E', 'FA', '2', '500456', 'MIX LIKUNI PHALA', 'Food'), (147, '', 'EFA2500457', 'FTV_IK MIX VITACEREAL', NULL, NULL, 'E', 'FA', '2', '500457', 'MIX VITACEREAL', 'Food'), (148, '', 'EFA2500458', 'FTV_IK MIX CORN-SOYA MILK (CSM)', NULL, NULL, 'E', 'FA', '2', '500458', 'MIX CORN-SOYA MILK (CSM)', 'Food'), (149, '', 'EFA2500459', 'FTV_IK MIX WHEAT-SOYA BLEND (WSB)', NULL, NULL, 'E', 'FA', '2', '500459', 'MIX WHEAT-SOYA BLEND (WSB)', 'Food'), (150, '', 'EFA2500460', 'FTV_IK MIX INDIAMIX', NULL, NULL, 'E', 'FA', '2', '500460', 'MIX INDIAMIX', 'Food'), (151, '', 'EFA2500461', 'FTV_IK MIX HIGH ENERGY BISCUITS', NULL, NULL, 'E', 'FA', '2', '500461', 'MIX HIGH ENERGY BISCUITS', 'Food'), (152, '', 'EFA2500462', 'FTV_IK MIX HIGH ENERGY SUPPLEMENTS', NULL, NULL, 'E', 'FA', '2', '500462', 'MIX HIGH ENERGY SUPPLEMENTS', 'Food'), (153, '', 'EFA2500463', 'FTV_IK MIX LACTO-SOYA BLEND', NULL, NULL, 'E', 'FA', '2', '500463', 'MIX LACTO-SOYA BLEND', 'Food'), (154, '', 'EFA2500464', 'FTV_IK MIX PEA WHEAT BLENDED', NULL, NULL, 'E', 'FA', '2', '500464', 'MIX PEA WHEAT BLENDED', 'Food'), (155, '', 'EFA2500465', 'FTV_IK MIX RICE SOYA BLEND', NULL, NULL, 'E', 'FA', '2', '500465', 'MIX RICE SOYA BLEND', 'Food'), (156, '', 'EFA2500466', 'FTV_IK MIX WHEAT-SOYA MILK (WSM)', NULL, NULL, 'E', 'FA', '2', '500466', 'MIX WHEAT-SOYA MILK (WSM)', 'Food'), (157, '', 'EFA2500467', 'FTV_IK MIX READY TO USE SUPPLEMENTARY FOOD', NULL, NULL, 'E', 'FA', '2', '500467', 'MIX READY TO USE SUPPLEMENTARY FOOD', 'Food'), (158, '', 'EFA2500468', 'FTV_IK MIX READY TO USE THERAPEUTIC FOOD', NULL, NULL, 'E', 'FA', '2', '500468', 'MIX READY TO USE THERAPEUTIC FOOD', 'Food'), (159, '', 'EFA2500500', 'FTV_IK MSC MISCELLANEOUS', NULL, NULL, 'E', 'FA', '2', '500500', 'MSC MISCELLANEOUS', 'Food'), (160, '', 'EFA2500501', 'FTV_IK MSC API', NULL, NULL, 'E', 'FA', '2', '500501', 'MSC API', 'Food'), (161, '', 'EFA2500502', 'FTV_IK MSC HALAWA', NULL, NULL, 'E', 'FA', '2', '500502', 'MSC HALAWA', 'Food'), (162, '', 'EFA2500503', 'FTV_IK MSC IODISED SALT', NULL, NULL, 'E', 'FA', '2', '500503', 'MSC IODISED SALT', 'Food'), (163, '', 'EFA2500504', 'FTV_IK MSC NUTS', NULL, NULL, 'E', 'FA', '2', '500504', 'MSC NUTS', 'Food'), (164, '', 'EFA2500505', 'FTV_IK MSC SUGAR', NULL, NULL, 'E', 'FA', '2', '500505', 'MSC SUGAR', 'Food'), (165, '', 'EFA2500506', 'FTV_IK MSC Micronutrition Powder', NULL, NULL, 'E', 'FA', '2', '500506', 'MSC Micronutrition Powder', 'Food'), (166, '', 'EFA2500507', 'FTV_IK MSC YEAST', NULL, NULL, 'E', 'FA', '2', '500507', 'MSC YEAST', 'Food'), (167, '', 'EFA2500508', 'FTV_IK MSC Micronutrient Tablets', NULL, NULL, 'E', 'FA', '2', '500508', 'MSC Micronutrient Tablets', 'Food'), (168, '', 'EFA2500509', 'FTV_IK MSC SPICES', NULL, NULL, 'E', 'FA', '2', '500509', 'MSC SPICES', 'Food'), (169, '', 'EFA2500510', 'FTV_IK MSC CRACKERS', NULL, NULL, 'E', 'FA', '2', '500510', 'MSC CRACKERS', 'Food'), (170, '', 'EFA2500511', 'FTV_IK MSC TOMATO', NULL, NULL, 'E', 'FA', '2', '500511', 'MSC TOMATO', 'Food'), (171, '', 'EFA2500512', 'FTV_IK MSC STARCH', NULL, NULL, 'E', 'FA', '2', '500512', 'MSC STARCH', 'Food'), (172, '', 'EFA2500513', 'FTV_IK MSC EGGS', NULL, NULL, 'E', 'FA', '2', '500513', 'MSC EGGS', 'Food'), (173, '', 'EFA2500550', 'FTV_IK OIL OILS AND FATS', NULL, NULL, 'E', 'FA', '2', '500550', 'OIL OILS AND FATS', 'Food'), (174, '', 'EFA2500551', 'FTV_IK OIL BUTTER OIL', NULL, NULL, 'E', 'FA', '2', '500551', 'OIL BUTTER OIL', 'Food'), (175, '', 'EFA2500552', 'FTV_IK OIL GHEE', NULL, NULL, 'E', 'FA', '2', '500552', 'OIL GHEE', 'Food'), (176, '', 'EFA2500553', 'FTV_IK OIL OLIVE OIL', NULL, NULL, 'E', 'FA', '2', '500553', 'OIL OLIVE OIL', 'Food'), (177, '', 'EFA2500554', 'FTV_IK OIL VEGETABLE OIL', NULL, NULL, 'E', 'FA', '2', '500554', 'OIL VEGETABLE OIL', 'Food'), (178, '', 'EFA2500560', 'FTV_IK NUT PEANUT BUTTER', NULL, NULL, 'E', 'FA', '2', '500560', 'NUT PEANUT BUTTER', 'Food'), (179, '', 'EFA2500600', 'FTV_IK PPF PRE-PACKAGED FOOD PARCELS', NULL, NULL, 'E', 'FA', '2', '500600', 'PPF PRE-PACKAGED FOOD PARCELS', 'Food'), (180, '', 'EFA2500601', 'FTV_IK PPF RATIONS', NULL, NULL, 'E', 'FA', '2', '500601', 'PPF RATIONS', 'Food'), (181, '', 'EFA2500650', 'FTV_IK TUB ROOTS AND TUBERS', NULL, NULL, 'E', 'FA', '2', '500650', 'TUB ROOTS AND TUBERS', 'Food'), (182, '', 'EFA2500651', 'FTV_IK TUB CASSAVA FLOUR', NULL, NULL, 'E', 'FA', '2', '500651', 'TUB CASSAVA FLOUR', 'Food'), (183, '', 'EFA2500652', 'FTV_IK TUB POTATO FLAKES/GRANULES', NULL, NULL, 'E', 'FA', '2', '500652', 'TUB POTATO FLAKES/GRANULES', 'Food'), (184, '', 'EFA2500653', 'FTV_IK FRESH TUBERS', NULL, NULL, 'E', 'FA', '2', '500653', 'TUB FRESH TUBERS', 'Food'), (185, '', 'EFA2500700', 'FTV_IK PUL PULSES AND VEGETABLES', NULL, NULL, 'E', 'FA', '2', '500700', 'PUL PULSES AND VEGETABLES', 'Food'), (186, '', 'EFA2500701', 'FTV_IK PUL BEANS', NULL, NULL, 'E', 'FA', '2', '500701', 'PUL BEANS', 'Food'), (187, '', 'EFA2500702', 'FTV_IK PUL CANNED PULSES', NULL, NULL, 'E', 'FA', '2', '500702', 'PUL CANNED PULSES', 'Food'), (188, '', 'EFA2500703', 'FTV_IK PUL CANNED VEGETABLES', NULL, NULL, 'E', 'FA', '2', '500703', 'PUL CANNED VEGETABLES', 'Food'), (189, '', 'EFA2500704', 'FTV_IK PUL LENTILS', NULL, NULL, 'E', 'FA', '2', '500704', 'PUL LENTILS', 'Food'), (190, '', 'EFA2500705', 'FTV_IK PUL PEAS', NULL, NULL, 'E', 'FA', '2', '500705', 'PUL PEAS', 'Food'), (191, '', 'EFA2500706', 'FTV_IK PUL SPLIT PEAS', NULL, NULL, 'E', 'FA', '2', '500706', 'PUL SPLIT PEAS', 'Food'), (192, '', 'EFA2500707', 'FTV_IK PUL TEXTURED SOY PROTEIN', NULL, NULL, 'E', 'FA', '2', '500707', 'PUL TEXTURED SOY PROTEIN', 'Food'), (193, '', 'EFA2500708', 'FTV_IK PUL SPLIT LENTILS', NULL, NULL, 'E', 'FA', '2', '500708', 'PUL SPLIT LENTILS', 'Food'), (194, '', 'EFA2500709', 'FTV_IK PUL CHICK PEAS', NULL, NULL, 'E', 'FA', '2', '500709', 'PUL CHICK PEAS', 'Food'), (195, '', 'EFA2500710', 'FTV_IK PUL VEGETABLES FRESH', NULL, NULL, 'E', 'FA', '2', '500710', 'PUL VEGETABLES FRESH', 'Food'), (196, '', 'EFB12100210', 'OTH Food Expense-Food Transformation', NULL, NULL, 'E', 'FB', '1', '2100210', 'Expense-Food Transformation', 'Food'), (197, '', 'EFB13007000', 'Other In-Country Costs', NULL, NULL, 'E', 'FB', '1', '3007000', 'Other In-Country Costs', 'Food'), (198, '', 'EFB13008400', 'Other Overland costs non cap costs', NULL, NULL, 'E', 'FB', '1', '3008400', 'Other Overland costs non cap costs', 'Food'), (199, '', 'EFB13008500', 'FTC Other LESS Recovery Costs', NULL, NULL, 'E', 'FB', '1', '3008500', 'LESS Recovery Costs', 'Food'), (200, '', 'EFB13101000', 'OTH Food Insurance Premium - Premium to Self Insur', NULL, NULL, 'E', 'FB', '1', '3101000', 'Insurance Premium - Premium to Self Insurance Fund', 'Food'), (201, '', 'EFB1582600', 'ODOC LESS Cash Milling Clearing Account', NULL, NULL, 'E', 'FB', '1', '582600', 'LESS- Milling Clearing Account', 'Food'), (202, '', 'EFB1582650', 'ODOC LESS Cash Transformation Clearing', NULL, NULL, 'E', 'FB', '1', '582650', 'LESS- Transformation Clearing Account', 'Food'), (203, '', 'EFB1583300', 'GCMF-Other Food related costs', NULL, NULL, 'E', 'FB', '1', '583300', 'GCMF-Other Food related costs', 'Food'), (204, '', 'EFB17201000', 'OTH Internal Services provided - UNHRD', NULL, NULL, 'E', 'FB', '1', '7201000', 'Internal Services provided - UNHRD', 'Food'), (205, '', 'EFB17211000', 'GCMF-Sales other port costs', NULL, NULL, 'E', 'FB', '1', '7211000', 'GCMF-Sales other port costs', 'Food'), (206, '', 'EFB17302000', 'OTH Food Quality and Quantity Survey', NULL, NULL, 'E', 'FB', '1', '7302000', 'Quality and Quantity Survey', 'Food'), (207, '', 'EFB17303000', 'OTH Food Superintendence', NULL, NULL, 'E', 'FB', '1', '7303000', 'Superintendence', 'Food'), (208, '', 'EFB22100210', 'OTH Food Expense-Food Transformation (IK)', NULL, NULL, 'E', 'FB', '2', '2100210', 'Expense-Food Transformation', 'Food'), (209, '', 'EFC13103000', 'FTC EXTR Insurance Premium - Charterer\'s Liability', NULL, NULL, 'E', 'FC', '1', '3103000', 'Insurance Premium - Charterer\'s Liability', 'Food'), (210, '', 'EFC13104000', 'FTC EXTR Insurance Premium - War Risk', NULL, NULL, 'E', 'FC', '1', '3104000', 'Insurance Premium - War Risk', 'Food'), (211, '', 'EFC1580300', 'Ext. Transp. Stevedoring Clear Acct', NULL, NULL, 'E', 'FC', '1', '580300', 'Inventory - Ex Transp Stevedoring Clearing Acct', 'Food'), (212, '', 'EFC1580900', 'Inventory - Ex Transp Feight Clear Acct - Air', NULL, NULL, 'E', 'FC', '1', '580900', 'Inventory - Ex Transp Feight Clear Acct - Air', 'Food'), (213, '', 'EFC1582000', 'LES External Transport Cash Freight - Ocean', NULL, NULL, 'E', 'FC', '1', '582000', 'LESS- Ext Trans Freight Clrg Acct – OCEAN', 'Food'), (214, '', 'EFC1582100', 'LESS – Ext Trans Freight Clrg Acct – Overland', NULL, NULL, 'E', 'FC', '1', '582100', 'LESS – Ext Trans Freight Clrg Acct – Overland', 'Food'), (215, '', 'EFC1582200', 'LES External Transport Cash Freight - Air', NULL, NULL, 'E', 'FC', '1', '582200', 'LESS- Ext Trans Freight Clrg Acct – AIR', 'Food'), (216, '', 'EFC1583100', 'GCMF-External Transport costs', NULL, NULL, 'E', 'FC', '1', '583100', 'GCMF-External Transport costs', 'Food'), (217, '', 'EFC17201000', 'FTC EXTR Internal Services provided - UNHRD', NULL, NULL, 'E', 'FC', '1', '7201000', 'Internal Services provided - UNHRD', 'Food'), (218, '', 'EFC17204000', 'FTC EXTR Internal Service Fee (MCR) - Aviation', NULL, NULL, 'E', 'FC', '1', '7204000', 'Internal Service Fee (MCR) - Aviation', 'Food'), (219, '', 'EFC17205000', 'FTC EXTR Internal Services provided - Aviation', NULL, NULL, 'E', 'FC', '1', '7205000', 'Internal Services provided - Aviation', 'Food'), (220, '', 'EFC17305000', 'FTC EXTR Transport Ocean Cargo Handling', NULL, NULL, 'E', 'FC', '1', '7305000', 'Transport Ocean Cargo Handling', 'Food'), (221, '', 'EFC17306000', 'FTC EXTR Transport Ocean Agency Fees', NULL, NULL, 'E', 'FC', '1', '7306000', 'Transport Ocean Agency Fees', 'Food'), (222, '', 'EFC17307000', 'FTC EXTR Transport OC Container Demurrage', NULL, NULL, 'E', 'FC', '1', '7307000', 'Transport OC Container Demurrage', 'Food'), (223, '', 'EFC17308000', 'FTC EXTR Transport Ocean Demurrage, Discharge, Not', NULL, NULL, 'E', 'FC', '1', '7308000', 'Transport Ocean Demurrage, Discharge, Not Recover', 'Food'), (224, '', 'EFC17309000', 'FTC EXTR Transport Ocean Demurrage, Discharge, Rec', NULL, NULL, 'E', 'FC', '1', '7309000', 'Transport Ocean Demurrage, Discharge, Recoverable', 'Food'), (225, '', 'EFC17310000', 'FTC EXTR Transport Ocean Demurrage, Loading, Not R', NULL, NULL, 'E', 'FC', '1', '7310000', 'Transport Ocean Demurrage, Loading, Not Recover', 'Food'), (226, '', 'EFC17311000', 'FTC EXTR Transport Ocean Demurrage, Loading, Recov', NULL, NULL, 'E', 'FC', '1', '7311000', 'Transport Ocean Demurrage, Loading, Recoverable', 'Food'), (227, '', 'EFC17312000', 'FTC EXTR Transport & Other Related Ocean', NULL, NULL, 'E', 'FC', '1', '7312000', 'Transport & Other Related Ocean', 'Food'), (228, '', 'EFC17313000', 'FTC EXTR Transport Overland Related Services', NULL, NULL, 'E', 'FC', '1', '7313000', 'Transport Overland Related Services', 'Food'), (229, '', 'EFC17314000', 'FTC EXTR Transport Overland Demurrage', NULL, NULL, 'E', 'FC', '1', '7314000', 'Transport Overland Demurrage', 'Food'), (230, '', 'EFC17315000', 'FTC EXTR Transport Overland Cargo Handling', NULL, NULL, 'E', 'FC', '1', '7315000', 'Transport Overland Cargo Handling', 'Food'), (231, '', 'EFC17510130', 'FTC EXTR Demurrage and Despatch Expense Adjustment', NULL, NULL, 'E', 'FC', '1', '7510130', 'Demurrage and Despatch Expense Adjustment', 'Food'), (232, '', 'EFC2582000', 'LES Exter.Transp In-Kind Freight - Ocean', NULL, NULL, 'E', 'FC', '2', '582000', 'LESS – Ext Trans Freight Clrg Acct – OCEAN', 'Food'), (233, '', 'EFC2582100', 'LESS – ET In-Kind Freight Clrg Acct – Overland', NULL, NULL, 'E', 'FC', '2', '582100', 'LESS – Ext Trans Freight Clrg Acct – OVLD', 'Food'), (234, '', 'EFC2582200', 'LES ET In-Kind Freight - Air', NULL, NULL, 'E', 'FC', '2', '582200', 'LESS – Ext Trans Freight Clrg Acct – AIR', 'Food'), (235, '', 'EFD13002000', 'In-Country Landside Transport', NULL, NULL, 'E', 'FD', '1', '3002000', 'Landside Transport', 'Food'), (236, '', 'EFD13003000', 'InCo Air Transport', NULL, NULL, 'E', 'FD', '1', '3003000', 'Air Transport', 'Food'), (237, '', 'EFD13200000', 'IC-TR AirOps - Aircraft contract/charter', NULL, NULL, 'E', 'FD', '1', '3200000', 'AirOps - Aircraft contract/charter', 'Food'), (238, '', 'EFD13201000', 'IC-TR AirOps - Aircraft operational support servic', NULL, NULL, 'E', 'FD', '1', '3201000', 'AirOps - Aircraft operational support services', 'Food'), (239, '', 'EFD13202000', 'IC-TR AirOps - Aircraft painting', NULL, NULL, 'E', 'FD', '1', '3202000', 'AirOps - Aircraft painting', 'Food'), (240, '', 'EFD13203000', 'IC-TR AirOps - Aircraft Position & Deposition Char', NULL, NULL, 'E', 'FD', '1', '3203000', 'AirOps - Aircraft Position & Deposition Charges', 'Food'), (241, '', 'EFD13204000', 'IC-TR AirOps - Aviation fuel', NULL, NULL, 'E', 'FD', '1', '3204000', 'AirOps - Aviation fuel', 'Food'), (242, '', 'EFD13205000', 'IC-TR AirOps - Aviation Oil & Lubricants', NULL, NULL, 'E', 'FD', '1', '3205000', 'AirOps - Aviation Oil & Lubricants', 'Food'), (243, '', 'EFD13207000', 'IC-TR AirOps - Aircraft navigation charges', NULL, NULL, 'E', 'FD', '1', '3207000', 'AirOps - Aircraft navigation charges', 'Food'), (244, '', 'EFD13208000', 'IC-TR AirOps - Aircraft overflight, landing & park', NULL, NULL, 'E', 'FD', '1', '3208000', 'AirOps - Aircraft overflight, landing & parking', 'Food'), (245, '', 'EFD13209000', 'IC-TR AirOps - Cargo Storage & miscellaneous', NULL, NULL, 'E', 'FD', '1', '3209000', 'AirOps - Cargo Storage & miscellaneous', 'Food'), (246, '', 'EFD13210000', 'IC-TR AirOps - Aircraft ground handling', NULL, NULL, 'E', 'FD', '1', '3210000', 'AirOps - Aircraft ground handling', 'Food'), (247, '', 'EFD13211000', 'IC-TR AirOps - Passenger handling charges', NULL, NULL, 'E', 'FD', '1', '3211000', 'AirOps - Passenger handling charges', 'Food'), (248, '', 'EFD13212000', 'IC-TR AirOps - Cargo handling charges', NULL, NULL, 'E', 'FD', '1', '3212000', 'AirOps - Cargo handling charges', 'Food'), (249, '', 'EFD13213000', 'IC-TR AirOps - In-Flight Catering', NULL, NULL, 'E', 'FD', '1', '3213000', 'AirOps - In-Flight Catering', 'Food'), (250, '', 'EFD13214000', 'IC-TR AirOps - War risk insurance', NULL, NULL, 'E', 'FD', '1', '3214000', 'AirOps - War risk insurance', 'Food'), (251, '', 'EFD13215000', 'IC-TR AirOps - Aircrew accomodation, meal & transp', NULL, NULL, 'E', 'FD', '1', '3215000', 'AirOps - Aircrew accomodation, meal & transport', 'Food'), (252, '', 'EFD13216000', 'IC-TR AirOps - Airport Construction Services', NULL, NULL, 'E', 'FD', '1', '3216000', 'AirOps - Airport Construction Services', 'Food'), (253, '', 'EFD13217000', 'IC-TR AirOps - Air Tracking Charges', NULL, NULL, 'E', 'FD', '1', '3217000', 'AirOps - Air Tracking Charges', 'Food'), (254, '', 'EFD16000500', 'IC-TR Supplies & Materials-Warehous & Workshop Equipment', NULL, NULL, 'E', 'FD', '1', '6000500', 'Supplies & Materials-Warehous & Workshop Equipment', 'Food'), (255, '', 'EFD17055000', 'IC-TR Vehicle Running Costs and Maintenance', NULL, NULL, 'E', 'FD', '1', '7055000', 'Vehicle Running Costs and Maintenance', 'Food'), (256, '', 'EFD17201000', 'IC-Tr Internal Services provided - UNHRD', NULL, NULL, 'E', 'FD', '1', '7201000', 'Internal Services provided - UNHRD', 'Food'), (257, '', 'EFD17204000', 'IC-Tr Internal Service Fee (MCR) - Aviation', NULL, NULL, 'E', 'FD', '1', '7204000', 'Internal Service Fee (MCR) - Aviation', 'Food'), (258, '', 'EFD17205000', 'IC-TR Internal Services provided - Aviation', NULL, NULL, 'E', 'FD', '1', '7205000', 'Internal Services provided - Aviation', 'Food'), (259, '', 'EFD17209100', 'IC-Tr Internal Logistics SA Serv Stand by costs', NULL, NULL, 'E', 'FD', '1', '7209100', 'Logistics SA Internal Serv Stand by costs', 'Food'), (260, '', 'EFD17209200', 'IC-Tr Internal Logist SA Serv Deployment costs', NULL, NULL, 'E', 'FD', '1', '7209200', 'Logistics SA Internal Serv Deployment costs', 'Food'), (261, '', 'EFD17210000', 'InCo GCMF-Sales Transport costs', NULL, NULL, 'E', 'FD', '1', '7210000', 'GCMF-Sales Transport costs', 'Food'), (262, '', 'EFD1730800', 'IC-TR Workshop & Warehouse Equipment', NULL, NULL, 'E', 'FD', '1', '730800', 'Workshop & Warehouse Equipment', 'Food'), (263, '', 'EFE13008100', 'OVLD Landside Transport non cap costs', NULL, NULL, 'E', 'FE', '1', '3008100', 'Landside Transport non cap costs', 'Food'), (264, '', 'EFE13008200', 'OVLD Air Tranport non capitalized costs', NULL, NULL, 'E', 'FE', '1', '3008200', 'Air Tranport non capitalized costs', 'Food'), (265, '', 'EFE13200000', 'OV-TR AirOps - Aircraft contract/charter', NULL, NULL, 'E', 'FE', '1', '3200000', 'AirOps - Aircraft contract/charter', 'Food'), (266, '', 'EFE13201000', 'OV-TR AirOps - Aircraft operational support servic', NULL, NULL, 'E', 'FE', '1', '3201000', 'AirOps - Aircraft operational support services', 'Food'), (267, '', 'EFE13202000', 'OV-TR AirOps - Aircraft painting', NULL, NULL, 'E', 'FE', '1', '3202000', 'AirOps - Aircraft painting', 'Food'), (268, '', 'EFE13203000', 'OV-TR AirOps - Aircraft Position & Deposition Char', NULL, NULL, 'E', 'FE', '1', '3203000', 'AirOps - Aircraft Position & Deposition Charges', 'Food'), (269, '', 'EFE13204000', 'OV-TR AirOps - Aviation fuel', NULL, NULL, 'E', 'FE', '1', '3204000', 'AirOps - Aviation fuel', 'Food'), (270, '', 'EFE13205000', 'OV-TR AirOps - Aviation Oil & Lubricants', NULL, NULL, 'E', 'FE', '1', '3205000', 'AirOps - Aviation Oil & Lubricants', 'Food'), (271, '', 'EFE13207000', 'OV-TR AirOps - Aircraft navigation charges', NULL, NULL, 'E', 'FE', '1', '3207000', 'AirOps - Aircraft navigation charges', 'Food'), (272, '', 'EFE13208000', 'OV-TR AirOps - Aircraft overflight, landing & park', NULL, NULL, 'E', 'FE', '1', '3208000', 'AirOps - Aircraft overflight, landing & parking', 'Food'), (273, '', 'EFE13209000', 'OV-TR AirOps - Cargo Storage & miscellaneous', NULL, NULL, 'E', 'FE', '1', '3209000', 'AirOps - Cargo Storage & miscellaneous', 'Food'), (274, '', 'EFE13210000', 'OV-TR AirOps - Aircraft ground handling', NULL, NULL, 'E', 'FE', '1', '3210000', 'AirOps - Aircraft ground handling', 'Food'), (275, '', 'EFE13211000', 'OV-TR AirOps - Passenger handling charges', NULL, NULL, 'E', 'FE', '1', '3211000', 'AirOps - Passenger handling charges', 'Food'), (276, '', 'EFE13212000', 'OV-TR AirOps - Cargo handling charges', NULL, NULL, 'E', 'FE', '1', '3212000', 'AirOps - Cargo handling charges', 'Food'), (277, '', 'EFE13213000', 'OV-TR AirOps - In-Flight Catering', NULL, NULL, 'E', 'FE', '1', '3213000', 'AirOps - In-Flight Catering', 'Food'), (278, '', 'EFE13214000', 'OV-TR AirOps - War risk insurance', NULL, NULL, 'E', 'FE', '1', '3214000', 'AirOps - War risk insurance', 'Food'), (279, '', 'EFE13215000', 'OV-TR AirOps - Aircrew accomodation, meal & transp', NULL, NULL, 'E', 'FE', '1', '3215000', 'AirOps - Aircrew accomodation, meal & transport', 'Food'), (280, '', 'EFE13216000', 'OV-TR AirOps - Airport Construction Services', NULL, NULL, 'E', 'FE', '1', '3216000', 'AirOps - Airport Construction Services', 'Food'), (281, '', 'EFE13217000', 'OV-TR AirOps - Air Tracking Charges', NULL, NULL, 'E', 'FE', '1', '3217000', 'AirOps - Air Tracking Charges', 'Food'), (282, '', 'EFE1582300', 'LESS – Overland Freight Clrg Acct', NULL, NULL, 'E', 'FE', '1', '582300', 'LESS – Overland Freight Clrg Acct', 'Food'), (283, '', 'EFE1582400', 'LESS – Overland Freight Clrg Acct – AIR', NULL, NULL, 'E', 'FE', '1', '582400', 'LESS – Overland Freight Clrg Acct – AIR', 'Food'), (284, '', 'EFE1583200', 'GCMF-Overland Transport costs', NULL, NULL, 'E', 'FE', '1', '583200', 'GCMF-Overland Transport costs', 'Food'), (285, '', 'EFE17055000', 'OV-TR Vehicle Running Costs and Maintenance', NULL, NULL, 'E', 'FE', '1', '7055000', 'Vehicle Running Costs and Maintenance', 'Food'), (286, '', 'EFE17201000', 'OV-Tr Internal Services provided - UNHRD', NULL, NULL, 'E', 'FE', '1', '7201000', 'Internal Services provided - UNHRD', 'Food'), (287, '', 'EFE17204000', 'OV-Tr Internal Service Fee (MCR) - Aviation', NULL, NULL, 'E', 'FE', '1', '7204000', 'Internal Service Fee (MCR) - Aviation', 'Food'), (288, '', 'EFE17205000', 'OV-TR Internal Services provided - Aviation', NULL, NULL, 'E', 'FE', '1', '7205000', 'Internal Services provided - Aviation', 'Food'), (289, '', 'EFE17314000', 'Transport Overland Demurrage', NULL, NULL, 'E', 'FE', '1', '7314000', 'Transport Overland Demurrage', 'Food'), (290, '', 'EFF13004000', 'InCo Transhipment Point costs non cap costs', NULL, NULL, 'E', 'FF', '1', '3004000', 'Transhipment Point costs non cap costs', 'Food'), (291, '', 'EFF13005000', 'InCo EDP Operations non capitalized costs', NULL, NULL, 'E', 'FF', '1', '3005000', 'EDP Operations non capitalized costs', 'Food'), (292, 'X', 'EFF16000200', 'IC-Stor Supplies & Materials-Security and safety e', NULL, NULL, 'E', 'FF', '1', '6000200', 'Supplies & Materials-Security and safety equipment', 'Food'), (293, '', 'EFF16000500', 'IC-Stor Supplies & Materials-Warehous & Workshop E', NULL, NULL, 'E', 'FF', '1', '6000500', 'Supplies & Materials-Warehous & Workshop Equipment', 'Food'), (294, '', 'EFF16000550', 'IC-Stor Supplies & Materials- Buildings Permanent/', NULL, NULL, 'E', 'FF', '1', '6000550', 'Supplies & Materials- Buildings Permanent/Mobile', 'Food'), (295, '', 'EFF16505000', 'IC-Stor Warehouse - Packaging Materials', NULL, NULL, 'E', 'FF', '1', '6505000', 'Warehouse - Packaging Materials', 'Food'), (296, '', 'EFF16600000', 'IC-Stor Utilities - General', NULL, NULL, 'E', 'FF', '1', '6600000', 'Utilities - General', 'Food'), (297, '', 'EFF16601000', 'IC-Stor Utilities - Gas', NULL, NULL, 'E', 'FF', '1', '6601000', 'Utilities - Gas', 'Food'), (298, '', 'EFF16602000', 'IC-Stor Utilities - Water', NULL, NULL, 'E', 'FF', '1', '6602000', 'Utilities - Water', 'Food'), (299, '', 'EFF16603000', 'IC-Stor Utilities - Electricity', NULL, NULL, 'E', 'FF', '1', '6603000', 'Utilities - Electricity', 'Food'), (300, '', 'EFF16604000', 'IC-Stor Office Supplies & Other Consumables', NULL, NULL, 'E', 'FF', '1', '6604000', 'Office Supplies & Other Consumables', 'Food'), (301, '', 'EFF16605100', 'IC- Stor Fuel: Facilities', NULL, NULL, 'E', 'FF', '1', '6605100', 'Fuel: Facilities', 'Food'), (302, '', 'EFF16606100', 'IC-Stor Insectisides, Fumigants and other related ', NULL, NULL, 'E', 'FF', '1', '6606100', 'Insectisides, Fumigants and other related products', 'Food'), (303, '', 'EFF17001000', 'IC-Stor Rental of Facility', NULL, NULL, 'E', 'FF', '1', '7001000', 'Rental of Facility', 'Food'), (304, '', 'EFF17002000', 'IC-Stor UN Common Premises Rental', NULL, NULL, 'E', 'FF', '1', '7002000', 'UN Common Premises Rental', 'Food'), (305, '', 'EFF17022000', 'IC-Stor Insurance Public Liability and Premises', NULL, NULL, 'E', 'FF', '1', '7022000', 'Insurance Public Liability and Premises', 'Food'), (306, '', 'EFF17050000', 'IC-Stor Equipment Repairs and Maintenance', NULL, NULL, 'E', 'FF', '1', '7050000', 'Equipment Repairs and Maintenance', 'Food'), (307, '', 'EFF17051000', 'IC-Stor Ordinary Premises Maintenance', NULL, NULL, 'E', 'FF', '1', '7051000', 'Ordinary Premises Maintenance', 'Food'), (308, '', 'EFF17052000', 'IC-Stor Extraordinary Premises Maintenance', NULL, NULL, 'E', 'FF', '1', '7052000', 'Extraordinary Premises Maintenance', 'Food'), (309, '', 'EFF17054000', 'IC-Stor - Office Cleaning', NULL, NULL, 'E', 'FF', '1', '7054000', 'Office Cleaning', 'Food'), (310, '', 'EFF17100100', 'IC-Stor Equipment Leasing', NULL, NULL, 'E', 'FF', '1', '7100100', 'Equipment Leasing', 'Food'), (311, '', 'EFF17102000', 'IC-Stor Other Office Expenses & Services (WFP Only', NULL, NULL, 'E', 'FF', '1', '7102000', 'Other Office Expenses & Services (WFP Only)', 'Food'), (312, '', 'EFF17118000', 'IC-Stor Security Guard Services ', NULL, NULL, 'E', 'FF', '1', '7118000', 'Security Guard Services ', 'Food'), (313, '', 'EFF17119500', 'IC-Stor Fumigation Services', NULL, NULL, 'E', 'FF', '1', '7119500', 'Fumigation Services', 'Food'), (314, '', 'EFF17201000', 'IC-Stor Internal Services provided - UNHRD', NULL, NULL, 'E', 'FF', '1', '7201000', 'Internal Services provided - UNHRD', 'Food'), (315, '', 'EFF17213000', 'IC-Stor GCMF - Storage', NULL, NULL, 'E', 'FF', '1', '7213000', 'GCMF - Storage', 'Food'), (316, '', 'EFF1730100', 'IC-Stor Buildings - permanent', NULL, NULL, 'E', 'FF', '1', '730100', 'Buildings - permanent', 'Food'), (317, '', 'EFF1730200', 'IC-Stor Buildings - mobile', NULL, NULL, 'E', 'FF', '1', '730200', 'Buildings - mobile', 'Food'), (318, '', 'EFF1730500', 'IC-Stor Security and safety equipment', NULL, NULL, 'E', 'FF', '1', '730500', 'Security and safety equipment', 'Food'), (319, '', 'EFF1730800', 'IC-Stor Workshop & Warehouse Equipment', NULL, NULL, 'E', 'FF', '1', '730800', 'Workshop & Warehouse Equipment', 'Food'), (320, '', 'EFG13008300', 'OVLD Transhipment Point costs non cap costs', NULL, NULL, 'E', 'FG', '1', '3008300', 'Transhipment Point costs non cap costs', 'Food'), (321, '', 'EFG16000500', 'OV-Stor Supplies & Materials-Warehous & Workshop E', NULL, NULL, 'E', 'FG', '1', '6000500', 'Supplies & Materials-Warehous & Workshop Equipment', 'Food'), (322, '', 'EFG16505000', 'OV-Stor Warehouse - Packaging Materials', NULL, NULL, 'E', 'FG', '1', '6505000', 'Warehouse - Packaging Materials', 'Food'), (323, '', 'EFG16600000', 'OV-Stor Utilities - General', NULL, NULL, 'E', 'FG', '1', '6600000', 'Utilities - General', 'Food'), (324, '', 'EFG16601000', 'OV-Stor Utilities - Gas', NULL, NULL, 'E', 'FG', '1', '6601000', 'Utilities - Gas', 'Food'), (325, '', 'EFG16602000', 'OV-Stor Utilities - Water', NULL, NULL, 'E', 'FG', '1', '6602000', 'Utilities - Water', 'Food'), (326, '', 'EFG16603000', 'OV-Stor Utilities - Electricity', NULL, NULL, 'E', 'FG', '1', '6603000', 'Utilities - Electricity', 'Food'), (327, '', 'EFG16604000', 'OV-Stor Office Supplies & Other Consumables', NULL, NULL, 'E', 'FG', '1', '6604000', 'Office Supplies & Other Consumables', 'Food'), (328, '', 'EFG16605100', 'OV-Stor Fuel: Facilities', NULL, NULL, 'E', 'FG', '1', '6605100', 'Fuel: Facilities', 'Food'), (329, '', 'EFG16606100', 'OV-Stor Insectisides, Fumigants and other related ', NULL, NULL, 'E', 'FG', '1', '6606100', 'Insectisides, Fumigants and other related products', 'Food'), (330, '', 'EFG17001000', 'OV-Stor Rental of Facility', NULL, NULL, 'E', 'FG', '1', '7001000', 'Rental of Facility', 'Food'), (331, '', 'EFG17002000', 'OV-Stor UN Common Premises Rental', NULL, NULL, 'E', 'FG', '1', '7002000', 'UN Common Premises Rental', 'Food'), (332, '', 'EFG17022000', 'OV-Stor Insurance Public Liability and Premises', NULL, NULL, 'E', 'FG', '1', '7022000', 'Insurance Public Liability and Premises', 'Food'), (333, '', 'EFG17050000', 'OV-Stor Equipment Repairs and Maintenance', NULL, NULL, 'E', 'FG', '1', '7050000', 'Equipment Repairs and Maintenance', 'Food'), (334, '', 'EFG17051000', 'OV-Stor Ordinary Premises Maintenance', NULL, NULL, 'E', 'FG', '1', '7051000', 'Ordinary Premises Maintenance', 'Food'), (335, '', 'EFG17052000', 'OV-Stor Extraordinary Premises Maintenance', NULL, NULL, 'E', 'FG', '1', '7052000', 'Extraordinary Premises Maintenance', 'Food'), (336, '', 'EFG17054000', 'OV-Stor Office Cleaning', NULL, NULL, 'E', 'FG', '1', '7054000', 'Office Cleaning', 'Food'), (337, '', 'EFG17100100', 'OV-Stor Equipment Leasing', NULL, NULL, 'E', 'FG', '1', '7100100', 'Equipment Leasing', 'Food'), (338, '', 'EFG17102000', 'OV-Stor Other Office Expenses & Services (WFP Only', NULL, NULL, 'E', 'FG', '1', '7102000', 'Other Office Expenses & Services (WFP Only)', 'Food'), (339, '', 'EFG17118000', 'OV-Stor Security Guard Services ', NULL, NULL, 'E', 'FG', '1', '7118000', 'Security Guard Services ', 'Food'), (340, '', 'EFG17119500', 'OV-Stor Fumigation Services', NULL, NULL, 'E', 'FG', '1', '7119500', 'Fumigation Services', 'Food'), (341, '', 'EFG17201000', 'OV-Stor Internal Services provided - UNHRD', NULL, NULL, 'E', 'FG', '1', '7201000', 'Internal Services provided - UNHRD', 'Food'), (342, '', 'EFG17213000', 'OV-Stor GCMF - Storage', NULL, NULL, 'E', 'FG', '1', '7213000', 'GCMF - Storage', 'Food'), (343, '', 'EFG1730500', 'OV-Stor Security and safety equipment', NULL, NULL, 'E', 'FG', '1', '730500', 'Security and safety equipment', 'Food'), (344, '', 'EFG1730800', 'OV-Stor Workshop & Warehouse Equipment', NULL, NULL, 'E', 'FG', '1', '730800', 'Workshop & Warehouse Equipment', 'Food'), (345, '', 'EFH13001000', 'Port Operations Costs non capitalized costs', NULL, NULL, 'E', 'FH', '1', '3001000', 'Port Operations Costs non capitalized costs', 'Food'), (346, '', 'EFH1581700', 'Inventory - Stevedoring Clear Acct (In-country)', NULL, NULL, 'E', 'FH', '1', '581700', 'Inventory - Stevedoring Clear Acct (In-country)', 'Food'), (347, '', 'EFH17100100', 'IC-Port Equipment Leasing', NULL, NULL, 'E', 'FH', '1', '7100100', 'Equipment Leasing', 'Food'), (348, '', 'EFH17119500', 'IC-Port Fumigation Services', NULL, NULL, 'E', 'FH', '1', '7119500', 'Fumigation Services', 'Food'), (349, '', 'EFH17201000', 'IC-Port Internal Services provided - UNHRD', NULL, NULL, 'E', 'FH', '1', '7201000', 'Internal Services provided - UNHRD', 'Food'), (350, '', 'EFH17212000', 'IC-Port GCMF - Port', NULL, NULL, 'E', 'FH', '1', '7212000', 'GCMF - Port', 'Food'), (351, '', 'EFH1730500', 'IC-Port Security and safety equipment', NULL, NULL, 'E', 'FH', '1', '730500', 'Security and safety equipment', 'Food'), (352, '', 'EFI13008000', 'OVLD Port Operations Costs non cap costs', NULL, NULL, 'E', 'FI', '1', '3008000', 'Port Operations Costs non cap costs', 'Food'), (353, '', 'EFI1581000', 'Inventory - Stevedoring Clear Acct (Overland)', NULL, NULL, 'E', 'FI', '1', '581000', 'Inventory - Stevedoring Clear Acct (Overland)', 'Food'), (354, '', 'EFI17100100', 'OV-Port Equipment Leasing', NULL, NULL, 'E', 'FI', '1', '7100100', 'Equipment Leasing', 'Food'), (355, '', 'EFI17119500', 'OV-Port Fumigation Services', NULL, NULL, 'E', 'FI', '1', '7119500', 'Fumigation Services', 'Food'), (356, '', 'EFI17201000', 'OV-Port Internal Services provided - UNHRD', NULL, NULL, 'E', 'FI', '1', '7201000', 'Internal Services provided - UNHRD', 'Food'), (357, '', 'EFI17212000', 'OV-Port GCMF - Port', NULL, NULL, 'E', 'FI', '1', '7212000', 'GCMF - Port', 'Food'), (358, '', 'EFI1730500', 'OV-Port Security and safety equipment', NULL, NULL, 'E', 'FI', '1', '730500', 'Security and safety equipment', 'Food'), (359, '', 'EFJ14001700', 'IC-SCM Overtime', NULL, NULL, 'E', 'FJ', '1', '4001700', 'Overtime', 'Food'), (360, '', 'EFJ14004150', 'IC-SCM Danger Pay non-PSA funded (Int Staff)', NULL, NULL, 'E', 'FJ', '1', '4004150', 'Danger Pay non-PSA funded (Int Staff)', 'Food'), (361, '', 'EFJ14004300', 'IC-SCM Rest & Recup: Non-PSA Funded Post (Int. Sta', NULL, NULL, 'E', 'FJ', '1', '4004300', 'Rest & Recup: Non-PSA Funded Post (Int. Staff)', 'Food'), (362, '', 'EFJ14200000', 'IC-SCM Int\'l Consultants Honoraria -Payroll', NULL, NULL, 'E', 'FJ', '1', '4200000', 'Int\'l Consultants Honoraria -Payroll', 'Food'), (363, '', 'EFJ14200100', 'IC-SCM Actual JPO\'s Post Cost -Salary/Allow/Benefi', NULL, NULL, 'E', 'FJ', '1', '4200100', 'Actual JPO\'s Post Cost -Salary/Allow/Benefits', 'Food'), (364, '', 'EFJ14200220', 'IC-SCM Actual JPO’s Cost – Add Hardship Allowance', NULL, NULL, 'E', 'FJ', '1', '4200220', 'Actual JPO’s Cost – Add Hardship Allowance (AHA)', 'Food'), (365, '', 'EFJ14200230', 'IC-SCM Actual JPO’s Cost – Non Family Service Allo', NULL, NULL, 'E', 'FJ', '1', '4200230', 'Actual JPO’s Cost – Non Family Service Allowance', 'Food'), (366, '', 'EFJ14200300', 'IC-SCM Actual JPO\'s Post Cost - EMEA', NULL, NULL, 'E', 'FJ', '1', '4200300', 'Actual JPO\'s Post Cost - EMEA', 'Food'), (367, '', 'EFJ14200400', 'IC-SCM Actual JPO\'s Post Cost-Assignment Grant', NULL, NULL, 'E', 'FJ', '1', '4200400', 'Actual JPO\'s Post Cost-Assignment Grant', 'Food'), (368, '', 'EFJ14200410', 'IC-SCM Actual JPO\'s Post Cost - Settling-in Grant', NULL, NULL, 'E', 'FJ', '1', '4200410', 'Actual JPO\'s Post Cost - Settling-in Grant', 'Food'), (369, '', 'EFJ14200500', 'IC-SCM Actual JPO\'s Post Cost - Repatriation Grant', NULL, NULL, 'E', 'FJ', '1', '4200500', 'Actual JPO\'s Post Cost - Repatriation Grant', 'Food'), (370, '', 'EFJ14200600', 'IC-SCM Other JPO costs (JPO Fund)', NULL, NULL, 'E', 'FJ', '1', '4200600', 'Other JPO costs (JPO Fund)', 'Food'), (371, '', 'EFJ14200750', 'IC-SCM JPO Danger Pay (JPO Fund)', NULL, NULL, 'E', 'FJ', '1', '4200750', 'JPO Danger Pay (JPO Fund)', 'Food'), (372, '', 'EFJ14200800', 'IC-SCM JPO Rest & Recuperation (JPO Fund)', NULL, NULL, 'E', 'FJ', '1', '4200800', 'JPO Rest & Recuperation (JPO Fund)', 'Food'), (373, '', 'EFJ14200900', 'IC-SCM JPO Travel Entitlem Exclud. Duty Travel (JP', NULL, NULL, 'E', 'FJ', '1', '4200900', 'JPO Travel Entitlem Exclud. Duty Travel (JPO Fund)', 'Food'), (374, '', 'EFJ14200950', 'IC-SCM JPO Training and Development (JPO Fund)', NULL, NULL, 'E', 'FJ', '1', '4200950', 'JPO Training and Development (JPO Fund)', 'Food'), (375, 'X', 'EFJ14201000', 'IC-SCM Employee Duty Travel (WFP)', NULL, NULL, 'E', 'FJ', '1', '4201000', 'Employee Duty Travel (WFP)', 'Food'), (376, '', 'EFJ14201010', 'IC-SCM NO/GS Staff In-Country Deployment Travel', NULL, NULL, 'E', 'FJ', '1', '4201010', 'NO/GS Staff In-Country Deployment Travel', 'Food'), (377, '', 'EFJ14201700', 'IC-SCM Int. Consultant Travel: Non Duty (WFP Only)', NULL, NULL, 'E', 'FJ', '1', '4201700', 'Int. Consultant Travel: Non Duty (WFP Only)', 'Food'), (378, '', 'EFJ14201800', 'IC-SCM Temporary Assist. HQ Payroll Loc Staff', NULL, NULL, 'E', 'FJ', '1', '4201800', 'Temporary Assist. HQ Payroll Loc Staff', 'Food'), (379, '', 'EFJ14201900', 'IC-SCM Separation Packages Setlem Loc Staff', NULL, NULL, 'E', 'FJ', '1', '4201900', 'Separation Packages Setlem Loc Staff', 'Food'), (380, '', 'EFJ14202000', 'IC-SCM Medical Travel/Evacuation - Local Employees', NULL, NULL, 'E', 'FJ', '1', '4202000', 'Medical Travel/Evacuation - Local Employees', 'Food'), (381, 'X', 'EFJ14202100', 'IC-SCM Residential Security NonPSA', NULL, NULL, 'E', 'FJ', '1', '4202100', 'Residential Security NonPSA', 'Food'), (382, '', 'EFJ14300000', 'IC-SCM Local Staff - National Officer', NULL, NULL, 'E', 'FJ', '1', '4300000', 'Local Staff - National Officer', 'Food'), (383, '', 'EFJ14300100', 'IC-SCM Local Staff - General Service', NULL, NULL, 'E', 'FJ', '1', '4300100', 'Local Staff - General Service', 'Food'), (384, '', 'EFJ14300110', 'IC-SCM Local Staff LT Benefits Accrual', NULL, NULL, 'E', 'FJ', '1', '4300110', 'Local Staff LT Benefits Accrual', 'Food'), (385, '', 'EFJ14300200', 'IC-SCM Local Staff -Temporary Assistance', NULL, NULL, 'E', 'FJ', '1', '4300200', 'Local Staff -Temporary Assistance', 'Food'), (386, '', 'EFJ14300250', 'IC-SCM Casual Labour (Local)', NULL, NULL, 'E', 'FJ', '1', '4300250', 'Casual Labour (Local)', 'Food'), (387, '', 'EFJ14300300', 'IC-SCM Local Employees - Overtime', NULL, NULL, 'E', 'FJ', '1', '4300300', 'Local Employees - Overtime', 'Food'), (388, '', 'EFJ14300350', 'IC-SCM Other Rest & Recup: Non Int.Staff &JPO Fund', NULL, NULL, 'E', 'FJ', '1', '4300350', 'Other Rest & Recup: Non Int.Staff &JPO Funded Post', 'Food'), (389, '', 'EFJ14300410', 'IC-SCM Other Danger Pay: Non Int. Staff & JPO Fund', NULL, NULL, 'E', 'FJ', '1', '4300410', 'Other Danger Pay: Non Int. Staff & JPO Funded Post', 'Food'), (390, '', 'EFJ14300500', 'IC-SCM Medical Insurance for SC, SSA & Casual Labo', NULL, NULL, 'E', 'FJ', '1', '4300500', 'Medical Insurance for SC, SSA & Casual Labour', 'Food'), (391, '', 'EFJ14300550', 'IC-SCM MCS Employer contribution -  Non Payroll', NULL, NULL, 'E', 'FJ', '1', '4300550', 'MCS Employer contribution -  Non Payroll', 'Food'), (392, '', 'EFJ14300560', 'IC-SCM Entry Medical Examination - Local Employees', NULL, NULL, 'E', 'FJ', '1', '4300560', 'Entry Medical Examination - Local Employees', 'Food'), (393, '', 'EFJ14300570', 'IC-SCM DDSS payments to SC/SSA', NULL, NULL, 'E', 'FJ', '1', '4300570', 'DDSS payments to SC/SSA', 'Food'), (394, '', 'EFJ14300600', 'IC-SCM Non Staff HR: UNV', NULL, NULL, 'E', 'FJ', '1', '4300600', 'Non Staff HR: UNV', 'Food'), (395, '', 'EFJ14300700', 'IC-SCM Local Consultants', NULL, NULL, 'E', 'FJ', '1', '4300700', 'Local Consultants', 'Food'), (396, 'X', 'EFJ14300800', 'IC-SCM Coop Partner & Non WFP Employee Duty Travel', NULL, NULL, 'E', 'FJ', '1', '4300800', 'Coop Partner & Non WFP Employee Duty Travel', 'Food'), (397, '', 'EFJ14300900', 'IC-SCM Non Staff HR: Interns', NULL, NULL, 'E', 'FJ', '1', '4300900', 'Non Staff HR: Interns', 'Food'), (398, 'X', 'EFJ16000000', 'IC-SCM Supplies & Materials-Computer Equipment', NULL, NULL, 'E', 'FJ', '1', '6000000', 'Supplies & Materials-Computer Equipment', 'Food'), (399, 'X', 'EFJ16000050', 'IC-SCM Supplies & Materials-Office Equipment', NULL, NULL, 'E', 'FJ', '1', '6000050', 'Supplies & Materials-Office Equipment', 'Food'), (400, 'X', 'EFJ16000100', 'IC-SCM Supplies & Materials-Office Furniture and f', NULL, NULL, 'E', 'FJ', '1', '6000100', 'Supplies & Materials-Office Furniture and fixtures', 'Food'), (401, 'X', 'EFJ16000200', 'IC-SCM Supplies & Materials-Security and safety eq', NULL, NULL, 'E', 'FJ', '1', '6000200', 'Supplies & Materials-Security and safety equipment', 'Food'), (402, 'X', 'EFJ16000300', 'IC-SCM Supplies & Materials-Telecommunication Equi', NULL, NULL, 'E', 'FJ', '1', '6000300', 'Supplies & Materials-Telecommunication Equipment', 'Food'), (403, 'X', 'EFJ16000400', 'IC-SCM Supplies & Materials-Motor Vehicles', NULL, NULL, 'E', 'FJ', '1', '6000400', 'Supplies & Materials-Motor Vehicles', 'Food'), (404, 'X', 'EFJ16000500', 'IC-SCM Supplies & Materials-Warehous & Workshop Eq', NULL, NULL, 'E', 'FJ', '1', '6000500', 'Supplies & Materials-Warehous & Workshop Equipment', 'Food'), (405, 'X', 'EFJ16501000', 'IC-SCM Equipm: Kitchen/Canteen Materials & Equipme', NULL, NULL, 'E', 'FJ', '1', '6501000', 'Equipm: Kitchen/Canteen Materials & Equipment', 'Food'), (406, 'X', 'EFJ16502000', 'IC-SCM Equipm: Health Related Material and Equipme', NULL, NULL, 'E', 'FJ', '1', '6502000', 'Equipm: Health Related Material and Equipment', 'Food'), (407, 'X', 'EFJ16507000', 'IC-SCM Other Tools & Equipment', NULL, NULL, 'E', 'FJ', '1', '6507000', 'Other Tools & Equipment', 'Food'), (408, 'X', 'EFJ16600000', 'IC-SCM Utilities - General', NULL, NULL, 'E', 'FJ', '1', '6600000', 'Utilities - General', 'Food'), (409, 'X', 'EFJ16602000', 'IC-SCM Utilities - Water', NULL, NULL, 'E', 'FJ', '1', '6602000', 'Utilities - Water', 'Food'), (410, 'X', 'EFJ16603000', 'IC-SCM Utilities - Electricity', NULL, NULL, 'E', 'FJ', '1', '6603000', 'Utilities - Electricity', 'Food'), (411, 'X', 'EFJ16604000', 'IC-SCM Office Supplies & Other Consumables', NULL, NULL, 'E', 'FJ', '1', '6604000', 'Office Supplies & Other Consumables', 'Food'), (412, 'X', 'EFJ16605000', 'IC-SCM Fuel, Diesel and Petrol: vehicles', NULL, NULL, 'E', 'FJ', '1', '6605000', 'Fuel, Diesel and Petrol: vehicles', 'Food'), (413, 'X', 'EFJ16605100', 'IC-SCM Fuel: Facilities', NULL, NULL, 'E', 'FJ', '1', '6605100', 'Fuel: Facilities', 'Food'), (414, 'X', 'EFJ16606000', 'IC-SCM Oil & Lubricants other', NULL, NULL, 'E', 'FJ', '1', '6606000', 'Oil & Lubricants other', 'Food'), (415, 'X', 'EFJ16609000', 'IC-SCM Communications & IT Services (WFP only)', NULL, NULL, 'E', 'FJ', '1', '6609000', 'Communications & IT Services (WFP only)', 'Food'), (416, 'X', 'EFJ17001000', 'IC-SCM Rental of Facility', NULL, NULL, 'E', 'FJ', '1', '7001000', 'Rental of Facility', 'Food'), (417, 'X', 'EFJ17024000', 'IC-SCM Insurance Vehicles', NULL, NULL, 'E', 'FJ', '1', '7024000', 'Insurance Vehicles', 'Food'), (418, 'X', 'EFJ17050000', 'IC-SCM Equipment Repairs and Maintenance', NULL, NULL, 'E', 'FJ', '1', '7050000', 'Equipment Repairs and Maintenance', 'Food'), (419, 'X', 'EFJ17053000', 'IC-SCM Office Renovation', NULL, NULL, 'E', 'FJ', '1', '7053000', 'Office Renovation', 'Food'), (420, 'X', 'EFJ17054000', 'IC-SCM Office Cleaning', NULL, NULL, 'E', 'FJ', '1', '7054000', 'Office Cleaning', 'Food'), (421, 'X', 'EFJ17055000', 'IC-SCM Vehicle Running Costs and Maintenance', NULL, NULL, 'E', 'FJ', '1', '7055000', 'Vehicle Running Costs and Maintenance', 'Food'), (422, 'X', 'EFJ17100000', 'IC-SCM Vehicle Leasing', NULL, NULL, 'E', 'FJ', '1', '7100000', 'Vehicle Leasing', 'Food'), (423, 'X', 'EFJ17100100', 'IC-SCM Equipment Leasing', NULL, NULL, 'E', 'FJ', '1', '7100100', 'Equipment Leasing', 'Food'), (424, 'X', 'EFJ17102000', 'IC-SCM Other Office Expenses & Services (WFP Only)', NULL, NULL, 'E', 'FJ', '1', '7102000', 'Other Office Expenses & Services (WFP Only)', 'Food'), (425, '', 'EFJ17102010', 'IC-SCM Meetings & Workshops', NULL, NULL, 'E', 'FJ', '1', '7102010', 'Meetings & Workshops', 'Food'), (426, 'X', 'EFJ17103000', 'IC-SCM Other UN Common Services (excluding Securit', NULL, NULL, 'E', 'FJ', '1', '7103000', 'Other UN Common Services (excluding Security)', 'Food'), (427, 'X', 'EFJ17118000', 'IC-SCM Security Guard Services ', NULL, NULL, 'E', 'FJ', '1', '7118000', 'Security Guard Services ', 'Food'), (428, '', 'EFJ17119000', 'IC-SCM Commercial Consultancy Services', NULL, NULL, 'E', 'FJ', '1', '7119000', 'Commercial Consultancy Services', 'Food'), (429, '', 'EFJ17200000', 'IC-SCM Internal Service Fee (MCR)- UNHRD', NULL, NULL, 'E', 'FJ', '1', '7200000', 'Internal Service Fee (MCR)- UNHRD', 'Food'), (430, '', 'EFJ17209050', 'IC-SCM Internal Services Provided – IT PER CAPITA', NULL, NULL, 'E', 'FJ', '1', '7209050', 'Internal Services Provided – IT PER CAPITA', 'Food'), (431, '', 'EFJ17209070', 'IC-SCM IInternal Services – Security costs recover', NULL, NULL, 'E', 'FJ', '1', '7209070', 'IInternal Services – Security costs recoveries', 'Food'), (432, '', 'EFJ17211050', 'IC-SCM Internal Service Fee (MCR) - FPF', NULL, NULL, 'E', 'FJ', '1', '7211050', 'Internal Service Fee (MCR) - FPF', 'Food'), (433, 'X', 'EFJ1730350', 'IC-SCM Office equipment', NULL, NULL, 'E', 'FJ', '1', '730350', 'Office equipment', 'Food'), (434, '', 'EFJ1730500', 'IC-SCM Security and safety equipment', NULL, NULL, 'E', 'FJ', '1', '730500', 'Security and safety equipment', 'Food'), (435, 'X', 'EFJ1730600', 'IC-SCM Telecommunication Equipment', NULL, NULL, 'E', 'FJ', '1', '730600', 'Telecommunication Equipment', 'Food'), (436, 'X', 'EFJ1730700', 'IC-SCM Motor Vehicles Equipment', NULL, NULL, 'E', 'FJ', '1', '730700', 'Motor Vehicles Equipment', 'Food'), (437, '', 'EFJ1811300', 'IC-SCM Standard Staff Cost  (HQ Payroll)', NULL, NULL, 'E', 'FJ', '1', '811300', 'Standard Staff Cost  (HQ Payroll)', 'Food'), (438, '', 'EFJ27119000', 'IC-SCM Com. Cons. Serv. (IK)', NULL, NULL, 'E', 'FJ', '2', '7119000', 'Commercial Consultancy Services', 'Food'), (439, '', 'EFK14001700', 'OV-SCM Overtime', NULL, NULL, 'E', 'FK', '1', '4001700', 'Overtime', 'Food'), (440, '', 'EFK14004150', 'OV-SCM Danger Pay non-PSA funded (Int Staff)', NULL, NULL, 'E', 'FK', '1', '4004150', 'Danger Pay non-PSA funded (Int Staff)', 'Food'), (441, '', 'EFK14004300', 'OV-SCM Rest & Recup: Non-PSA Funded Post (Int. Sta', NULL, NULL, 'E', 'FK', '1', '4004300', 'Rest & Recup: Non-PSA Funded Post (Int. Staff)', 'Food'), (442, '', 'EFK14200000', 'OV-SCM Int\'l Consultants Honoraria -Payroll', NULL, NULL, 'E', 'FK', '1', '4200000', 'Int\'l Consultants Honoraria -Payroll', 'Food'), (443, '', 'EFK14200100', 'OV-SCM Actual JPO\'s Post Cost -Salary/Allow/Benefi', NULL, NULL, 'E', 'FK', '1', '4200100', 'Actual JPO\'s Post Cost -Salary/Allow/Benefits', 'Food'), (444, '', 'EFK14200220', 'OV-SCM Actual JPO’s Cost – Add Hardship Allowance', NULL, NULL, 'E', 'FK', '1', '4200220', 'Actual JPO’s Cost – Add Hardship Allowance (AHA)', 'Food'), (445, '', 'EFK14200230', 'OV-SCM Actual JPO’s Cost – Non Family Service Allo', NULL, NULL, 'E', 'FK', '1', '4200230', 'Actual JPO’s Cost – Non Family Service Allowance', 'Food'), (446, '', 'EFK14200300', 'OV-SCM Actual JPO\'s Post Cost - EMEA', NULL, NULL, 'E', 'FK', '1', '4200300', 'Actual JPO\'s Post Cost - EMEA', 'Food'), (447, '', 'EFK14200400', 'OV-SCM Actual JPO\'s Post Cost-Assignment Grant', NULL, NULL, 'E', 'FK', '1', '4200400', 'Actual JPO\'s Post Cost-Assignment Grant', 'Food'), (448, '', 'EFK14200410', 'OV-SCM Actual JPO\'s Post Cost - Settling-in Grant', NULL, NULL, 'E', 'FK', '1', '4200410', 'Actual JPO\'s Post Cost - Settling-in Grant', 'Food'), (449, '', 'EFK14200500', 'OV-SCM Actual JPO\'s Post Cost - Repatriation Grant', NULL, NULL, 'E', 'FK', '1', '4200500', 'Actual JPO\'s Post Cost - Repatriation Grant', 'Food'), (450, '', 'EFK14200600', 'OV-SCM Other JPO costs (JPO Fund)', NULL, NULL, 'E', 'FK', '1', '4200600', 'Other JPO costs (JPO Fund)', 'Food'), (451, '', 'EFK14200750', 'OV-SCM JPO Danger Pay (JPO Fund)', NULL, NULL, 'E', 'FK', '1', '4200750', 'JPO Danger Pay (JPO Fund)', 'Food'), (452, '', 'EFK14200800', 'OV-SCM JPO Rest & Recuperation (JPO Fund)', NULL, NULL, 'E', 'FK', '1', '4200800', 'JPO Rest & Recuperation (JPO Fund)', 'Food'), (453, '', 'EFK14200900', 'OV-SCM JPO Travel Entitlem Exclud. Duty Travel (JP', NULL, NULL, 'E', 'FK', '1', '4200900', 'JPO Travel Entitlem Exclud. Duty Travel (JPO Fund)', 'Food'), (454, '', 'EFK14200950', 'OV-SCM JPO Training and Development (JPO Fund)', NULL, NULL, 'E', 'FK', '1', '4200950', 'JPO Training and Development (JPO Fund)', 'Food'), (455, 'X', 'EFK14201000', 'OV-SCM Employee Duty Travel (WFP)', NULL, NULL, 'E', 'FK', '1', '4201000', 'Employee Duty Travel (WFP)', 'Food'), (456, '', 'EFK14201010', 'OV-SCM NO/GS Staff In-Country Deployment Travel', NULL, NULL, 'E', 'FK', '1', '4201010', 'NO/GS Staff In-Country Deployment Travel', 'Food'), (457, '', 'EFK14201700', 'OV-SCM Int. Consultant Travel: Non Duty (WFP Only)', NULL, NULL, 'E', 'FK', '1', '4201700', 'Int. Consultant Travel: Non Duty (WFP Only)', 'Food'), (458, '', 'EFK14201800', 'OV-SCM Temporary Assist. HQ Payroll Loc Staff', NULL, NULL, 'E', 'FK', '1', '4201800', 'Temporary Assist. HQ Payroll Loc Staff', 'Food'), (459, '', 'EFK14201900', 'OV-SCM Separation Packages Setlem Loc Staff', NULL, NULL, 'E', 'FK', '1', '4201900', 'Separation Packages Setlem Loc Staff', 'Food'), (460, '', 'EFK14202000', 'OV-SCM Medical Travel/Evacuation - Local Employees', NULL, NULL, 'E', 'FK', '1', '4202000', 'Medical Travel/Evacuation - Local Employees', 'Food'), (461, '', 'EFK14300000', 'OV-SCM Local Staff - National Officer', NULL, NULL, 'E', 'FK', '1', '4300000', 'Local Staff - National Officer', 'Food'), (462, '', 'EFK14300100', 'OV-SCM Local Staff - General Service', NULL, NULL, 'E', 'FK', '1', '4300100', 'Local Staff - General Service', 'Food'), (463, '', 'EFK14300110', 'OV-SCM Local Staff LT Benefits Accrual', NULL, NULL, 'E', 'FK', '1', '4300110', 'Local Staff LT Benefits Accrual', 'Food'), (464, '', 'EFK14300200', 'OV-SCM Local Staff -Temporary Assistance', NULL, NULL, 'E', 'FK', '1', '4300200', 'Local Staff -Temporary Assistance', 'Food'), (465, '', 'EFK14300250', 'OV-SCM Casual Labour (Local)', NULL, NULL, 'E', 'FK', '1', '4300250', 'Casual Labour (Local)', 'Food'), (466, '', 'EFK14300300', 'OV-SCM Local Employees - Overtime', NULL, NULL, 'E', 'FK', '1', '4300300', 'Local Employees - Overtime', 'Food'), (467, '', 'EFK14300350', 'OV-SCM Other Rest & Recup: Non Int.Staff &JPO Fund', NULL, NULL, 'E', 'FK', '1', '4300350', 'Other Rest & Recup: Non Int.Staff &JPO Funded Post', 'Food'), (468, '', 'EFK14300410', 'OV-SCM Other Danger Pay: Non Int. Staff & JPO Fund', NULL, NULL, 'E', 'FK', '1', '4300410', 'Other Danger Pay: Non Int. Staff & JPO Funded Post', 'Food'), (469, '', 'EFK14300500', 'OV-SCM Medical Insurance for SC, SSA & Casual Labo', NULL, NULL, 'E', 'FK', '1', '4300500', 'Medical Insurance for SC, SSA & Casual Labour', 'Food'), (470, '', 'EFK14300550', 'OV-SCM MCS Employer contribution -  Non Payroll', NULL, NULL, 'E', 'FK', '1', '4300550', 'MCS Employer contribution -  Non Payroll', 'Food'), (471, '', 'EFK14300560', 'OV-SCM Entry Medical Examination - Local Employees', NULL, NULL, 'E', 'FK', '1', '4300560', 'Entry Medical Examination - Local Employees', 'Food'), (472, '', 'EFK14300570', 'OV-SCM DDSS payments to SC/SSA', NULL, NULL, 'E', 'FK', '1', '4300570', 'DDSS payments to SC/SSA', 'Food'), (473, '', 'EFK14300600', 'OV-SCM Non Staff HR: UNV', NULL, NULL, 'E', 'FK', '1', '4300600', 'Non Staff HR: UNV', 'Food');
INSERT INTO `pma_gl_codes` VALUES (474, '', 'EFK14300700', 'OV-SCM Local Consultants', NULL, NULL, 'E', 'FK', '1', '4300700', 'Local Consultants', 'Food'), (475, '', 'EFK14300900', 'OV-SCM Non Staff HR: Interns', NULL, NULL, 'E', 'FK', '1', '4300900', 'Non Staff HR: Interns', 'Food'), (476, '', 'EFK17119000', 'OV-SCM Commercial Consultancy Services', NULL, NULL, 'E', 'FK', '1', '7119000', 'Commercial Consultancy Services', 'Food'), (477, '', 'EFK17209050', 'OV-SCM Internal Services Provided – IT PER CAPITA', NULL, NULL, 'E', 'FK', '1', '7209050', 'Internal Services Provided – IT PER CAPITA', 'Food'), (478, '', 'EFK1811300', 'OV-SCM Standard Staff Cost  (HQ Payroll)', NULL, NULL, 'E', 'FK', '1', '811300', 'Standard Staff Cost  (HQ Payroll)', 'Food'), (479, '', 'EFL13006000', 'CPC Distribution Costs', NULL, NULL, 'E', 'FL', '1', '3006000', 'Distribution Costs', 'Food'), (480, '', 'EFL13240010', 'CPC Fixed costs: FLA (NGO) Expenses', NULL, NULL, 'E', 'FL', '1', '3240010', 'Fixed costs: FLA (NGO) Expenses', 'Food'), (481, '', 'EFL13240020', 'CPC Fixed costs: MOU (GOV/UN Agency) Expenses', NULL, NULL, 'E', 'FL', '1', '3240020', 'Fixed costs: MOU (GOV/UN Agency) Expenses', 'Food'), (482, 'X', 'EFL13303000', 'CPC Operational Expenses', NULL, NULL, 'E', 'FL', '1', '3303000', 'Operational Expenses', 'Food'), (483, '', 'EFL13600210', 'CPC Delivery and Distribution: FLA (NGO) Expenses', NULL, NULL, 'E', 'FL', '1', '3600210', 'Delivery and Distribution costs: FLA (NGO) Expenses', 'Food'), (484, '', 'EFL13600310', 'CPC Delivery and Distribution: MOU (GOV/UN Agency) Expneses', NULL, NULL, 'E', 'FL', '1', '3600310', 'Delivery and Distribution costs: MOU (GOV/UN Agency) Expenses', 'Food'), (485, '', 'EFL14300800', 'CPC CPC Coop Partner & Non WFP Employe Duty Travel', NULL, NULL, 'E', 'FL', '1', '4300800', 'Coop Partner & Non WFP Employee Duty Travel', 'Food'), (486, '', 'EFM1815300', 'CP Cargo Preference - Disbursement', NULL, NULL, 'E', 'FM', '1', '815300', 'Cargo Preference - Disbursement', 'Food'), (487, '', 'ECA12004000', 'CBT Value Voucher Transfer to Beneficiaries', NULL, NULL, 'E', 'CA', '1', '2004000', 'Value Voucher Transfer to Beneficiaries', 'CBT & CV'), (488, '', 'ECA12004010', 'CBT Value Voucher Transfer to Beneficiaries - Non-', NULL, NULL, 'E', 'CA', '1', '2004010', 'Value Voucher Transfer to Beneficiaries - Non-food', 'CBT & CV'), (489, '', 'ECA12005000', 'CBT Cash Transfer to Beneficiaries', NULL, NULL, 'E', 'CA', '1', '2005000', 'Cash Transfer to Beneficiaries', 'CBT & CV'), (490, '', 'ECA12005010', 'CBT Cash Transfer to Host Govt - Food', NULL, NULL, 'E', 'CA', '1', '2005010', 'Cash Transfer to Host Govt - Food', 'CBT & CV'), (491, '', 'ECA12006000', 'CBT Commodity Voucher Transfer to Beneficiaries', NULL, NULL, 'E', 'CA', '1', '2006000', 'Commodity Voucher Transfer to Beneficiaries', 'CBT & CV'), (492, '', 'ECA12860000', 'CBT CBT Loss expense account', NULL, NULL, 'E', 'CA', '1', '2860000', 'CBT Loss expense account', 'CBT & CV'), (493, '', 'ECA18161000', 'CBT Write-Off: Cash-Based Transfer Losses', NULL, NULL, 'E', 'CB', '1', '8161000', 'Write-Off: Cash-Based Transfer Losses', 'CBT & CV'), (494, '', 'ECB13108000', 'CBT Delivery: Other Insurance Acco', NULL, NULL, 'E', 'CB', '1', '3108000', 'Other Insurance Account Costs, legal fees, etc.', 'CBT & CV'), (495, '', 'ECB13600110', 'CBT Delivery: Commercial Serv./Transaction Charges', NULL, NULL, 'E', 'CB', '1', '3600110', 'CBT Delivery: Commercial Serv./Transaction Charges', 'CBT & CV'), (496, '', 'ECB16000000', 'CBT C&V S&M Computer Equipme', NULL, NULL, 'E', 'CB', '1', '6000000', 'Supplies & Materials-Computer Equipment', 'CBT & CV'), (497, '', 'ECB16000050', 'CBT Del S&M Office Equipment', NULL, NULL, 'E', 'CB', '1', '6000050', 'Supplies & Materials-Office Equipment', 'CBT & CV'), (498, '', 'ECB16000100', 'CBT Del S&M Office Furniture', NULL, NULL, 'E', 'CB', '1', '6000100', 'Supplies & Materials-Office Furniture and fixtures', 'CBT & CV'), (499, 'X', 'ECB16000300', 'CBT C&V S&M Telecommunicatio', NULL, NULL, 'E', 'CB', '1', '6000300', 'Supplies & Materials-Telecommunication Equipment', 'CBT & CV'), (500, '', 'ECB16000500', 'CBT Del S&M Warehous & Works', NULL, NULL, 'E', 'CB', '1', '6000500', 'Supplies & Materials-Warehous & Workshop Equipment', 'CBT & CV'), (501, '', 'ECB16000550', 'CBT Del S&M Buildings Permanent/Mobile', NULL, NULL, 'E', 'CB', '1', '6000550', 'Supplies & Materials- Buildings Permanent/Mobile', 'CBT & CV'), (502, '', 'ECB16600000', 'CBT Del  Utilities - General', NULL, NULL, 'E', 'CB', '1', '6600000', 'Utilities - General', 'CBT & CV'), (503, '', 'ECB16601000', 'CBT Del  Utilities - Gas', NULL, NULL, 'E', 'CB', '1', '6601000', 'Utilities - Gas', 'CBT & CV'), (504, '', 'ECB16602000', 'CBT Del  Utilities - Water', NULL, NULL, 'E', 'CB', '1', '6602000', 'Utilities - Water', 'CBT & CV'), (505, '', 'ECB16603000', 'CBT Del  Utilities - Electricity', NULL, NULL, 'E', 'CB', '1', '6603000', 'Utilities - Electricity', 'CBT & CV'), (506, '', 'ECB16604000', 'CBT Del  Office Supplies & Other Consumables', NULL, NULL, 'E', 'CB', '1', '6604000', 'Office Supplies & Other Consumables', 'CBT & CV'), (507, '', 'ECB16605000', 'CBT Del  Fuel, Diesel and Pet', NULL, NULL, 'E', 'CB', '1', '6605000', 'Fuel, Diesel and Petrol: vehicles', 'CBT & CV'), (508, '', 'ECB16605100', 'CBT Del  Fuel: Facilities', NULL, NULL, 'E', 'CB', '1', '6605100', 'Fuel: Facilities', 'CBT & CV'), (509, '', 'ECB16606000', 'CBT Del  Oil & Lubricants oth', NULL, NULL, 'E', 'CB', '1', '6606000', 'Oil & Lubricants other', 'CBT & CV'), (510, '', 'ECB16609000', 'CBT Del  Comm & IT Serv (WFP)', NULL, NULL, 'E', 'CB', '1', '6609000', 'Communications & IT Services (WFP only)', 'CBT & CV'), (511, '', 'ECB17001000', 'CBT Del  Rental of Facility', NULL, NULL, 'E', 'CB', '1', '7001000', 'Rental of Facility', 'CBT & CV'), (512, '', 'ECB17002000', 'CBT Del  UN Common Premises Rental', NULL, NULL, 'E', 'CB', '1', '7002000', 'UN Common Premises Rental', 'CBT & CV'), (513, '', 'ECB17022000', 'CBT Del  Insurance Public Liability and Premises', NULL, NULL, 'E', 'CB', '1', '7022000', 'Insurance Public Liability and Premises', 'CBT & CV'), (514, '', 'ECB17050000', 'CBT Del  Equipment Repairs an', NULL, NULL, 'E', 'CB', '1', '7050000', 'Equipment Repairs and Maintenance', 'CBT & CV'), (515, '', 'ECB17051000', 'CBT Del  Ordinary Premises Maintenance', NULL, NULL, 'E', 'CB', '1', '7051000', 'Ordinary Premises Maintenance', 'CBT & CV'), (516, '', 'ECB17052000', 'CBT Del  Extraordinary Premises Maintenance', NULL, NULL, 'E', 'CB', '1', '7052000', 'Extraordinary Premises Maintenance', 'CBT & CV'), (517, '', 'ECB17054000', 'CBT Del  Office Cleaning', NULL, NULL, 'E', 'CB', '1', '7054000', 'Office Cleaning', 'CBT & CV'), (518, '', 'ECB17055000', 'CBT Del  Vehicle Running Costs and Maintenance', NULL, NULL, 'E', 'CB', '1', '7055000', 'Vehicle Running Costs and Maintenance', 'CBT & CV'), (519, '', 'ECB17100000', 'CBT Del  Vehicle Leasing', NULL, NULL, 'E', 'CB', '1', '7100000', 'Vehicle Leasing', 'CBT & CV'), (520, '', 'ECB17100100', 'CBT Del Equipment Leasing', NULL, NULL, 'E', 'CB', '1', '7100100', 'Equipment Leasing', 'CBT & CV'), (521, '', 'ECB17102000', 'CBT Del Other Office Expenses & Services (WFP Only)', NULL, NULL, 'E', 'CB', '1', '7102000', 'Other Office Expenses & Services (WFP Only)', 'CBT & CV'), (522, '', 'ECB17118000', 'CBT C&V Security Guard Services ', NULL, NULL, 'E', 'CB', '1', '7118000', 'Security Guard Services ', 'CBT & CV'), (523, '', 'ECB17119200', 'CBT Del Printing Services - External', NULL, NULL, 'E', 'CB', '1', '7119200', 'Printing Services - External', 'CBT & CV'), (524, '', 'ECB17202000', 'CBT Del  Internal Service Fee (MCR)- GVLP', NULL, NULL, 'E', 'CB', '1', '7202000', 'Internal Service Fee (MCR)- GVLP', 'CBT & CV'), (525, '', 'ECB17203000', 'CBT Del  Internal Services provided - GVLP', NULL, NULL, 'E', 'CB', '1', '7203000', 'Internal Services provided - GVLP', 'CBT & CV'), (526, '', 'ECB1730200', 'CBT C&V Buildings - mobile', NULL, NULL, 'E', 'CB', '1', '730200', 'Buildings - mobile', 'CBT & CV'), (527, '', 'ECB1730300', 'CBT C&V Computer equipment', NULL, NULL, 'E', 'CB', '1', '730300', 'Computer equipment', 'CBT & CV'), (528, '', 'ECB1730350', 'CBT Del  Office equipment', NULL, NULL, 'E', 'CB', '1', '730350', 'Office equipment', 'CBT & CV'), (529, '', 'ECB1730400', 'CBT Del  Office Furniture and', NULL, NULL, 'E', 'CB', '1', '730400', 'Office Furniture and fixtures', 'CBT & CV'), (530, '', 'ECB1730500', 'CBT C&V Security and safety ', NULL, NULL, 'E', 'CB', '1', '730500', 'Security and safety equipment', 'CBT & CV'), (531, '', 'ECB1730600', 'CBT C&V Telecommunication Eq', NULL, NULL, 'E', 'CB', '1', '730600', 'Telecommunication Equipment', 'CBT & CV'), (532, '', 'ECB1730700', 'CBT Del  Motor Vehicles Equip', NULL, NULL, 'E', 'CB', '1', '730700', 'Motor Vehicles Equipment', 'CBT & CV'), (533, '', 'ECB1730800', 'CBT Del  Workshop & Warehouse', NULL, NULL, 'E', 'CB', '1', '730800', 'Workshop & Warehouse Equipment', 'CBT & CV'), (534, '', 'ECB2730700', 'CBT Del  Motor Vehicles Equip (IK)', NULL, NULL, 'E', 'CB', '2', '730700', 'Motor Vehicles Equipment', 'CBT & CV'), (535, '', 'ECB18161000', 'CBT Write-Off: Cash-Based Transfer Losses', NULL, NULL, 'E', 'CB', '1', '8161000', 'Write-Off: Cash-Based Transfer Losses', 'CBT & CV'), (536, '', 'ECC14001700', 'CBT Overtime', NULL, NULL, 'E', 'CC', '1', '4001700', 'Overtime', 'CBT & CV'), (537, '', 'ECC14004150', 'CBT Danger Pay non-PSA funded (Int Staff)', NULL, NULL, 'E', 'CC', '1', '4004150', 'Danger Pay non-PSA funded (Int Staff)', 'CBT & CV'), (538, '', 'ECC14004300', 'CBT Rest & Recup: Non-PSA Funded Post (Int. Staff)', NULL, NULL, 'E', 'CC', '1', '4004300', 'Rest & Recup: Non-PSA Funded Post (Int. Staff)', 'CBT & CV'), (539, '', 'ECC14200000', 'CBT Int\'l Consultants Honoraria -Payroll', NULL, NULL, 'E', 'CC', '1', '4200000', 'Int\'l Consultants Honoraria -Payroll', 'CBT & CV'), (540, '', 'ECC14200100', 'CBT Actual JPO\'s Post Cost -Salary/Allow/Benefits', NULL, NULL, 'E', 'CC', '1', '4200100', 'Actual JPO\'s Post Cost -Salary/Allow/Benefits', 'CBT & CV'), (541, '', 'ECC14200220', 'CBT Actual JPO’s Cost – Add Hardship Allowance (AH', NULL, NULL, 'E', 'CC', '1', '4200220', 'Actual JPO’s Cost – Add Hardship Allowance (AHA)', 'CBT & CV'), (542, '', 'ECC14200230', 'CBT Actual JPO’s Cost – Non Family Service Allowan', NULL, NULL, 'E', 'CC', '1', '4200230', 'Actual JPO’s Cost – Non Family Service Allowance', 'CBT & CV'), (543, '', 'ECC14200300', 'CBT Actual JPO\'s Post Cost - EMEA', NULL, NULL, 'E', 'CC', '1', '4200300', 'Actual JPO\'s Post Cost - EMEA', 'CBT & CV'), (544, '', 'ECC14200400', 'CBT Actual JPO\'s Post Cost-Assignment Grant', NULL, NULL, 'E', 'CC', '1', '4200400', 'Actual JPO\'s Post Cost-Assignment Grant', 'CBT & CV'), (545, '', 'ECC14200410', 'CBT Actual JPO\'s Post Cost - Settling-in Grant', NULL, NULL, 'E', 'CC', '1', '4200410', 'Actual JPO\'s Post Cost - Settling-in Grant', 'CBT & CV'), (546, '', 'ECC14200500', 'CBT Actual JPO\'s Post Cost - Repatriation Grant', NULL, NULL, 'E', 'CC', '1', '4200500', 'Actual JPO\'s Post Cost - Repatriation Grant', 'CBT & CV'), (547, '', 'ECC14200600', 'CBT Other JPO costs (JPO Fund)', NULL, NULL, 'E', 'CC', '1', '4200600', 'Other JPO costs (JPO Fund)', 'CBT & CV'), (548, '', 'ECC14200750', 'CBT JPO Danger Pay (JPO Fund)', NULL, NULL, 'E', 'CC', '1', '4200750', 'JPO Danger Pay (JPO Fund)', 'CBT & CV'), (549, '', 'ECC14200800', 'CBT JPO Rest & Recuperation (JPO Fund)', NULL, NULL, 'E', 'CC', '1', '4200800', 'JPO Rest & Recuperation (JPO Fund)', 'CBT & CV'), (550, '', 'ECC14200900', 'CBT JPO Travel Entitlem Exclud. Duty Travel (JPO F', NULL, NULL, 'E', 'CC', '1', '4200900', 'JPO Travel Entitlem Exclud. Duty Travel (JPO Fund)', 'CBT & CV'), (551, '', 'ECC14200950', 'CBT JPO Training and Development (JPO Fund)', NULL, NULL, 'E', 'CC', '1', '4200950', 'JPO Training and Development (JPO Fund)', 'CBT & CV'), (552, 'X', 'ECC14201000', 'CBT Employee Duty Travel (WFP)', NULL, NULL, 'E', 'CC', '1', '4201000', 'Employee Duty Travel (WFP)', 'CBT & CV'), (553, '', 'ECC14201010', 'CBT NO/GS Staff In-Country Deployment Travel', NULL, NULL, 'E', 'CC', '1', '4201010', 'NO/GS Staff In-Country Deployment Travel', 'CBT & CV'), (554, '', 'ECC14201700', 'CBT Int. Consultant Travel: Non Duty (WFP Only)', NULL, NULL, 'E', 'CC', '1', '4201700', 'Int. Consultant Travel: Non Duty (WFP Only)', 'CBT & CV'), (555, '', 'ECC14201800', 'CBT Temporary Assist. HQ Payroll Loc Staff', NULL, NULL, 'E', 'CC', '1', '4201800', 'Temporary Assist. HQ Payroll Loc Staff', 'CBT & CV'), (556, '', 'ECC14201900', 'CBT Separation Packages Setlem Loc Staff', NULL, NULL, 'E', 'CC', '1', '4201900', 'Separation Packages Setlem Loc Staff', 'CBT & CV'), (557, '', 'ECC14202000', 'CBT Medical Travel/Evacuation - Local Employees', NULL, NULL, 'E', 'CC', '1', '4202000', 'Medical Travel/Evacuation - Local Employees', 'CBT & CV'), (558, '', 'ECC14300000', 'CBT Local Staff - National Officer', NULL, NULL, 'E', 'CC', '1', '4300000', 'Local Staff - National Officer', 'CBT & CV'), (559, '', 'ECC14300100', 'CBT Local Staff - General Service', NULL, NULL, 'E', 'CC', '1', '4300100', 'Local Staff - General Service', 'CBT & CV'), (560, '', 'ECC14300110', 'CBT Local Staff LT Benefits Accrual', NULL, NULL, 'E', 'CC', '1', '4300110', 'Local Staff LT Benefits Accrual', 'CBT & CV'), (561, '', 'ECC14300200', 'CBT Local Staff -Temporary Assistance', NULL, NULL, 'E', 'CC', '1', '4300200', 'Local Staff -Temporary Assistance', 'CBT & CV'), (562, '', 'ECC14300250', 'CBT Casual Labour (Local)', NULL, NULL, 'E', 'CC', '1', '4300250', 'Casual Labour (Local)', 'CBT & CV'), (563, '', 'ECC14300300', 'CBT Local Employees - Overtime', NULL, NULL, 'E', 'CC', '1', '4300300', 'Local Employees - Overtime', 'CBT & CV'), (564, '', 'ECC14300350', 'CBT Other Rest & Recup: Non Int.Staff &JPO Funded', NULL, NULL, 'E', 'CC', '1', '4300350', 'Other Rest & Recup: Non Int.Staff &JPO Funded Post', 'CBT & CV'), (565, '', 'ECC14300410', 'CBT Other Danger Pay: Non Int. Staff & JPO Funded', NULL, NULL, 'E', 'CC', '1', '4300410', 'Other Danger Pay: Non Int. Staff & JPO Funded Post', 'CBT & CV'), (566, '', 'ECC14300500', 'CBT Medical Insurance for SC, SSA & Casual Labour', NULL, NULL, 'E', 'CC', '1', '4300500', 'Medical Insurance for SC, SSA & Casual Labour', 'CBT & CV'), (567, '', 'ECC14300550', 'CBT MCS Employer contribution -  Non Payroll', NULL, NULL, 'E', 'CC', '1', '4300550', 'MCS Employer contribution -  Non Payroll', 'CBT & CV'), (568, '', 'ECC14300560', 'CBT Entry Medical Examination - Local Employees', NULL, NULL, 'E', 'CC', '1', '4300560', 'Entry Medical Examination - Local Employees', 'CBT & CV'), (569, '', 'ECC14300570', 'CBT DDSS payments to SC/SSA', NULL, NULL, 'E', 'CC', '1', '4300570', 'DDSS payments to SC/SSA', 'CBT & CV'), (570, '', 'ECC14300600', 'CBT Non Staff HR: UNV', NULL, NULL, 'E', 'CC', '1', '4300600', 'Non Staff HR: UNV', 'CBT & CV'), (571, '', 'ECC14300700', 'CBT Local Consultants', NULL, NULL, 'E', 'CC', '1', '4300700', 'Local Consultants', 'CBT & CV'), (572, 'X', 'ECC14300800', 'CBT Coop Partner & Non WFP Employee Duty Travel', NULL, NULL, 'E', 'CC', '1', '4300800', 'Coop Partner & Non WFP Employee Duty Travel', 'CBT & CV'), (573, '', 'ECC14300900', 'CBT Non Staff HR: Interns', NULL, NULL, 'E', 'CC', '1', '4300900', 'Non Staff HR: Interns', 'CBT & CV'), (574, 'X', 'ECC16000000', 'CBT S&M Computer Equipme', NULL, NULL, 'E', 'CC', '1', '6000000', 'Supplies & Materials-Computer Equipment', 'CBT & CV'), (575, 'X', 'ECC16000050', 'CBT S&M Office Equipment', NULL, NULL, 'E', 'CC', '1', '6000050', 'Supplies & Materials-Office Equipment', 'CBT & CV'), (576, 'X', 'ECC16000500', 'CBT S&M Warehous & Works', NULL, NULL, 'E', 'CC', '1', '6000500', 'Supplies & Materials-Warehous & Workshop Equipment', 'CBT & CV'), (577, 'X', 'ECC16000550', 'CBT S&M Buildings Permanent/Mobile', NULL, NULL, 'E', 'CC', '1', '6000550', 'Supplies & Materials- Buildings Permanent/Mobile', 'CBT & CV'), (578, 'X', 'ECC16501000', 'CBT S&M en Materials & E', NULL, NULL, 'E', 'CC', '1', '6501000', 'Equipm: Kitchen/Canteen Materials & Equipment', 'CBT & CV'), (579, 'X', 'ECC16604000', 'CBT Office Supplies & Other Consumables', NULL, NULL, 'E', 'CC', '1', '6604000', 'Office Supplies & Other Consumables', 'CBT & CV'), (580, 'X', 'ECC16605000', 'CBT Fuel, Diesel and Pet', NULL, NULL, 'E', 'CC', '1', '6605000', 'Fuel, Diesel and Petrol: vehicles', 'CBT & CV'), (581, 'X', 'ECC16609000', 'CBT Comm & IT Serv (WFP only)', NULL, NULL, 'E', 'CC', '1', '6609000', 'Communications & IT Services (WFP only)', 'CBT & CV'), (582, 'X', 'ECC17001000', 'CBT Rental of Facility', NULL, NULL, 'E', 'CC', '1', '7001000', 'Rental of Facility', 'CBT & CV'), (583, 'X', 'ECC17022000', 'CBT Insurance Public Liability and Premises', NULL, NULL, 'E', 'CC', '1', '7022000', 'Insurance Public Liability and Premises', 'CBT & CV'), (584, 'X', 'ECC17053000', 'CBT Office Renovation', NULL, NULL, 'E', 'CC', '1', '7053000', 'Office Renovation', 'CBT & CV'), (585, 'X', 'ECC17054000', 'CBT Office Cleaning', NULL, NULL, 'E', 'CC', '1', '7054000', 'Office Cleaning', 'CBT & CV'), (586, 'X', 'ECC17055000', 'CBT Vehicle Running Costs and Maintenance', NULL, NULL, 'E', 'CC', '1', '7055000', 'Vehicle Running Costs and Maintenance', 'CBT & CV'), (587, 'X', 'ECC17100000', 'CBT Vehicle Leasing', NULL, NULL, 'E', 'CC', '1', '7100000', 'Vehicle Leasing', 'CBT & CV'), (588, 'X', 'ECC17102000', 'CBT Other Office Expenses & Services (WFP Only)', NULL, NULL, 'E', 'CC', '1', '7102000', 'Other Office Expenses & Services (WFP Only)', 'CBT & CV'), (589, '', 'ECC17102010', 'CBT Meetings & Workshops', NULL, NULL, 'E', 'CC', '1', '7102010', 'Meetings & Workshops', 'CBT & CV'), (590, 'X', 'ECC17118000', 'CBT Security Guard Services ', NULL, NULL, 'E', 'CC', '1', '7118000', 'Security Guard Services ', 'CBT & CV'), (591, '', 'ECC17119000', 'CBT Commercial Consultancy Services', NULL, NULL, 'E', 'CC', '1', '7119000', 'Commercial Consultancy Services', 'CBT & CV'), (592, '', 'ECC17209050', 'CBT Internal Services Provided – IT PER CAPITA', NULL, NULL, 'E', 'CC', '1', '7209050', 'Internal Services Provided – IT PER CAPITA', 'CBT & CV'), (593, '', 'ECC17209070', 'CBT IInternal Services –', NULL, NULL, 'E', 'CC', '1', '7209070', 'IInternal Services – Security costs recoveries', 'CBT & CV'), (594, '', 'ECC1730500', 'CBT Security and safety ', NULL, NULL, 'E', 'CC', '1', '730500', 'Security and safety equipment', 'CBT & CV'), (595, '', 'ECC1811300', 'CBT Standard Staff Cost  (HQ Payroll)', NULL, NULL, 'E', 'CC', '1', '811300', 'Standard Staff Cost  (HQ Payroll)', 'CBT & CV'), (596, '', 'ECC27119000', 'CBT Com. Cons. Serv. (IK)', NULL, NULL, 'E', 'CC', '2', '7119000', 'Commercial Consultancy Services', 'CBT & CV'), (597, '', 'ECD13240010', 'CBT Fixed costs: FLA (NGO) Expenses', NULL, NULL, 'E', 'CD', '1', '3240010', 'Fixed costs: FLA (NGO) Expenses', 'CBT & CV'), (598, '', 'ECD13240020', 'CBT Fixed costs: MOU (GOV/UN Agency) Expenses', NULL, NULL, 'E', 'CD', '1', '3240020', 'Fixed costs: MOU (GOV/UN Agency) Expenses', 'CBT & CV'), (599, 'X', 'ECD13303000', 'CBT Operational Expenses', NULL, NULL, 'E', 'CD', '1', '3303000', 'Operational Expenses', 'CBT & CV'), (600, '', 'ECD13600210', 'CBT Delivery and Distribution costs: FLA (NGO) Exp', NULL, NULL, 'E', 'CD', '1', '3600210', 'Delivery and Distribution costs: FLA (NGO) Expenses', 'CBT & CV'), (601, '', 'ECD13600310', 'CBT Delivery and Distribution costs: MOU (GOV/UN A', NULL, NULL, 'E', 'CD', '1', '3600310', 'Delivery and Distribution costs: MOU (GOV/UN Agency) Expenses', 'CBT & CV'), (602, '', 'ECD14300800', 'CBT Coop Partner & Non WFP Employee Duty Travel', NULL, NULL, 'E', 'CD', '1', '4300800', 'Coop Partner & Non WFP Employee Duty Travel', 'CBT & CV'), (603, '', 'ESA13101000', 'CS NFI Insurance Premium - Premium to Self Insur', NULL, NULL, 'E', 'SA', '1', '3101000', 'Insurance Premium - Premium to Self Insurance Fund', 'Capacity Strengthening'), (604, '', 'ESA13219100', 'CS Transportation- Land', NULL, NULL, 'E', 'SA', '1', '3219100', 'Transportation- Land (non capitalised)', 'Capacity Strengthening'), (605, '', 'ESA13300000', 'CS Assesments/Pre-Appraisal', NULL, NULL, 'E', 'SA', '1', '3300000', 'ASSESSMENTS/PRE-APPRAISAL', 'Capacity Strengthening'), (606, '', 'ESA13301000', 'CS Evaluations/Surveys', NULL, NULL, 'E', 'SA', '1', '3301000', 'EVALUATIONS/SURVEYS', 'Capacity Strengthening'), (607, '', 'ESA13302000', 'CS Impact/Evaluation Monitoring', NULL, NULL, 'E', 'SA', '1', '3302000', 'IMPACT/EVALUATION MONITORING', 'Capacity Strengthening'), (608, '', 'ESA14001700', 'CS Overtime', NULL, NULL, 'E', 'SA', '1', '4001700', 'Overtime', 'Capacity Strengthening'), (609, '', 'ESA14004150', 'CS Danger Pay non-PSA funded (Int Staff)', NULL, NULL, 'E', 'SA', '1', '4004150', 'Danger Pay non-PSA funded (Int Staff)', 'Capacity Strengthening'), (610, '', 'ESA14004300', 'CS Rest & Recup: Non-PSA Funded Post (Int. Staff)', NULL, NULL, 'E', 'SA', '1', '4004300', 'Rest & Recup: Non-PSA Funded Post (Int. Staff)', 'Capacity Strengthening'), (611, '', 'ESA14200000', 'CS Int\'l Consultants Honoraria -Payroll', NULL, NULL, 'E', 'SA', '1', '4200000', 'Int\'l Consultants Honoraria -Payroll', 'Capacity Strengthening'), (612, '', 'ESA14200100', 'CS Actual JPO\'s Post Cost -Salary/Allow/Benefits', NULL, NULL, 'E', 'SA', '1', '4200100', 'Actual JPO\'s Post Cost -Salary/Allow/Benefits', 'Capacity Strengthening'), (613, '', 'ESA14200220', 'CS Actual JPO’s Cost – Add Hardship Allowance (AHA', NULL, NULL, 'E', 'SA', '1', '4200220', 'Actual JPO’s Cost – Add Hardship Allowance (AHA)', 'Capacity Strengthening'), (614, '', 'ESA14200230', 'CS Actual JPO’s Cost – Non Family Service Allowanc', NULL, NULL, 'E', 'SA', '1', '4200230', 'Actual JPO’s Cost – Non Family Service Allowance', 'Capacity Strengthening'), (615, '', 'ESA14200300', 'CS Actual JPO\'s Post Cost - EMEA', NULL, NULL, 'E', 'SA', '1', '4200300', 'Actual JPO\'s Post Cost - EMEA', 'Capacity Strengthening'), (616, '', 'ESA14200400', 'CS Actual JPO\'s Post Cost-Assignment Grant', NULL, NULL, 'E', 'SA', '1', '4200400', 'Actual JPO\'s Post Cost-Assignment Grant', 'Capacity Strengthening'), (617, '', 'ESA14200410', 'CS Actual JPO\'s Post Cost - Settling-in Grant', NULL, NULL, 'E', 'SA', '1', '4200410', 'Actual JPO\'s Post Cost - Settling-in Grant', 'Capacity Strengthening'), (618, '', 'ESA14200500', 'CS Actual JPO\'s Post Cost - Repatriation Grant', NULL, NULL, 'E', 'SA', '1', '4200500', 'Actual JPO\'s Post Cost - Repatriation Grant', 'Capacity Strengthening'), (619, '', 'ESA14200600', 'CS Other JPO costs (JPO Fund)', NULL, NULL, 'E', 'SA', '1', '4200600', 'Other JPO costs (JPO Fund)', 'Capacity Strengthening'), (620, '', 'ESA14200750', 'CS JPO Danger Pay (JPO Fund)', NULL, NULL, 'E', 'SA', '1', '4200750', 'JPO Danger Pay (JPO Fund)', 'Capacity Strengthening'), (621, '', 'ESA14200800', 'CS JPO Rest & Recuperation (JPO Fund)', NULL, NULL, 'E', 'SA', '1', '4200800', 'JPO Rest & Recuperation (JPO Fund)', 'Capacity Strengthening'), (622, '', 'ESA14200900', 'CS JPO Travel Entitlem Exclud. Duty Travel (JPO Fu', NULL, NULL, 'E', 'SA', '1', '4200900', 'JPO Travel Entitlem Exclud. Duty Travel (JPO Fund)', 'Capacity Strengthening'), (623, '', 'ESA14200950', 'CS JPO Training and Development (JPO Fund)', NULL, NULL, 'E', 'SA', '1', '4200950', 'JPO Training and Development (JPO Fund)', 'Capacity Strengthening'), (624, '', 'ESA14201000', 'CS Employee Duty Travel (WFP)', NULL, NULL, 'E', 'SA', '1', '4201000', 'Employee Duty Travel (WFP)', 'Capacity Strengthening'), (625, '', 'ESA14201010', 'CS NO/GS Staff In-Country Deployment Travel', NULL, NULL, 'E', 'SA', '1', '4201010', 'NO/GS Staff In-Country Deployment Travel', 'Capacity Strengthening'), (626, '', 'ESA14201700', 'CS Int. Consultant Travel: Non Duty (WFP Only)', NULL, NULL, 'E', 'SA', '1', '4201700', 'Int. Consultant Travel: Non Duty (WFP Only)', 'Capacity Strengthening'), (627, '', 'ESA14201800', 'CS Temporary Assist. HQ Payroll Loc Staff', NULL, NULL, 'E', 'SA', '1', '4201800', 'Temporary Assist. HQ Payroll Loc Staff', 'Capacity Strengthening'), (628, '', 'ESA14201900', 'CS Separation Packages Setlem Loc Staff', NULL, NULL, 'E', 'SA', '1', '4201900', 'Separation Packages Setlem Loc Staff', 'Capacity Strengthening'), (629, '', 'ESA14202000', 'CS Medical Travel/Evacuation - Local Employees', NULL, NULL, 'E', 'SA', '1', '4202000', 'Medical Travel/Evacuation - Local Employees', 'Capacity Strengthening'), (630, 'X', 'ESA14202100', 'CS Residential Security NonPSA', NULL, NULL, 'E', 'SA', '1', '4202100', 'Residential Security NonPSA', 'Capacity Strengthening'), (631, '', 'ESA14300000', 'CS Local Staff - National Officer', NULL, NULL, 'E', 'SA', '1', '4300000', 'Local Staff - National Officer', 'Capacity Strengthening'), (632, '', 'ESA14300100', 'CS Local Staff - General Service', NULL, NULL, 'E', 'SA', '1', '4300100', 'Local Staff - General Service', 'Capacity Strengthening'), (633, '', 'ESA14300110', 'CS Local Staff LT Benefits Accrual', NULL, NULL, 'E', 'SA', '1', '4300110', 'Local Staff LT Benefits Accrual', 'Capacity Strengthening'), (634, '', 'ESA14300200', 'CS Local Staff -Temporary Assistance', NULL, NULL, 'E', 'SA', '1', '4300200', 'Local Staff -Temporary Assistance', 'Capacity Strengthening'), (635, '', 'ESA14300250', 'CS Casual Labour (Local)', NULL, NULL, 'E', 'SA', '1', '4300250', 'Casual Labour (Local)', 'Capacity Strengthening'), (636, '', 'ESA14300300', 'CS Local Employees - Overtime', NULL, NULL, 'E', 'SA', '1', '4300300', 'Local Employees - Overtime', 'Capacity Strengthening'), (637, '', 'ESA14300350', 'CS Other Rest & Recup: Non Int.Staff &JPO Funded P', NULL, NULL, 'E', 'SA', '1', '4300350', 'Other Rest & Recup: Non Int.Staff &JPO Funded Post', 'Capacity Strengthening'), (638, '', 'ESA14300410', 'CS Other Danger Pay: Non Int. Staff & JPO Funded P', NULL, NULL, 'E', 'SA', '1', '4300410', 'Other Danger Pay: Non Int. Staff & JPO Funded Post', 'Capacity Strengthening'), (639, '', 'ESA14300500', 'CS Medical Insurance for SC, SSA & Casual Labour', NULL, NULL, 'E', 'SA', '1', '4300500', 'Medical Insurance for SC, SSA & Casual Labour', 'Capacity Strengthening'), (640, '', 'ESA14300550', 'CS MCS Employer contribution -  Non Payroll', NULL, NULL, 'E', 'SA', '1', '4300550', 'MCS Employer contribution -  Non Payroll', 'Capacity Strengthening'), (641, '', 'ESA14300560', 'CS Entry Medical Examination - Local Employees', NULL, NULL, 'E', 'SA', '1', '4300560', 'Entry Medical Examination - Local Employees', 'Capacity Strengthening'), (642, '', 'ESA14300570', 'CS DDSS payments to SC/SSA', NULL, NULL, 'E', 'SA', '1', '4300570', 'DDSS payments to SC/SSA', 'Capacity Strengthening'), (643, '', 'ESA14300600', 'CS Non Staff HR: UNV', NULL, NULL, 'E', 'SA', '1', '4300600', 'Non Staff HR: UNV', 'Capacity Strengthening'), (644, '', 'ESA14300700', 'CS Local Consultants', NULL, NULL, 'E', 'SA', '1', '4300700', 'Local Consultants', 'Capacity Strengthening'), (645, '', 'ESA14300800', 'IC-SCM Coop Partner & Non WFP Employee Duty Travel', NULL, NULL, 'E', 'SA', '1', '4300800', 'Coop Partner & Non WFP Employee Duty Travel', 'Capacity Strengthening'), (646, '', 'ESA14300900', 'CS Non Staff HR: Interns', NULL, NULL, 'E', 'SA', '1', '4300900', 'Non Staff HR: Interns', 'Capacity Strengthening'), (647, '', 'ESA16000000', 'CS Supplies & Materials-Computer Equipment', NULL, NULL, 'E', 'SA', '1', '6000000', 'Supplies & Materials-Computer Equipment', 'Capacity Strengthening'), (648, '', 'ESA16000050', 'CS Supplies & Materials-Office Equipment', NULL, NULL, 'E', 'SA', '1', '6000050', 'Supplies & Materials-Office Equipment', 'Capacity Strengthening'), (649, '', 'ESA16000100', 'CS Supplies & Materials-Office Furniture and fixtu', NULL, NULL, 'E', 'SA', '1', '6000100', 'Supplies & Materials-Office Furniture and fixtures', 'Capacity Strengthening'), (650, 'X', 'ESA16000200', 'CS Supplies & Materials-Security and safety equipm', NULL, NULL, 'E', 'SA', '1', '6000200', 'Supplies & Materials-Security and safety equipment', 'Capacity Strengthening'), (651, 'X', 'ESA16000300', 'CS Supplies & Materials-Telecommunication Equipmen', NULL, NULL, 'E', 'SA', '1', '6000300', 'Supplies & Materials-Telecommunication Equipment', 'Capacity Strengthening'), (652, 'X', 'ESA16000400', 'CS Supplies & Materials-Motor Vehicles', NULL, NULL, 'E', 'SA', '1', '6000400', 'Supplies & Materials-Motor Vehicles', 'Capacity Strengthening'), (653, '', 'ESA16000500', 'CS Supplies & Materials-Warehous & Workshop Equipm', NULL, NULL, 'E', 'SA', '1', '6000500', 'Supplies & Materials-Warehous & Workshop Equipment', 'Capacity Strengthening'), (654, '', 'ESA16000550', 'CS S&M Buildings Permanent/Mobile', NULL, NULL, 'E', 'SA', '1', '6000550', 'Supplies & Materials- Buildings Permanent/Mobile', 'Capacity Strengthening'), (655, '', 'ESA16500000', 'CS Equipm: Agricultural Tools and Equipment', NULL, NULL, 'E', 'SA', '1', '6500000', 'Equipm: Agricultural Tools and Equipment', 'Capacity Strengthening'), (656, '', 'ESA16501000', 'CS Equipm: Kitchen/Canteen Materials & Equipment', NULL, NULL, 'E', 'SA', '1', '6501000', 'Equipm: Kitchen/Canteen Materials & Equipment', 'Capacity Strengthening'), (657, 'X', 'ESA16502000', 'CS Equipm: Health Related Material and Equipment', NULL, NULL, 'E', 'SA', '1', '6502000', 'Equipm: Health Related Material and Equipment', 'Capacity Strengthening'), (658, '', 'ESA16503000', 'CS Equipm: School Related Material and Equipment', NULL, NULL, 'E', 'SA', '1', '6503000', 'Equipm: School Related Material and Equipment', 'Capacity Strengthening'), (659, '', 'ESA16506000', 'CS Camping/Field Equipments', NULL, NULL, 'E', 'SA', '1', '6506000', 'Camping/Field Equipments', 'Capacity Strengthening'), (660, '', 'ESA16507000', 'CS Other Tools & Equipment', NULL, NULL, 'E', 'SA', '1', '6507000', 'Other Tools & Equipment', 'Capacity Strengthening'), (661, '', 'ESA16600000', 'CS Utilities - General', NULL, NULL, 'E', 'SA', '1', '6600000', 'Utilities - General', 'Capacity Strengthening'), (662, '', 'ESA16601000', 'CS Utilities - Gas', NULL, NULL, 'E', 'SA', '1', '6601000', 'Utilities - Gas', 'Capacity Strengthening'), (663, '', 'ESA16602000', 'CS Utilities - Water', NULL, NULL, 'E', 'SA', '1', '6602000', 'Utilities - Water', 'Capacity Strengthening'), (664, '', 'ESA16603000', 'CS Utilities - Electricity', NULL, NULL, 'E', 'SA', '1', '6603000', 'Utilities - Electricity', 'Capacity Strengthening'), (665, '', 'ESA16604000', 'CS Office Supplies & Other Consumables', NULL, NULL, 'E', 'SA', '1', '6604000', 'Office Supplies & Other Consumables', 'Capacity Strengthening'), (666, '', 'ESA16605000', 'CS Fuel, Diesel and Petrol: vehicles', NULL, NULL, 'E', 'SA', '1', '6605000', 'Fuel, Diesel and Petrol: vehicles', 'Capacity Strengthening'), (667, '', 'ESA16605100', 'CS Fuel: Facilities', NULL, NULL, 'E', 'SA', '1', '6605100', 'Fuel: Facilities', 'Capacity Strengthening'), (668, '', 'ESA16606000', 'CS Oil & Lubricants other', NULL, NULL, 'E', 'SA', '1', '6606000', 'Oil & Lubricants other', 'Capacity Strengthening'), (669, '', 'ESA16609000', 'CS Communications & IT Services (WFP only)', NULL, NULL, 'E', 'SA', '1', '6609000', 'Communications & IT Services (WFP only)', 'Capacity Strengthening'), (670, '', 'ESA16610000', 'CS Communications & IT Services (UN Common)', NULL, NULL, 'E', 'SA', '1', '6610000', 'Communications & IT Services (UN Common)', 'Capacity Strengthening'), (671, '', 'ESA17001000', 'CS Rental of Facility', NULL, NULL, 'E', 'SA', '1', '7001000', 'Rental of Facility', 'Capacity Strengthening'), (672, '', 'ESA17002000', 'CS UN Common Premises Rental', NULL, NULL, 'E', 'SA', '1', '7002000', 'UN Common Premises Rental', 'Capacity Strengthening'), (673, '', 'ESA17022000', 'CS Insurance Public Liability and Premises', NULL, NULL, 'E', 'SA', '1', '7022000', 'Insurance Public Liability and Premises', 'Capacity Strengthening'), (674, '', 'ESA17024000', 'CS Insurance Vehicles', NULL, NULL, 'E', 'SA', '1', '7024000', 'Insurance Vehicles', 'Capacity Strengthening'), (675, '', 'ESA17050000', 'CS Equipment Repairs and Maintenance', NULL, NULL, 'E', 'SA', '1', '7050000', 'Equipment Repairs and Maintenance', 'Capacity Strengthening'), (676, '', 'ESA17051000', 'CS Ordinary Premises Maintenance', NULL, NULL, 'E', 'SA', '1', '7051000', 'Ordinary Premises Maintenance', 'Capacity Strengthening'), (677, '', 'ESA17052000', 'CS Extraordinary Premises Maintenance', NULL, NULL, 'E', 'SA', '1', '7052000', 'Extraordinary Premises Maintenance', 'Capacity Strengthening'), (678, '', 'ESA17053000', 'CS Office Renovation', NULL, NULL, 'E', 'SA', '1', '7053000', 'Office Renovation', 'Capacity Strengthening'), (679, '', 'ESA17054000', 'CS Office Cleaning', NULL, NULL, 'E', 'SA', '1', '7054000', 'Office Cleaning', 'Capacity Strengthening'), (680, '', 'ESA17055000', 'CS Vehicle Running Costs and Maintenance', NULL, NULL, 'E', 'SA', '1', '7055000', 'Vehicle Running Costs and Maintenance', 'Capacity Strengthening'), (681, '', 'ESA17056000', 'Cap. Str. Roads', NULL, NULL, 'E', 'SA', '1', '7056000', 'Roads', 'Capacity Strengthening'), (682, '', 'ESA17057000', 'Cap. Streng. Ports', NULL, NULL, 'E', 'SA', '1', '7057000', 'Ports', 'Capacity Strengthening'), (683, '', 'ESA17058000', 'CS Airports & Airstrips', NULL, NULL, 'E', 'SA', '1', '7058000', 'Airports & Airstrips', 'Capacity Strengthening'), (684, '', 'ESA17059000', 'CS Other Construction/Rehabilitation Serv', NULL, NULL, 'E', 'SA', '1', '7059000', 'Other Construction/Rehabilitation Serv', 'Capacity Strengthening'), (685, 'X', 'ESA17100000', 'CS Vehicle Leasing', NULL, NULL, 'E', 'SA', '1', '7100000', 'Vehicle Leasing', 'Capacity Strengthening'), (686, '', 'ESA17100100', 'CS Equipment Leasing', NULL, NULL, 'E', 'SA', '1', '7100100', 'Equipment Leasing', 'Capacity Strengthening'), (687, '', 'ESA17102000', 'CS Other Office Expenses & Services (WFP Only)', NULL, NULL, 'E', 'SA', '1', '7102000', 'Other Office Expenses & Services (WFP Only)', 'Capacity Strengthening'), (688, '', 'ESA17102010', 'CS Meetings & Workshops', NULL, NULL, 'E', 'SA', '1', '7102010', 'Meetings & Workshops', 'Capacity Strengthening'), (689, '', 'ESA17103000', 'CS Other UN Common Services (excluding Security)', NULL, NULL, 'E', 'SA', '1', '7103000', 'Other UN Common Services (excluding Security)', 'Capacity Strengthening'), (690, '', 'ESA17118000', 'CS Security Guard Services ', NULL, NULL, 'E', 'SA', '1', '7118000', 'Security Guard Services ', 'Capacity Strengthening'), (691, '', 'ESA17119000', 'CS Commercial Consultancy Services', NULL, NULL, 'E', 'SA', '1', '7119000', 'Commercial Consultancy Services', 'Capacity Strengthening'), (692, '', 'ESA17119100', 'CS Translation & Editing Services', NULL, NULL, 'E', 'SA', '1', '7119100', 'Translation & Editing Services', 'Capacity Strengthening'), (693, '', 'ESA17119200', 'CS Printing Services - External', NULL, NULL, 'E', 'SA', '1', '7119200', 'Printing Services - External', 'Capacity Strengthening'), (694, '', 'ESA17200000', 'CS Internal Service Fee (MCR)-UNHRD', NULL, NULL, 'E', 'SA', '1', '7200000', 'Internal Service Fee (MCR)- UNHRD', 'Capacity Strengthening'), (695, '', 'ESA17201000', 'CS Internal Services provided - UNHRD', NULL, NULL, 'E', 'SA', '1', '7201000', 'Internal Services provided - UNHRD', 'Capacity Strengthening'), (696, '', 'ESA17204000', 'CS Internal Service Fee (MCR) - Aviation', NULL, NULL, 'E', 'SA', '1', '7204000', 'Internal Service Fee (MCR) - Aviation', 'Capacity Strengthening'), (697, '', 'ESA17205000', 'Cap. Stren. Internal Services provided - Aviation', NULL, NULL, 'E', 'SA', '1', '7205000', 'Internal Services provided - Aviation', 'Capacity Strengthening'), (698, '', 'ESA17209050', 'CS Internal Services Provided – IT PER CAPITA', NULL, NULL, 'E', 'SA', '1', '7209050', 'Internal Services Provided – IT PER CAPITA', 'Capacity Strengthening'), (699, '', 'ESA17209070', 'CS IInternal Services – Security costs recoveries', NULL, NULL, 'E', 'SA', '1', '7209070', 'IInternal Services – Security costs recoveries', 'Capacity Strengthening'), (700, '', 'ESA1730300', 'CS Computer equipment', NULL, NULL, 'E', 'SA', '1', '730300', 'Computer equipment', 'Capacity Strengthening'), (701, '', 'ESA1730350', 'CS Office equipment', NULL, NULL, 'E', 'SA', '1', '730350', 'Office equipment', 'Capacity Strengthening'), (702, '', 'ESA1730400', 'CS Office Furniture and fixtures', NULL, NULL, 'E', 'SA', '1', '730400', 'Office Furniture and fixtures', 'Capacity Strengthening'), (703, '', 'ESA1730500', 'CS Security and safety equipment', NULL, NULL, 'E', 'SA', '1', '730500', 'Security and safety equipment', 'Capacity Strengthening'), (704, '', 'ESA1730600', 'CS Telecommunication Equipment', NULL, NULL, 'E', 'SA', '1', '730600', 'Telecommunication Equipment', 'Capacity Strengthening'), (705, 'X', 'ESA1730700', 'CS Motor Vehicles Equipment', NULL, NULL, 'E', 'SA', '1', '730700', 'Motor Vehicles Equipment', 'Capacity Strengthening'), (706, '', 'ESA1730800', 'CS Workshop & Warehouse Equipment', NULL, NULL, 'E', 'SA', '1', '730800', 'Workshop & Warehouse Equipment', 'Capacity Strengthening'), (707, '', 'ESA17312000', 'CS Transport & Other Related Ocean', NULL, NULL, 'E', 'SA', '1', '7312000', 'Transport & Other Related Ocean', 'Capacity Strengthening'), (708, '', 'ESA1811300', 'CS Standard Staff Cost  (HQ Payroll)', NULL, NULL, 'E', 'SA', '1', '811300', 'Standard Staff Cost  (HQ Payroll)', 'Capacity Strengthening'), (709, '', 'ESA18140010', 'CS Other accounts receivable writte off', NULL, NULL, 'E', 'SA', '1', '8140010', 'Other accounts receivable writte off', 'Capacity Strengthening'), (710, '', 'ESA18402000', 'CS Advocacy & Public Information', NULL, NULL, 'E', 'SA', '1', '8402000', 'Advocacy & Public Information', 'Capacity Strengthening'), (711, '', 'ESA26506000', 'CS Camping/Field Equipments (IK)', NULL, NULL, 'E', 'SA', '2', '6506000', 'Camping/Field Equipments', 'Capacity Strengthening'), (712, '', 'ESA27119000', 'CS Com. Cons. Serv. (IK)', NULL, NULL, 'E', 'SA', '2', '7119000', 'Commercial Consultancy Services', 'Capacity Strengthening'), (713, '', 'ESB13240010', 'CS Fixed costs: FLA (NGO) Expenses', NULL, NULL, 'E', 'SB', '1', '3240010', 'Fixed costs: FLA (NGO) Expenses', 'Capacity Strengthening'), (714, '', 'ESB13240020', 'CS Fixed costs: MOU (GOV/UN Agency) Expenses', NULL, NULL, 'E', 'SB', '1', '3240020', 'Fixed costs: MOU (GOV/UN Agency) Expenses', 'Capacity Strengthening'), (715, 'X', 'ESB13303000', 'CS Operational Expenses', NULL, NULL, 'E', 'SB', '1', '3303000', 'Operational Expenses', 'Capacity Strengthening'), (716, '', 'ESB13600210', 'CS Delivery and Distribution costs: FLA (NGO) Expe', NULL, NULL, 'E', 'SB', '1', '3600210', 'Delivery and Distribution costs: FLA (NGO) Expenses', 'Capacity Strengthening'), (717, '', 'ESB13600310', 'CS Delivery and Distribution costs: MOU (GOV/UN Ag', NULL, NULL, 'E', 'SB', '1', '3600310', 'Delivery and Distribution costs: MOU (GOV/UN Agency) Expenses', 'Capacity Strengthening'), (718, '', 'ESB14300800', 'CS Coop Partner & Non WFP Employee Duty Travel', NULL, NULL, 'E', 'SB', '1', '4300800', 'Coop Partner & Non WFP Employee Duty Travel', 'Capacity Strengthening'), (719, '', 'EDA13101000', 'SD Insurance Premium - Premium to Self Insur', NULL, NULL, 'E', 'DA', '1', '3101000', 'Insurance Premium - Premium to Self Insurance Fund', 'Service Delivery'), (720, '', 'EDA13108000', 'SD Other Insurance Acco', NULL, NULL, 'E', 'DA', '1', '3108000', 'Other Insurance Account Costs, legal fees, etc.', 'Service Delivery'), (721, '', 'EDA13200000', 'SD AirOps - Aircraft contract/charter', NULL, NULL, 'E', 'DA', '1', '3200000', 'AirOps - Aircraft contract/charter', 'Service Delivery'), (722, '', 'EDA13201000', 'SD AirOps - Aircraft operational support services', NULL, NULL, 'E', 'DA', '1', '3201000', 'AirOps - Aircraft operational support services', 'Service Delivery'), (723, '', 'EDA13202000', 'SD AirOps - Aircraft painting', NULL, NULL, 'E', 'DA', '1', '3202000', 'AirOps - Aircraft painting', 'Service Delivery'), (724, '', 'EDA13203000', 'SD AirOps-Aircraft Positioning&Dep.Charg', NULL, NULL, 'E', 'DA', '1', '3203000', 'AirOps - Aircraft Position & Deposition Charges', 'Service Delivery'), (725, '', 'EDA13204000', 'SD AirOps - Aviation Fuel', NULL, NULL, 'E', 'DA', '1', '3204000', 'AirOps - Aviation fuel', 'Service Delivery'), (726, '', 'EDA13205000', 'SD AirOps - Aviation Oil&Lubricants', NULL, NULL, 'E', 'DA', '1', '3205000', 'AirOps - Aviation Oil & Lubricants', 'Service Delivery'), (727, '', 'EDA13207000', 'SD AirOps - Aircraft navigation charges', NULL, NULL, 'E', 'DA', '1', '3207000', 'AirOps - Aircraft navigation charges', 'Service Delivery'), (728, '', 'EDA13208000', 'SD AirOps - Aircraft overflight, landing & parking', NULL, NULL, 'E', 'DA', '1', '3208000', 'AirOps - Aircraft overflight, landing & parking', 'Service Delivery'), (729, '', 'EDA13209000', 'SD AirOps - Cargo Storage & miscellaneous', NULL, NULL, 'E', 'DA', '1', '3209000', 'AirOps - Cargo Storage & miscellaneous', 'Service Delivery'), (730, '', 'EDA13210000', 'SD AirOps - Aircraft ground handling', NULL, NULL, 'E', 'DA', '1', '3210000', 'AirOps - Aircraft ground handling', 'Service Delivery'), (731, '', 'EDA13211000', 'SD AirOps - Passenger handling charges', NULL, NULL, 'E', 'DA', '1', '3211000', 'AirOps - Passenger handling charges', 'Service Delivery'), (732, '', 'EDA13212000', 'SD AirOps - Cargo handling charges', NULL, NULL, 'E', 'DA', '1', '3212000', 'AirOps - Cargo handling charges', 'Service Delivery'), (733, '', 'EDA13213000', 'SD AirOps - In-Flight Catering', NULL, NULL, 'E', 'DA', '1', '3213000', 'AirOps - In-Flight Catering', 'Service Delivery'), (734, '', 'EDA13214000', 'SD AirOps - War Risk insurance', NULL, NULL, 'E', 'DA', '1', '3214000', 'AirOps - War risk insurance', 'Service Delivery'), (735, '', 'EDA13215000', 'SD AirOps - Aircrew accomodation, meal & transport', NULL, NULL, 'E', 'DA', '1', '3215000', 'AirOps - Aircrew accomodation, meal & transport', 'Service Delivery'), (736, '', 'EDA13216000', 'SD AirOps - Airport Construction Services', NULL, NULL, 'E', 'DA', '1', '3216000', 'AirOps - Airport Construction Services', 'Service Delivery'), (737, '', 'EDA13217000', 'SD AirOps - Air Tracking Charges', NULL, NULL, 'E', 'DA', '1', '3217000', 'AirOps - Air Tracking Charges', 'Service Delivery'), (738, '', 'EDA13218000', 'SD Transport for Intern', NULL, NULL, 'E', 'DA', '1', '3218000', 'Transport for Internal Sales- Sea Freight (non cap', 'Service Delivery'), (739, '', 'EDA13218100', 'SD Transportation- Sea ', NULL, NULL, 'E', 'DA', '1', '3218100', 'Transportation- Sea Freight (non capitalised)', 'Service Delivery'), (740, '', 'EDA13219000', 'SD Transpor for Interna', NULL, NULL, 'E', 'DA', '1', '3219000', 'Transpor for Internal Sales - Land (non capitalise', 'Service Delivery'), (741, '', 'EDA13219050', 'SD Transport for Intern', NULL, NULL, 'E', 'DA', '1', '3219050', 'Transport for Internal Sales - Air (non capitalise', 'Service Delivery'), (742, '', 'EDA13219100', 'SD Transportation- Land', NULL, NULL, 'E', 'DA', '1', '3219100', 'Transportation- Land (non capitalised)', 'Service Delivery'), (743, '', 'EDA13219150', 'SD Transportation - Air', NULL, NULL, 'E', 'DA', '1', '3219150', 'Transportation - Air (non capitalised)', 'Service Delivery'), (744, '', 'EDA23219150', 'SD Transportation Air IK (non capitalised)', NULL, NULL, 'E', 'DA', '2', '3219150', 'Transportation - Air (non capitalised)', 'Service Delivery'), (745, '', 'EDA13300000', 'SD ASSESSMENTS/PRE-APPRAISAL', NULL, NULL, 'E', 'DA', '1', '3300000', 'ASSESSMENTS/PRE-APPRAISAL', 'Service Delivery'), (746, '', 'EDA13301000', 'SD EVALUATIONS/SURVEYS', NULL, NULL, 'E', 'DA', '1', '3301000', 'EVALUATIONS/SURVEYS', 'Service Delivery'), (747, '', 'EDA13302000', 'SD IMPACT/EVALUATION MONITORING', NULL, NULL, 'E', 'DA', '1', '3302000', 'IMPACT/EVALUATION MONITORING', 'Service Delivery'), (748, '', 'EDA14001700', 'SD Overtime', NULL, NULL, 'E', 'DA', '1', '4001700', 'Overtime', 'Service Delivery'), (749, '', 'EDA14004150', 'SD Danger Pay non-PSA funded (Int Staff)', NULL, NULL, 'E', 'DA', '1', '4004150', 'Danger Pay non-PSA funded (Int Staff)', 'Service Delivery'), (750, '', 'EDA14004300', 'SD Rest & Recup: Non-PSA Funded Post (Int. Staff)', NULL, NULL, 'E', 'DA', '1', '4004300', 'Rest & Recup: Non-PSA Funded Post (Int. Staff)', 'Service Delivery'), (751, '', 'EDA14200000', 'SD Int\'l Consultants Honoraria -Payroll', NULL, NULL, 'E', 'DA', '1', '4200000', 'Int\'l Consultants Honoraria -Payroll', 'Service Delivery'), (752, '', 'EDA14200100', 'SD Actual JPO\'s Post Cost -Salary/Allow/Benefits', NULL, NULL, 'E', 'DA', '1', '4200100', 'Actual JPO\'s Post Cost -Salary/Allow/Benefits', 'Service Delivery'), (753, '', 'EDA14200220', 'SD Actual JPO’s Cost – Add Hardship Allowance (AHA', NULL, NULL, 'E', 'DA', '1', '4200220', 'Actual JPO’s Cost – Add Hardship Allowance (AHA)', 'Service Delivery'), (754, '', 'EDA14200230', 'SD Actual JPO’s Cost – Non Family Service Allowanc', NULL, NULL, 'E', 'DA', '1', '4200230', 'Actual JPO’s Cost – Non Family Service Allowance', 'Service Delivery'), (755, '', 'EDA14200300', 'SD Actual JPO\'s Post Cost - EMEA', NULL, NULL, 'E', 'DA', '1', '4200300', 'Actual JPO\'s Post Cost - EMEA', 'Service Delivery'), (756, '', 'EDA14200400', 'SD Actual JPO\'s Post Cost-Assignment Grant', NULL, NULL, 'E', 'DA', '1', '4200400', 'Actual JPO\'s Post Cost-Assignment Grant', 'Service Delivery'), (757, '', 'EDA14200410', 'SD Actual JPO\'s Post Cost - Settling-in Grant', NULL, NULL, 'E', 'DA', '1', '4200410', 'Actual JPO\'s Post Cost - Settling-in Grant', 'Service Delivery'), (758, '', 'EDA14200500', 'SD Actual JPO\'s Post Cost - Repatriation Grant', NULL, NULL, 'E', 'DA', '1', '4200500', 'Actual JPO\'s Post Cost - Repatriation Grant', 'Service Delivery'), (759, '', 'EDA14200600', 'SD Other JPO costs (JPO Fund)', NULL, NULL, 'E', 'DA', '1', '4200600', 'Other JPO costs (JPO Fund)', 'Service Delivery'), (760, '', 'EDA14200750', 'SD JPO Danger Pay (JPO Fund)', NULL, NULL, 'E', 'DA', '1', '4200750', 'JPO Danger Pay (JPO Fund)', 'Service Delivery'), (761, '', 'EDA14200800', 'SD JPO Rest & Recuperation (JPO Fund)', NULL, NULL, 'E', 'DA', '1', '4200800', 'JPO Rest & Recuperation (JPO Fund)', 'Service Delivery'), (762, '', 'EDA14200900', 'SD JPO Travel Entitlem Exclud. Duty Travel (JPO Fu', NULL, NULL, 'E', 'DA', '1', '4200900', 'JPO Travel Entitlem Exclud. Duty Travel (JPO Fund)', 'Service Delivery'), (763, '', 'EDA14200950', 'SD JPO Training and Development (JPO Fund)', NULL, NULL, 'E', 'DA', '1', '4200950', 'JPO Training and Development (JPO Fund)', 'Service Delivery'), (764, '', 'EDA14201000', 'SD Employee Duty Travel (WFP)', NULL, NULL, 'E', 'DA', '1', '4201000', 'Employee Duty Travel (WFP)', 'Service Delivery'), (765, '', 'EDA14201010', 'SD NO/GS Staff In-Country Deployment Travel', NULL, NULL, 'E', 'DA', '1', '4201010', 'NO/GS Staff In-Country Deployment Travel', 'Service Delivery'), (766, '', 'EDA14201700', 'SD Int. Consultant Travel: Non Duty (WFP Only)', NULL, NULL, 'E', 'DA', '1', '4201700', 'Int. Consultant Travel: Non Duty (WFP Only)', 'Service Delivery'), (767, '', 'EDA14201800', 'SD Temporary Assist. HQ Payroll Loc Staff', NULL, NULL, 'E', 'DA', '1', '4201800', 'Temporary Assist. HQ Payroll Loc Staff', 'Service Delivery'), (768, '', 'EDA14201900', 'SD Separation Packages Setlem Loc Staff', NULL, NULL, 'E', 'DA', '1', '4201900', 'Separation Packages Setlem Loc Staff', 'Service Delivery'), (769, '', 'EDA14202000', 'SD Medical Travel/Evacuation - Local Employees', NULL, NULL, 'E', 'DA', '1', '4202000', 'Medical Travel/Evacuation - Local Employees', 'Service Delivery'), (770, 'X', 'EDA14202100', 'SD Residential Security NonPSA', NULL, NULL, 'E', 'DA', '1', '4202100', 'Residential Security NonPSA', 'Service Delivery'), (771, '', 'EDA14300000', 'SD Local Staff - National Officer', NULL, NULL, 'E', 'DA', '1', '4300000', 'Local Staff - National Officer', 'Service Delivery'), (772, '', 'EDA14300100', 'SD Local Staff - General Service', NULL, NULL, 'E', 'DA', '1', '4300100', 'Local Staff - General Service', 'Service Delivery'), (773, '', 'EDA14300110', 'SD Local Staff LT Benefits Accrual', NULL, NULL, 'E', 'DA', '1', '4300110', 'Local Staff LT Benefits Accrual', 'Service Delivery'), (774, '', 'EDA14300200', 'SD Local Staff -Temporary Assistance', NULL, NULL, 'E', 'DA', '1', '4300200', 'Local Staff -Temporary Assistance', 'Service Delivery'), (775, '', 'EDA14300250', 'SD Casual Labour (Local)', NULL, NULL, 'E', 'DA', '1', '4300250', 'Casual Labour (Local)', 'Service Delivery'), (776, '', 'EDA14300300', 'SD Local Employees - Overtime', NULL, NULL, 'E', 'DA', '1', '4300300', 'Local Employees - Overtime', 'Service Delivery'), (777, '', 'EDA14300350', 'SD Other Rest & Recup: Non Int.Staff &JPO Funded P', NULL, NULL, 'E', 'DA', '1', '4300350', 'Other Rest & Recup: Non Int.Staff &JPO Funded Post', 'Service Delivery'), (778, '', 'EDA14300410', 'SD Other Danger Pay: Non Int. Staff & JPO Funded P', NULL, NULL, 'E', 'DA', '1', '4300410', 'Other Danger Pay: Non Int. Staff & JPO Funded Post', 'Service Delivery'), (779, '', 'EDA14300500', 'SD Medical Insurance for SC, SSA & Casual Labour', NULL, NULL, 'E', 'DA', '1', '4300500', 'Medical Insurance for SC, SSA & Casual Labour', 'Service Delivery'), (780, '', 'EDA14300550', 'SD MCS Employer contribution -  Non Payroll', NULL, NULL, 'E', 'DA', '1', '4300550', 'MCS Employer contribution -  Non Payroll', 'Service Delivery'), (781, '', 'EDA14300560', 'SD Entry Medical Examination - Local Employees', NULL, NULL, 'E', 'DA', '1', '4300560', 'Entry Medical Examination - Local Employees', 'Service Delivery'), (782, '', 'EDA14300570', 'SD DDSS payments to SC/SSA', NULL, NULL, 'E', 'DA', '1', '4300570', 'DDSS payments to SC/SSA', 'Service Delivery'), (783, '', 'EDA14300600', 'SD Non Staff HR: UNV', NULL, NULL, 'E', 'DA', '1', '4300600', 'Non Staff HR: UNV', 'Service Delivery'), (784, '', 'EDA14300700', 'SD Local Consultants', NULL, NULL, 'E', 'DA', '1', '4300700', 'Local Consultants', 'Service Delivery'), (785, '', 'EDA14300800', 'IC-SCM Coop Partner & Non WFP Employee Duty Travel', NULL, NULL, 'E', 'DA', '1', '4300800', 'Coop Partner & Non WFP Employee Duty Travel', 'Service Delivery'), (786, '', 'EDA14300900', 'SD Non Staff HR: Interns', NULL, NULL, 'E', 'DA', '1', '4300900', 'Non Staff HR: Interns', 'Service Delivery'), (787, '', 'EDA16000000', 'SD S&M Computer Equipment', NULL, NULL, 'E', 'DA', '1', '6000000', 'Supplies & Materials-Computer Equipment', 'Service Delivery'), (788, '', 'EDA16000050', 'SD S&M Office Equipment', NULL, NULL, 'E', 'DA', '1', '6000050', 'Supplies & Materials-Office Equipment', 'Service Delivery'), (789, '', 'EDA16000100', 'SD S&M Office Furniture and', NULL, NULL, 'E', 'DA', '1', '6000100', 'Supplies & Materials-Office Furniture and fixtures', 'Service Delivery'), (790, 'X', 'EDA16000200', 'SD S&M Security and safety ', NULL, NULL, 'E', 'DA', '1', '6000200', 'Supplies & Materials-Security and safety equipment', 'Service Delivery'), (791, 'X', 'EDA16000300', 'SD S&M Telecommunication Eq', NULL, NULL, 'E', 'DA', '1', '6000300', 'Supplies & Materials-Telecommunication Equipment', 'Service Delivery'), (792, 'X', 'EDA16000400', 'SD S&M Motor Vehicles', NULL, NULL, 'E', 'DA', '1', '6000400', 'Supplies & Materials-Motor Vehicles', 'Service Delivery'), (793, '', 'EDA16000500', 'SD S&M Warehous & Workshop ', NULL, NULL, 'E', 'DA', '1', '6000500', 'Supplies & Materials-Warehous & Workshop Equipment', 'Service Delivery'), (794, '', 'EDA16000550', 'SD S&M  Buildings Permanent', NULL, NULL, 'E', 'DA', '1', '6000550', 'Supplies & Materials- Buildings Permanent/Mobile', 'Service Delivery'), (795, '', 'EDA16500000', 'SD Eq  Agricultural Tools ', NULL, NULL, 'E', 'DA', '1', '6500000', 'Equipm: Agricultural Tools and Equipment', 'Service Delivery'), (796, '', 'EDA16501000', 'SD Eq  Kitchen/Canteen Mat', NULL, NULL, 'E', 'DA', '1', '6501000', 'Equipm: Kitchen/Canteen Materials & Equipment', 'Service Delivery'), (797, 'X', 'EDA16502000', 'SD Eq  Health Related Mate', NULL, NULL, 'E', 'DA', '1', '6502000', 'Equipm: Health Related Material and Equipment', 'Service Delivery'), (798, '', 'EDA16503000', 'SD Eq  School Related Mate', NULL, NULL, 'E', 'DA', '1', '6503000', 'Equipm: School Related Material and Equipment', 'Service Delivery'), (799, '', 'EDA16504000', 'SD Eq  Building Material (', NULL, NULL, 'E', 'DA', '1', '6504000', 'Equipm: Building Material (for SO\'s only)', 'Service Delivery'), (800, '', 'EDA16505000', 'SD Warehouse - Packagin', NULL, NULL, 'E', 'DA', '1', '6505000', 'Warehouse - Packaging Materials', 'Service Delivery'), (801, '', 'EDA16506000', 'SD Camping/Field Equipments', NULL, NULL, 'E', 'DA', '1', '6506000', 'Camping/Field Equipments', 'Service Delivery'), (802, '', 'EDA16507000', 'SD Other Tools & Equipm', NULL, NULL, 'E', 'DA', '1', '6507000', 'Other Tools & Equipment', 'Service Delivery'), (803, '', 'EDA26507000', 'SD Other Tools & Equipment (IK)', NULL, NULL, 'E', 'DA', '2', '6507000', 'Other Tools & Equipment', 'Service Delivery'), (804, '', 'EDA16600000', 'SD Utilities - General', NULL, NULL, 'E', 'DA', '1', '6600000', 'Utilities - General', 'Service Delivery'), (805, '', 'EDA16601000', 'SD Utilities - Gas', NULL, NULL, 'E', 'DA', '1', '6601000', 'Utilities - Gas', 'Service Delivery'), (806, '', 'EDA16602000', 'SD Utilities - Water', NULL, NULL, 'E', 'DA', '1', '6602000', 'Utilities - Water', 'Service Delivery'), (807, '', 'EDA16603000', 'SD Utilities - Electricity', NULL, NULL, 'E', 'DA', '1', '6603000', 'Utilities - Electricity', 'Service Delivery'), (808, '', 'EDA16604000', 'SD Office Supplies & Other Consumables', NULL, NULL, 'E', 'DA', '1', '6604000', 'Office Supplies & Other Consumables', 'Service Delivery'), (809, '', 'EDA16605000', 'SD Fuel, Diesel and Pet', NULL, NULL, 'E', 'DA', '1', '6605000', 'Fuel, Diesel and Petrol: vehicles', 'Service Delivery'), (810, '', 'EDA16605100', 'SD Fuel: Facilities', NULL, NULL, 'E', 'DA', '1', '6605100', 'Fuel: Facilities', 'Service Delivery'), (811, '', 'EDA16606000', 'SD Oil & Lubricants oth', NULL, NULL, 'E', 'DA', '1', '6606000', 'Oil & Lubricants other', 'Service Delivery'), (812, '', 'EDA16609000', 'SD Communications & IT ', NULL, NULL, 'E', 'DA', '1', '6609000', 'Communications & IT Services (WFP only)', 'Service Delivery'), (813, '', 'EDA16610000', 'SD Communications & IT ', NULL, NULL, 'E', 'DA', '1', '6610000', 'Communications & IT Services (UN Common)', 'Service Delivery'), (814, '', 'EDA17001000', 'SD Rental of Facility', NULL, NULL, 'E', 'DA', '1', '7001000', 'Rental of Facility', 'Service Delivery'), (815, '', 'EDA17002000', 'SD UN Common Premises Rental', NULL, NULL, 'E', 'DA', '1', '7002000', 'UN Common Premises Rental', 'Service Delivery'), (816, '', 'EDA17022000', 'SD Insurance Public Liability and Premises', NULL, NULL, 'E', 'DA', '1', '7022000', 'Insurance Public Liability and Premises', 'Service Delivery'), (817, '', 'EDA17024000', 'SD Insurance Vehicles', NULL, NULL, 'E', 'DA', '1', '7024000', 'Insurance Vehicles', 'Service Delivery'), (818, '', 'EDA17050000', 'SD Equipment Repairs an', NULL, NULL, 'E', 'DA', '1', '7050000', 'Equipment Repairs and Maintenance', 'Service Delivery'), (819, '', 'EDA17051000', 'SD Ordinary Premises Maintenance', NULL, NULL, 'E', 'DA', '1', '7051000', 'Ordinary Premises Maintenance', 'Service Delivery'), (820, '', 'EDA17052000', 'SD Extraordinary Premises Maintenance', NULL, NULL, 'E', 'DA', '1', '7052000', 'Extraordinary Premises Maintenance', 'Service Delivery'), (821, '', 'EDA17053000', 'SD Office Renovation', NULL, NULL, 'E', 'DA', '1', '7053000', 'Office Renovation', 'Service Delivery'), (822, '', 'EDA17054000', 'SD Office Cleaning', NULL, NULL, 'E', 'DA', '1', '7054000', 'Office Cleaning', 'Service Delivery'), (823, '', 'EDA17055000', 'SD Vehicle Running Costs and Maintenance', NULL, NULL, 'E', 'DA', '1', '7055000', 'Vehicle Running Costs and Maintenance', 'Service Delivery'), (824, '', 'EDA17100000', 'SD Vehicle Leasing', NULL, NULL, 'E', 'DA', '1', '7100000', 'Vehicle Leasing', 'Service Delivery'), (825, '', 'EDA17100100', 'SD Equipment Leasing', NULL, NULL, 'E', 'DA', '1', '7100100', 'Equipment Leasing', 'Service Delivery'), (826, '', 'EDA17102000', 'SD Other Office Expenses & Services (WFP Only)', NULL, NULL, 'E', 'DA', '1', '7102000', 'Other Office Expenses & Services (WFP Only)', 'Service Delivery'), (827, '', 'EDA17102010', 'SD Meetings & Workshops', NULL, NULL, 'E', 'DA', '1', '7102010', 'Meetings & Workshops', 'Service Delivery'), (828, '', 'EDA17103000', 'SD Other UN Common Serv', NULL, NULL, 'E', 'DA', '1', '7103000', 'Other UN Common Services (excluding Security)', 'Service Delivery'), (829, '', 'EDA17118000', 'SD Security Guard Services ', NULL, NULL, 'E', 'DA', '1', '7118000', 'Security Guard Services ', 'Service Delivery'), (830, '', 'EDA17119000', 'SD Commercial Consultancy Services', NULL, NULL, 'E', 'DA', '1', '7119000', 'Commercial Consultancy Services', 'Service Delivery'), (831, '', 'EDA17119310', 'SD Field Engineering Services  (ODI)', NULL, NULL, 'E', 'DA', '1', '7119310', 'Field Engineering Services  (ODI)', 'Service Delivery'), (832, '', 'EDA17200000', 'SD Int Serv e Fee (MCR)- UNHRD', NULL, NULL, 'E', 'DA', '1', '7200000', 'Internal Service Fee (MCR)- UNHRD', 'Service Delivery'), (833, '', 'EDA17201000', 'SD Int Serv es provided - UNHRD', NULL, NULL, 'E', 'DA', '1', '7201000', 'Internal Services provided - UNHRD', 'Service Delivery'), (834, '', 'EDA17202000', 'SD Internal Service Fee (MCR)- GVLP', NULL, NULL, 'E', 'DA', '1', '7202000', 'Internal Service Fee (MCR)- GVLP', 'Service Delivery'), (835, '', 'EDA17203000', 'SD Internal Services provided - GVLP', NULL, NULL, 'E', 'DA', '1', '7203000', 'Internal Services provided - GVLP', 'Service Delivery'), (836, '', 'EDA17204000', 'SD Internal Service Fee (MCR) - Aviation', NULL, NULL, 'E', 'DA', '1', '7204000', 'Internal Service Fee (MCR) - Aviation', 'Service Delivery'), (837, '', 'EDA17205000', 'SD Internal Services provided - Aviation', NULL, NULL, 'E', 'DA', '1', '7205000', 'Internal Services provided - Aviation', 'Service Delivery'), (838, '', 'EDA17206000', 'SD Int Serv e Fee (MCR)- FESO', NULL, NULL, 'E', 'DA', '1', '7206000', 'Internal Service Fee (MCR)- FESO', 'Service Delivery'), (839, '', 'EDA17207000', 'SD Int Serv es provided - FESO', NULL, NULL, 'E', 'DA', '1', '7207000', 'Internal Services provided - FESO', 'Service Delivery'), (840, '', 'EDA17208000', 'SD Int Serv e Fee (MCR)- FITTEST', NULL, NULL, 'E', 'DA', '1', '7208000', 'Internal Service Fee (MCR)- FITTEST', 'Service Delivery'), (841, '', 'EDA17209000', 'SD Int Serv es provided - FITTES', NULL, NULL, 'E', 'DA', '1', '7209000', 'Internal Services provided - FITTEST', 'Service Delivery'), (842, '', 'EDA17209050', 'SD Internal Services Provided – IT PER CAPITA', NULL, NULL, 'E', 'DA', '1', '7209050', 'Internal Services Provided – IT PER CAPITA', 'Service Delivery'), (843, '', 'EDA17209070', 'SD IInternal Services –', NULL, NULL, 'E', 'DA', '1', '7209070', 'IInternal Services – Security costs recoveries', 'Service Delivery'), (844, '', 'EDA17209100', 'SD Logistics SA Interna', NULL, NULL, 'E', 'DA', '1', '7209100', 'Logistics SA Internal Serv Stand by costs', 'Service Delivery'), (845, '', 'EDA17209200', 'SD Logistics SA Interna', NULL, NULL, 'E', 'DA', '1', '7209200', 'Logistics SA Internal Serv Deployment costs', 'Service Delivery'), (846, '', 'EDA1730100', 'SD Buildings - permanen', NULL, NULL, 'E', 'DA', '1', '730100', 'Buildings - permanent', 'Service Delivery'), (847, '', 'EDA1730200', 'SD Buildings - mobile', NULL, NULL, 'E', 'DA', '1', '730200', 'Buildings - mobile', 'Service Delivery'), (848, '', 'EDA1730300', 'SD Computer equipment', NULL, NULL, 'E', 'DA', '1', '730300', 'Computer equipment', 'Service Delivery'), (849, '', 'EDA1730350', 'SD Office equipment', NULL, NULL, 'E', 'DA', '1', '730350', 'Office equipment', 'Service Delivery'), (850, '', 'EDA1730400', 'SD Office Furniture and', NULL, NULL, 'E', 'DA', '1', '730400', 'Office Furniture and fixtures', 'Service Delivery'), (851, '', 'EDA1730500', 'SD Security and safety ', NULL, NULL, 'E', 'DA', '1', '730500', 'Security and safety equipment', 'Service Delivery'), (852, '', 'EDA1730600', 'SD Telecommunication Eq', NULL, NULL, 'E', 'DA', '1', '730600', 'Telecommunication Equipment', 'Service Delivery'), (853, '', 'EDA1730700', 'SD Motor Vehicles Equip', NULL, NULL, 'E', 'DA', '1', '730700', 'Motor Vehicles Equipment', 'Service Delivery'), (854, '', 'EDA1730800', 'SD Workshop & Warehouse', NULL, NULL, 'E', 'DA', '1', '730800', 'Workshop & Warehouse Equipment', 'Service Delivery'), (855, '', 'EDA17312000', 'SD Transport & Other Related Ocean', NULL, NULL, 'E', 'DA', '1', '7312000', 'Transport & Other Related Ocean', 'Service Delivery'), (856, '', 'EDA1811300', 'SD Standard Staff Cost  (HQ Payroll)', NULL, NULL, 'E', 'DA', '1', '811300', 'Standard Staff Cost  (HQ Payroll)', 'Service Delivery'), (857, '', 'EDA1817520', 'SD NFT Procurement Service Delivery', NULL, NULL, 'E', 'DA', '1', '817520', 'NFI Procurement Service Delivery - pass through', 'Service Delivery'), (858, '', 'EDA1817530', 'SD Engineering Service Delivery', NULL, NULL, 'E', 'DA', '1', '817530', 'Engineering Service Delivery - pass through', 'Service Delivery'), (859, '', 'EDA26506000', 'SD Camping/Field Equipments (IK)', NULL, NULL, 'E', 'DA', '2', '6506000', 'Camping/Field Equipments', 'Service Delivery'), (860, '', 'EDA27119000', 'SD Com. Cons. Serv. (IK)', NULL, NULL, 'E', 'DA', '2', '7119000', 'Commercial Consultancy Services', 'Service Delivery'), (861, '', 'EDA2730700', 'SD Mot Veh Equip (IK)', NULL, NULL, 'E', 'DA', '2', '730700', 'Motor Vehicles Equipment', 'Service Delivery'), (862, '', 'EDB13240010', 'SD Fixed costs: FLA (NGO) Expenses', NULL, NULL, 'E', 'DB', '1', '3240010', 'Fixed costs: FLA (NGO) Expenses', 'Service Delivery'), (863, '', 'EDB13240020', 'SD Fixed costs: MOU (GOV/UN Agency) Expenses', NULL, NULL, 'E', 'DB', '1', '3240020', 'Fixed costs: MOU (GOV/UN Agency) Expenses', 'Service Delivery'), (864, 'X', 'EDB13303000', 'SD Operational Expenses', NULL, NULL, 'E', 'DB', '1', '3303000', 'Operational Expenses', 'Service Delivery'), (865, '', 'EDB13600210', 'SD Delivery and Distribution costs: FLA (NGO) Expe', NULL, NULL, 'E', 'DB', '1', '3600210', 'Delivery and Distribution costs: FLA (NGO) Expenses', 'Service Delivery'), (866, '', 'EDB13600310', 'SD Delivery and Distribution costs: MOU (GOV/UN Ag', NULL, NULL, 'E', 'DB', '1', '3600310', 'Delivery and Distribution costs: MOU (GOV/UN Agency) Expenses', 'Service Delivery'), (867, '', 'EDB14300800', 'SD Coop Partner & Non WFP Employee Duty Travel', NULL, NULL, 'E', 'DB', '1', '4300800', 'Coop Partner & Non WFP Employee Duty Travel', 'Service Delivery'), (868, '', 'EIA13108000', 'Activ mgmt - Other Insurance Account Costs, legal', NULL, NULL, 'E', 'IA', '1', '3108000', 'Other Insurance Account Costs, legal fees, etc.', 'Implementation'), (869, '', 'EIA13219100', 'Activ.mgmt Transportation- Land', NULL, NULL, 'E', 'IA', '1', '3219100', 'Transportation- Land (non capitalised)', 'Implementation'), (870, '', 'EIA13300000', 'Activ.Mgmt. Assesments/Pre-Appraisal', NULL, NULL, 'E', 'IA', '1', '3300000', 'ASSESSMENTS/PRE-APPRAISAL', 'Implementation'), (871, '', 'EIA13302100', 'Activ.mgmt - Mid-Term evaluation', NULL, NULL, 'E', 'IA', '1', '3302100', 'Mid-Term evaluation', 'Implementation'), (872, '', 'EIA13302200', 'Activ.mgmt - Cont. serv. Monitoring', NULL, NULL, 'E', 'IA', '1', '3302200', 'Cont. serv. Monitoring', 'Implementation'), (873, '', 'EIA13302300', 'Activ.mgmt - Cont. Serv. Evaluation', NULL, NULL, 'E', 'IA', '1', '3302300', 'Cont. Serv. Evaluation', 'Implementation'), (874, 'X', 'EIA13303000', 'Activ mgmt - Operational Expenses', NULL, NULL, 'E', 'IA', '1', '3303000', 'Operational Expenses', 'Implementation'), (875, '', 'EIA14001700', 'Activ.mgmt Overtime', NULL, NULL, 'E', 'IA', '1', '4001700', 'Overtime', 'Implementation'), (876, '', 'EIA14004150', 'Activ.mgmt Danger Pay non-PSA funded (Int Staff)', NULL, NULL, 'E', 'IA', '1', '4004150', 'Danger Pay non-PSA funded (Int Staff)', 'Implementation'), (877, '', 'EIA14004300', 'Activ.mgmt Rest & Recup: Non-PSA Funded Post (Int.', NULL, NULL, 'E', 'IA', '1', '4004300', 'Rest & Recup: Non-PSA Funded Post (Int. Staff)', 'Implementation'), (878, '', 'EIA14200000', 'Activ.mgmt Int\'l Consultants Honoraria -Payroll', NULL, NULL, 'E', 'IA', '1', '4200000', 'Int\'l Consultants Honoraria -Payroll', 'Implementation'), (879, '', 'EIA14200100', 'Activ.mgmt Actual JPO\'s Post Cost -Salary/Allow/Be', NULL, NULL, 'E', 'IA', '1', '4200100', 'Actual JPO\'s Post Cost -Salary/Allow/Benefits', 'Implementation'), (880, '', 'EIA14200220', 'Activ.mgmt Actual JPO’s Cost – Add Hardship Allowa', NULL, NULL, 'E', 'IA', '1', '4200220', 'Actual JPO’s Cost – Add Hardship Allowance (AHA)', 'Implementation'), (881, '', 'EIA14200230', 'Activ.mgmt Actual JPO’s Cost – Non Family Service', NULL, NULL, 'E', 'IA', '1', '4200230', 'Actual JPO’s Cost – Non Family Service Allowance', 'Implementation'), (882, '', 'EIA14200300', 'Activ.mgmt Actual JPO\'s Post Cost - EMEA', NULL, NULL, 'E', 'IA', '1', '4200300', 'Actual JPO\'s Post Cost - EMEA', 'Implementation'), (883, '', 'EIA14200400', 'Activ.mgmt Actual JPO\'s Post Cost-Assignment Grant', NULL, NULL, 'E', 'IA', '1', '4200400', 'Actual JPO\'s Post Cost-Assignment Grant', 'Implementation');
INSERT INTO `pma_gl_codes` VALUES (884, '', 'EIA14200410', 'Activ.mgmt Actual JPO\'s Post Cost - Settling-in Gr', NULL, NULL, 'E', 'IA', '1', '4200410', 'Actual JPO\'s Post Cost - Settling-in Grant', 'Implementation'), (885, '', 'EIA14200500', 'Activ.mgmt Actual JPO\'s Post Cost - Repatriation G', NULL, NULL, 'E', 'IA', '1', '4200500', 'Actual JPO\'s Post Cost - Repatriation Grant', 'Implementation'), (886, '', 'EIA14200600', 'Activ.mgmt Other JPO costs (JPO Fund)', NULL, NULL, 'E', 'IA', '1', '4200600', 'Other JPO costs (JPO Fund)', 'Implementation'), (887, '', 'EIA14200750', 'Activ.mgmt JPO Danger Pay (JPO Fund)', NULL, NULL, 'E', 'IA', '1', '4200750', 'JPO Danger Pay (JPO Fund)', 'Implementation'), (888, '', 'EIA14200800', 'Activ.mgmt JPO Rest & Recuperation (JPO Fund)', NULL, NULL, 'E', 'IA', '1', '4200800', 'JPO Rest & Recuperation (JPO Fund)', 'Implementation'), (889, '', 'EIA14200900', 'Activ.mgmt JPO Travel Entitlem Exclud. Duty Travel', NULL, NULL, 'E', 'IA', '1', '4200900', 'JPO Travel Entitlem Exclud. Duty Travel (JPO Fund)', 'Implementation'), (890, '', 'EIA14200950', 'Activ.mgmt JPO Training and Development (JPO Fund)', NULL, NULL, 'E', 'IA', '1', '4200950', 'JPO Training and Development (JPO Fund)', 'Implementation'), (891, '', 'EIA14201000', 'Activ.mgmt Employee Duty Travel (WFP)', NULL, NULL, 'E', 'IA', '1', '4201000', 'Employee Duty Travel (WFP)', 'Implementation'), (892, '', 'EIA14201010', 'Activ.mgmt NO/GS Staff In-Country Deployment Trave', NULL, NULL, 'E', 'IA', '1', '4201010', 'NO/GS Staff In-Country Deployment Travel', 'Implementation'), (893, '', 'EIA14201700', 'Activ.mgmt Int. Consultant Travel: Non Duty (WFP O', NULL, NULL, 'E', 'IA', '1', '4201700', 'Int. Consultant Travel: Non Duty (WFP Only)', 'Implementation'), (894, '', 'EIA14201800', 'Activ.mgmt Temporary Assist. HQ Payroll Loc Staff', NULL, NULL, 'E', 'IA', '1', '4201800', 'Temporary Assist. HQ Payroll Loc Staff', 'Implementation'), (895, '', 'EIA14201900', 'Activ.mgmt Separation Packages Setlem Loc Staff', NULL, NULL, 'E', 'IA', '1', '4201900', 'Separation Packages Setlem Loc Staff', 'Implementation'), (896, '', 'EIA14202000', 'Activ.mgmt Medical Travel/Evacuation - Local Emplo', NULL, NULL, 'E', 'IA', '1', '4202000', 'Medical Travel/Evacuation - Local Employees', 'Implementation'), (897, 'X', 'EIA14202100', 'Activ.mgmt Residential Security NonPSA', NULL, NULL, 'E', 'IA', '1', '4202100', 'Residential Security NonPSA', 'Implementation'), (898, '', 'EIA14300000', 'Activ.mgmt Local Staff - National Officer', NULL, NULL, 'E', 'IA', '1', '4300000', 'Local Staff - National Officer', 'Implementation'), (899, '', 'EIA14300100', 'Activ.mgmt Local Staff - General Service', NULL, NULL, 'E', 'IA', '1', '4300100', 'Local Staff - General Service', 'Implementation'), (900, '', 'EIA14300110', 'Activ.mgmt Local Staff LT Benefits Accrual', NULL, NULL, 'E', 'IA', '1', '4300110', 'Local Staff LT Benefits Accrual', 'Implementation'), (901, '', 'EIA14300200', 'Activ.mgmt Local Staff -Temporary Assistance', NULL, NULL, 'E', 'IA', '1', '4300200', 'Local Staff -Temporary Assistance', 'Implementation'), (902, '', 'EIA14300250', 'Activ.mgmt Casual Labour (Local)', NULL, NULL, 'E', 'IA', '1', '4300250', 'Casual Labour (Local)', 'Implementation'), (903, '', 'EIA14300300', 'Activ.mgmt Local Employees - Overtime', NULL, NULL, 'E', 'IA', '1', '4300300', 'Local Employees - Overtime', 'Implementation'), (904, '', 'EIA14300350', 'Activ.mgmt Other Rest & Recup: Non Int.Staff &JPO', NULL, NULL, 'E', 'IA', '1', '4300350', 'Other Rest & Recup: Non Int.Staff &JPO Funded Post', 'Implementation'), (905, '', 'EIA14300410', 'Activ.mgmt Other Danger Pay: Non Int. Staff & JPO', NULL, NULL, 'E', 'IA', '1', '4300410', 'Other Danger Pay: Non Int. Staff & JPO Funded Post', 'Implementation'), (906, '', 'EIA14300500', 'Activ.mgmt Medical Insurance for SC, SSA & Casual', NULL, NULL, 'E', 'IA', '1', '4300500', 'Medical Insurance for SC, SSA & Casual Labour', 'Implementation'), (907, '', 'EIA14300550', 'Activ.mgmt MCS Employer contribution -  Non Payrol', NULL, NULL, 'E', 'IA', '1', '4300550', 'MCS Employer contribution -  Non Payroll', 'Implementation'), (908, '', 'EIA14300560', 'Activ.mgmt Entry Medical Examination - Local Emplo', NULL, NULL, 'E', 'IA', '1', '4300560', 'Entry Medical Examination - Local Employees', 'Implementation'), (909, '', 'EIA14300570', 'Activ.mgmt DDSS payments to SC/SSA', NULL, NULL, 'E', 'IA', '1', '4300570', 'DDSS payments to SC/SSA', 'Implementation'), (910, '', 'EIA14300600', 'Activ.mgmt Non Staff HR: UNV', NULL, NULL, 'E', 'IA', '1', '4300600', 'Non Staff HR: UNV', 'Implementation'), (911, '', 'EIA14300700', 'Activ.mgmt Local Consultants', NULL, NULL, 'E', 'IA', '1', '4300700', 'Local Consultants', 'Implementation'), (912, '', 'EIA14300800', 'Activ.mgmt Coop Partner & Non WFP Employee Duty Tr', NULL, NULL, 'E', 'IA', '1', '4300800', 'Coop Partner & Non WFP Employee Duty Travel', 'Implementation'), (913, '', 'EIA14300900', 'Activ.mgmt Non Staff HR: Interns', NULL, NULL, 'E', 'IA', '1', '4300900', 'Non Staff HR: Interns', 'Implementation'), (914, '', 'EIA16000000', 'Activ mgmt Supplies & Materials-Computer Equipment', NULL, NULL, 'E', 'IA', '1', '6000000', 'Supplies & Materials-Computer Equipment', 'Implementation'), (915, '', 'EIA16000050', 'Activ mgmt Supplies & Materials-Office Equipment', NULL, NULL, 'E', 'IA', '1', '6000050', 'Supplies & Materials-Office Equipment', 'Implementation'), (916, '', 'EIA16000100', 'Activ mgmt Supplies & Materials-Office Furniture a', NULL, NULL, 'E', 'IA', '1', '6000100', 'Supplies & Materials-Office Furniture and fixtures', 'Implementation'), (917, 'X', 'EIA16000200', 'Activ mgmt Supplies & Materials-Security and safet', NULL, NULL, 'E', 'IA', '1', '6000200', 'Supplies & Materials-Security and safety equipment', 'Implementation'), (918, 'X', 'EIA16000300', 'Activ mgmt Supplies & Materials-Telecommunication ', NULL, NULL, 'E', 'IA', '1', '6000300', 'Supplies & Materials-Telecommunication Equipment', 'Implementation'), (919, 'X', 'EIA16000400', 'Activ mgmt Supplies & Materials-Motor Vehicles', NULL, NULL, 'E', 'IA', '1', '6000400', 'Supplies & Materials-Motor Vehicles', 'Implementation'), (920, '', 'EIA16000500', 'Activ mgmt Supplies & Materials-Warehous & Worksho', NULL, NULL, 'E', 'IA', '1', '6000500', 'Supplies & Materials-Warehous & Workshop Equipment', 'Implementation'), (921, '', 'EIA16000550', 'Activ mgmt Supplies & Materials-Buildings Permanent/Mobile', NULL, NULL, 'E', 'IA', '1', '6000550', 'Supplies & Materials- Buildings Permanent/Mobile', 'Implementation'), (922, '', 'EIA16000800', 'Activ mgmt Supplies & Materials-Licenses & rights', NULL, NULL, 'E', 'IA', '1', '6000800', 'Supplies & Materials-Licenses & rights', 'Implementation'), (923, '', 'EIA16500000', 'Activ mgmt Equipm: Agricultural Tools and Equipmen', NULL, NULL, 'E', 'IA', '1', '6500000', 'Equipm: Agricultural Tools and Equipment', 'Implementation'), (924, '', 'EIA16501000', 'Activ mgmt Equipm: Kitchen/Canteen Materials & Equ', NULL, NULL, 'E', 'IA', '1', '6501000', 'Equipm: Kitchen/Canteen Materials & Equipment', 'Implementation'), (925, 'X', 'EIA16502000', 'Activ mgmt Equipm: Health Related Material and Equ', NULL, NULL, 'E', 'IA', '1', '6502000', 'Equipm: Health Related Material and Equipment', 'Implementation'), (926, '', 'EIA16503000', 'Activ mgmt Equipm: School Related Material and Equ', NULL, NULL, 'E', 'IA', '1', '6503000', 'Equipm: School Related Material and Equipment', 'Implementation'), (927, '', 'EIA16506000', 'Activ.mgmt Camping/Field Equipments', NULL, NULL, 'E', 'IA', '1', '6506000', 'Camping/Field Equipments', 'Implementation'), (928, '', 'EIA16507000', 'Activ mgmt Other Tools & Equipment', NULL, NULL, 'E', 'IA', '1', '6507000', 'Other Tools & Equipment', 'Implementation'), (929, '', 'EIA16600000', 'Activ.mgmt Utilities - General', NULL, NULL, 'E', 'IA', '1', '6600000', 'Utilities - General', 'Implementation'), (930, '', 'EIA16601000', 'Activ.mgmt Utilities - Gas', NULL, NULL, 'E', 'IA', '1', '6601000', 'Utilities - Gas', 'Implementation'), (931, '', 'EIA16602000', 'Activ.mgmt Utilities - Water', NULL, NULL, 'E', 'IA', '1', '6602000', 'Utilities - Water', 'Implementation'), (932, '', 'EIA16603000', 'Activ.mgmt Utilities - Electricity', NULL, NULL, 'E', 'IA', '1', '6603000', 'Utilities - Electricity', 'Implementation'), (933, '', 'EIA16604000', 'Activ.mgmt Office Supplies & Other Consumables', NULL, NULL, 'E', 'IA', '1', '6604000', 'Office Supplies & Other Consumables', 'Implementation'), (934, '', 'EIA16605000', 'Activ mgmt Fuel, Diesel and Petrol: vehicles', NULL, NULL, 'E', 'IA', '1', '6605000', 'Fuel, Diesel and Petrol: vehicles', 'Implementation'), (935, '', 'EIA16605100', 'Activ mgmt Fuel: Facilities', NULL, NULL, 'E', 'IA', '1', '6605100', 'Fuel: Facilities', 'Implementation'), (936, '', 'EIA16606000', 'Activ mgmt Oil & Lubricants other', NULL, NULL, 'E', 'IA', '1', '6606000', 'Oil & Lubricants other', 'Implementation'), (937, '', 'EIA16609000', 'Activ mgmt Communications & IT Services (WFP only)', NULL, NULL, 'E', 'IA', '1', '6609000', 'Communications & IT Services (WFP only)', 'Implementation'), (938, '', 'EIA16610000', 'Activ mgmt Communications & IT Services (UN Common', NULL, NULL, 'E', 'IA', '1', '6610000', 'Communications & IT Services (UN Common)', 'Implementation'), (939, '', 'EIA17001000', 'Activ.mgmt Rental of Facility', NULL, NULL, 'E', 'IA', '1', '7001000', 'Rental of Facility', 'Implementation'), (940, '', 'EIA17002000', 'Activ.mgmt UN Common Premises Rental', NULL, NULL, 'E', 'IA', '1', '7002000', 'UN Common Premises Rental', 'Implementation'), (941, '', 'EIA17022000', 'Activ.mgmt Insurance Public Liability and Premises', NULL, NULL, 'E', 'IA', '1', '7022000', 'Insurance Public Liability and Premises', 'Implementation'), (942, '', 'EIA17024000', 'Activ.mgmt Insurance Vehicles', NULL, NULL, 'E', 'IA', '1', '7024000', 'Insurance Vehicles', 'Implementation'), (943, '', 'EIA17050000', 'Activ mgmt Equipment Repairs and Maintenance', NULL, NULL, 'E', 'IA', '1', '7050000', 'Equipment Repairs and Maintenance', 'Implementation'), (944, '', 'EIA17051000', 'Activ.mgmt Ordinary Premises Maintenance', NULL, NULL, 'E', 'IA', '1', '7051000', 'Ordinary Premises Maintenance', 'Implementation'), (945, '', 'EIA17052000', 'Activ.mgmt Extraordinary Premises Maintenance', NULL, NULL, 'E', 'IA', '1', '7052000', 'Extraordinary Premises Maintenance', 'Implementation'), (946, '', 'EIA17053000', 'Activ.mgmt Office Renovation', NULL, NULL, 'E', 'IA', '1', '7053000', 'Office Renovation', 'Implementation'), (947, '', 'EIA17054000', 'Activ.mgmt Office Cleaning', NULL, NULL, 'E', 'IA', '1', '7054000', 'Office Cleaning', 'Implementation'), (948, '', 'EIA17055000', 'Activ.mgmt Vehicle Running Costs and Maintenance', NULL, NULL, 'E', 'IA', '1', '7055000', 'Vehicle Running Costs and Maintenance', 'Implementation'), (949, '', 'EIA17100000', 'Activ.mgmt Vehicle Leasing', NULL, NULL, 'E', 'IA', '1', '7100000', 'Vehicle Leasing', 'Implementation'), (950, '', 'EIA17100100', 'Activ mgmt Equipment Leasing', NULL, NULL, 'E', 'IA', '1', '7100100', 'Equipment Leasing', 'Implementation'), (951, '', 'EIA17102000', 'Activ.mgmt Other Office Expenses & Services (WFP O', NULL, NULL, 'E', 'IA', '1', '7102000', 'Other Office Expenses & Services (WFP Only)', 'Implementation'), (952, '', 'EIA17102010', 'Activ.mgmt Meetings & Workshops', NULL, NULL, 'E', 'IA', '1', '7102010', 'Meetings & Workshops', 'Implementation'), (953, '', 'EIA17103000', 'Activ mgmt Other UN Common Services (excluding Sec', NULL, NULL, 'E', 'IA', '1', '7103000', 'Other UN Common Services (excluding Security)', 'Implementation'), (954, '', 'EIA17106000', 'Activ mgmt UN Organisation Services, Personnel ', NULL, NULL, 'E', 'IA', '1', '7106000', 'UN Organisation Services, Personnel', 'Implementation'), (955, '', 'EIA17118000', 'Activ mgmt Security Guard Services ', NULL, NULL, 'E', 'IA', '1', '7118000', 'Security Guard Services ', 'Implementation'), (956, '', 'EIA17119000', 'Activ.mgmt Commercial Consultancy Services', NULL, NULL, 'E', 'IA', '1', '7119000', 'Commercial Consultancy Services', 'Implementation'), (957, '', 'EIA17119100', 'Activ.mgmt Translation & Editing Services', NULL, NULL, 'E', 'IA', '1', '7119100', 'Translation & Editing Services', 'Implementation'), (958, '', 'EIA17119200', 'Activ.mgmt Printing Services - External', NULL, NULL, 'E', 'IA', '1', '7119200', 'Printing Services - External', 'Implementation'), (959, '', 'EIA17119400', 'Activ.mgmt Mail & Courier Services', NULL, NULL, 'E', 'IA', '1', '7119400', 'Mail & Courier Services', 'Implementation'), (960, '', 'EIA17200000', 'Activ.mgmt Internal Service Fee (MCR)- UNHRD', NULL, NULL, 'E', 'IA', '1', '7200000', 'Internal Service Fee (MCR)- UNHRD', 'Implementation'), (961, '', 'EIA17201000', 'Activ.mgmt Internal Services provided - UNHRD', NULL, NULL, 'E', 'IA', '1', '7201000', 'Internal Services provided - UNHRD', 'Implementation'), (962, '', 'EIA17202000', 'Activ.mgmt Internal Service Fee (MCR)- GVLP', NULL, NULL, 'E', 'IA', '1', '7202000', 'Internal Service Fee (MCR)- GVLP', 'Implementation'), (963, '', 'EIA17203000', 'Activ.mgmt Internal Services provided - GVLP', NULL, NULL, 'E', 'IA', '1', '7203000', 'Internal Services provided - GVLP', 'Implementation'), (964, '', 'EIA17209050', 'Activ.mgmt Internal Services Provided – IT PER CAP', NULL, NULL, 'E', 'IA', '1', '7209050', 'Internal Services Provided – IT PER CAPITA', 'Implementation'), (965, '', 'EIA17209070', 'Activ mgmt IInternal Services – Security costs rec', NULL, NULL, 'E', 'IA', '1', '7209070', 'IInternal Services – Security costs recoveries', 'Implementation'), (966, '', 'EIA17209080', 'Implementation Internal Services Provided - SINC', NULL, NULL, 'E', 'IA', '1', '7209080', 'Internal Services Provided - SINC', 'Implementation'), (967, '', 'EIA17209320', 'IMPL - RR Contracted Coordination Service Internal', NULL, NULL, 'E', 'IA', '1', '7209320', 'Internal RR Contracted Coordination Service', 'Implementation'), (968, '', 'EIA17209400', 'Activ mgmt-Internal Services Porvided - SAIM', NULL, NULL, 'E', 'IA', '1', '7209400', 'Internal Services Porvided - SAIM', 'Implementation'), (969, '', 'EIA1730000', 'Activ mgmt Land', NULL, NULL, 'E', 'IA', '1', '730000', 'Land', 'Implementation'), (970, '', 'EIA1730200', 'Activ mgmt Buildings - mobile', NULL, NULL, 'E', 'IA', '1', '730200', 'Buildings - mobile', 'Implementation'), (971, '', 'EIA1730300', 'Activ mgmt Computer equipment', NULL, NULL, 'E', 'IA', '1', '730300', 'Computer equipment', 'Implementation'), (972, '', 'EIA1730350', 'Activ mgmt Office equipment', NULL, NULL, 'E', 'IA', '1', '730350', 'Office equipment', 'Implementation'), (973, '', 'EIA1730400', 'Activ mgmt Office Furniture and fixtures', NULL, NULL, 'E', 'IA', '1', '730400', 'Office Furniture and fixtures', 'Implementation'), (974, '', 'EIA1730500', 'Activ mgmt Security and safety equipment', NULL, NULL, 'E', 'IA', '1', '730500', 'Security and safety equipment', 'Implementation'), (975, '', 'EIA1730600', 'Activ mgmt Telecommunication Equipment', NULL, NULL, 'E', 'IA', '1', '730600', 'Telecommunication Equipment', 'Implementation'), (976, '', 'EIA1730700', 'Activ mgmt Motor Vehicles Equipment', NULL, NULL, 'E', 'IA', '1', '730700', 'Motor Vehicles Equipment', 'Implementation'), (977, '', 'EIA1730800', 'Activ mgmt Workshop & Warehouse Equipment', NULL, NULL, 'E', 'IA', '1', '730800', 'Workshop & Warehouse Equipment', 'Implementation'), (978, '', 'EIA1766000', 'Activ mgmt Leasehold Improvement', NULL, NULL, 'E', 'IA', '1', '766000', 'Leasehold Improvement', 'Implementation'), (979, '', 'EIA1811300', 'Activ.mgmt Standard Staff Cost  (HQ Payroll)', NULL, NULL, 'E', 'IA', '1', '811300', 'Standard Staff Cost  (HQ Payroll)', 'Implementation'), (980, '', 'EIA18140010', 'Activ.mgmt Other accounts receivable writte off', NULL, NULL, 'E', 'IA', '1', '8140010', 'Other accounts receivable writte off', 'Implementation'), (981, '', 'EIA18402000', 'Activ.mgmt Advocacy & Public Information', NULL, NULL, 'E', 'IA', '1', '8402000', 'Advocacy & Public Information', 'Implementation'), (982, '', 'EIA26506000', 'Activ.mgmt Camping/Field Equipments (IK)', NULL, NULL, 'E', 'IA', '2', '6506000', 'Camping/Field Equipments', 'Implementation'), (983, '', 'EIA27119000', 'Activ.mgmt Com. Cons. Serv. (IK)', NULL, NULL, 'E', 'IA', '2', '7119000', 'Commercial Consultancy Services', 'Implementation'), (984, '', 'EIA2730700', 'Activ.mgmt Mot Veh Equip (IK)', NULL, NULL, 'E', 'IA', '2', '730700', 'Motor Vehicles Equipment', 'Implementation'), (985, 'X', 'EIB16000000', 'Benef Rel Mgmt Supplies & Materials-Computer Equip', NULL, NULL, 'E', 'IB', '1', '6000000', 'Supplies & Materials-Computer Equipment', 'Implementation'), (986, 'X', 'EIB17024000', 'Benef.Rel.Mgmt Insurance Vehicles', NULL, NULL, 'E', 'IB', '1', '7024000', 'Insurance Vehicles', 'Implementation'), (987, 'X', 'EIB17102010', 'Benef.Rel.Mgmt Meetings & Workshops', NULL, NULL, 'E', 'IB', '1', '7102010', 'Meetings & Workshops', 'Implementation'), (988, 'X', 'EIB17119000', 'Benef.Rel.Mgmt Commercial Consultancy Services', NULL, NULL, 'E', 'IB', '1', '7119000', 'Commercial Consultancy Services', 'Implementation'), (989, 'X', 'EIC17102010', 'Oth. Impl. Input Meetings & Workshops', NULL, NULL, 'E', 'IC', '1', '7102010', 'Meetings & Workshops', 'Implementation'), (990, 'X', 'EID13300000', 'Assmt.cost Assesments/Pre-Appraisal', NULL, NULL, 'E', 'ID', '1', '3300000', 'ASSESSMENTS/PRE-APPRAISAL', 'Implementation'), (991, 'X', 'EID14201000', 'Assmt.cost Employee Duty Travel (WFP)', NULL, NULL, 'E', 'ID', '1', '4201000', 'Employee Duty Travel (WFP)', 'Implementation'), (992, 'X', 'EID16000000', 'Assmt Cost Supplies & Materials-Computer Equipment', NULL, NULL, 'E', 'ID', '1', '6000000', 'Supplies & Materials-Computer Equipment', 'Implementation'), (993, 'X', 'EID16609000', 'Assmt Cost Communications & IT Services (WFP only)', NULL, NULL, 'E', 'ID', '1', '6609000', 'Communications & IT Services (WFP only)', 'Implementation'), (994, 'X', 'EID17055000', 'Assmt.cost Vehicle Running Costs and Maintenance', NULL, NULL, 'E', 'ID', '1', '7055000', 'Vehicle Running Costs and Maintenance', 'Implementation'), (995, 'X', 'EID17102010', 'Assmt.cost Meetings & Workshops', NULL, NULL, 'E', 'ID', '1', '7102010', 'Meetings & Workshops', 'Implementation'), (996, 'X', 'EID17119000', 'Assmt.cost Commercial Consultancy Services', NULL, NULL, 'E', 'ID', '1', '7119000', 'Commercial Consultancy Services', 'Implementation'), (997, 'X', 'EIE13303000', 'Eval Cost - Operational Expenses', NULL, NULL, 'E', 'IE', '1', '3303000', 'Operational Expenses', 'Implementation'), (998, 'X', 'EIE14201000', 'Eval.cost Employee Duty Travel (WFP)', NULL, NULL, 'E', 'IE', '1', '4201000', 'Employee Duty Travel (WFP)', 'Implementation'), (999, 'X', 'EIE14201700', 'Eval.cost Int. Consultant Travel: Non Duty (WFP On', NULL, NULL, 'E', 'IE', '1', '4201700', 'Int. Consultant Travel: Non Duty (WFP Only)', 'Implementation'), (1000, 'X', 'EIE17102010', 'Eval.cost Meetings & Workshops', NULL, NULL, 'E', 'IE', '1', '7102010', 'Meetings & Workshops', 'Implementation'), (1001, 'X', 'EIF13302000', 'Monit.cost Impact/Evaluation Monitoring', NULL, NULL, 'E', 'IF', '1', '3302000', 'IMPACT/EVALUATION MONITORING', 'Implementation'), (1002, 'X', 'EIF13302500', 'Monit.cost Post Distribution Monitoring (WFP)', NULL, NULL, 'E', 'IF', '1', '3302500', 'POST DISTRIBUTION MONITORING (WFP)', 'Implementation'), (1003, 'X', 'EIF13303000', 'Monit Cost - Operational Expenses', NULL, NULL, 'E', 'IF', '1', '3303000', 'Operational Expenses', 'Implementation'), (1004, 'X', 'EIF14201000', 'Monit.cost Employee Duty Travel (WFP)', NULL, NULL, 'E', 'IF', '1', '4201000', 'Employee Duty Travel (WFP)', 'Implementation'), (1005, 'X', 'EIF14201700', 'Monit.cost Int. Consultant Travel: Non Duty (WFP O', NULL, NULL, 'E', 'IF', '1', '4201700', 'Int. Consultant Travel: Non Duty (WFP Only)', 'Implementation'), (1006, 'X', 'EIF14300110', 'Monit.cost Local Staff LT Benefits Accrual', NULL, NULL, 'E', 'IF', '1', '4300110', 'Local Staff LT Benefits Accrual', 'Implementation'), (1007, 'X', 'EIF16609000', 'Monit Cost Communications & IT Services (WFP only)', NULL, NULL, 'E', 'IF', '1', '6609000', 'Communications & IT Services (WFP only)', 'Implementation'), (1008, 'X', 'EIF17024000', 'Monit.cost Insurance Vehicles', NULL, NULL, 'E', 'IF', '1', '7024000', 'Insurance Vehicles', 'Implementation'), (1009, 'X', 'EIF17055000', 'Monit.cost Vehicle Running Costs and Maintenance', NULL, NULL, 'E', 'IF', '1', '7055000', 'Vehicle Running Costs and Maintenance', 'Implementation'), (1010, 'X', 'EIF17100000', 'Monit.cost Vehicle Leasing', NULL, NULL, 'E', 'IF', '1', '7100000', 'Vehicle Leasing', 'Implementation'), (1011, 'X', 'EIF17102010', 'Monit.cost Meetings & Workshops', NULL, NULL, 'E', 'IF', '1', '7102010', 'Meetings & Workshops', 'Implementation'), (1012, 'X', 'EIF17119000', 'Monit.cost Commercial Consultancy Services', NULL, NULL, 'E', 'IF', '1', '7119000', 'Commercial Consultancy Services', 'Implementation'), (1013, '', 'EAA13108000', 'DSC Other Insuran.Account Costs, legal fees', NULL, NULL, 'E', 'AA', '1', '3108000', 'Other Insurance Account Costs, legal fees, etc.', 'DSC'), (1014, '', 'EAC13302300', 'DSC - Cont. Serv. Evaluation', NULL, NULL, 'E', 'AA', '1', '3302300', 'Cont. Serv. Evaluation', 'DSC'), (1015, '', 'EAA14001700', 'DSC Overtime', NULL, NULL, 'E', 'AA', '1', '4001700', 'Overtime', 'DSC'), (1016, '', 'EAA14004150', 'DSC Danger Pay non-PSA funded (Int Staff)', NULL, NULL, 'E', 'AA', '1', '4004150', 'Danger Pay non-PSA funded (Int Staff)', 'DSC'), (1017, '', 'EAA14004300', 'DSC Rest & Recup: Non-PSA Funded Post (Int. ', NULL, NULL, 'E', 'AA', '1', '4004300', 'Rest & Recup: Non-PSA Funded Post (Int. Staff)', 'DSC'), (1018, '', 'EAA14200000', 'DSC Int\'l Consultants Honoraria -Payroll', NULL, NULL, 'E', 'AA', '1', '4200000', 'Int\'l Consultants Honoraria -Payroll', 'DSC'), (1019, '', 'EAA14200010', 'DSC Int\'l Consultants Residential Security', NULL, NULL, 'E', 'AA', '1', '4200010', 'Int\'l Consultants Residential Security', 'DSC'), (1020, '', 'EAA14200100', 'DSC Actual JPO\'s Post Cost -Salary/Allow/Ben', NULL, NULL, 'E', 'AA', '1', '4200100', 'Actual JPO\'s Post Cost -Salary/Allow/Benefits', 'DSC'), (1021, '', 'EAA14200220', 'DSC Actual JPO’s Cost – Add Hardship Allowan', NULL, NULL, 'E', 'AA', '1', '4200220', 'Actual JPO’s Cost – Add Hardship Allowance (AHA)', 'DSC'), (1022, '', 'EAA14200230', 'DSC Actual JPO’s Cost – Non Family Service A', NULL, NULL, 'E', 'AA', '1', '4200230', 'Actual JPO’s Cost – Non Family Service Allowance', 'DSC'), (1023, '', 'EAA14200300', 'DSC Actual JPO\'s Post Cost - EMEA', NULL, NULL, 'E', 'AA', '1', '4200300', 'Actual JPO\'s Post Cost - EMEA', 'DSC'), (1024, '', 'EAA14200400', 'DSC Actual JPO\'s Post Cost-Assignment Grant', NULL, NULL, 'E', 'AA', '1', '4200400', 'Actual JPO\'s Post Cost-Assignment Grant', 'DSC'), (1025, '', 'EAA14200410', 'DSC Actual JPO\'s Post Cost - Settling-in Gra', NULL, NULL, 'E', 'AA', '1', '4200410', 'Actual JPO\'s Post Cost - Settling-in Grant', 'DSC'), (1026, '', 'EAA14200500', 'DSC Actual JPO\'s Post Cost - Repatriation Gr', NULL, NULL, 'E', 'AA', '1', '4200500', 'Actual JPO\'s Post Cost - Repatriation Grant', 'DSC'), (1027, '', 'EAA14200600', 'DSC Other JPO costs (JPO Fund)', NULL, NULL, 'E', 'AA', '1', '4200600', 'Other JPO costs (JPO Fund)', 'DSC'), (1028, '', 'EAA14200750', 'DSC JPO Danger Pay (JPO Fund)', NULL, NULL, 'E', 'AA', '1', '4200750', 'JPO Danger Pay (JPO Fund)', 'DSC'), (1029, '', 'EAA14200800', 'DSC JPO Rest & Recuperation (JPO Fund)', NULL, NULL, 'E', 'AA', '1', '4200800', 'JPO Rest & Recuperation (JPO Fund)', 'DSC'), (1030, '', 'EAA14200900', 'DSC JPO Travel Entitlem Exclud. Duty Travel ', NULL, NULL, 'E', 'AA', '1', '4200900', 'JPO Travel Entitlem Exclud. Duty Travel (JPO Fund)', 'DSC'), (1031, '', 'EAA14200950', 'DSC JPO Training and Development (JPO Fund)', NULL, NULL, 'E', 'AA', '1', '4200950', 'JPO Training and Development (JPO Fund)', 'DSC'), (1032, '', 'EAA14201000', 'DSC Employee Duty Travel (WFP)', NULL, NULL, 'E', 'AA', '1', '4201000', 'Employee Duty Travel (WFP)', 'DSC'), (1033, '', 'EAA14201010', 'DSC NO/GS Staff In-Country Deployment Travel', NULL, NULL, 'E', 'AA', '1', '4201010', 'NO/GS Staff In-Country Deployment Travel', 'DSC'), (1034, '', 'EAA14201700', 'DSC Int. Consultant Travel: Non Duty (WFP On', NULL, NULL, 'E', 'AA', '1', '4201700', 'Int. Consultant Travel: Non Duty (WFP Only)', 'DSC'), (1035, '', 'EAA14201800', 'DSC Temporary Assist. HQ Payroll Loc Staff', NULL, NULL, 'E', 'AA', '1', '4201800', 'Temporary Assist. HQ Payroll Loc Staff', 'DSC'), (1036, '', 'EAA14201900', 'DSC Separation Packages Setlem Loc Staff', NULL, NULL, 'E', 'AA', '1', '4201900', 'Separation Packages Setlem Loc Staff', 'DSC'), (1037, '', 'EAA14202000', 'DSC Medical Travel/Evacuation - Local Employ', NULL, NULL, 'E', 'AA', '1', '4202000', 'Medical Travel/Evacuation - Local Employees', 'DSC'), (1038, '', 'EAA14202100', 'DSC Residential Security Non PSA Int.Staff', NULL, NULL, 'E', 'AA', '1', '4202100', 'Residential Security NonPSA', 'DSC'), (1039, '', 'EAA14202200', 'DSC Emergency Medical Evacuation - WFP Employees', NULL, NULL, 'E', 'AA', '1', '4202200', 'Emergency Medical Evacuation - WFP Employees', 'DSC'), (1040, '', 'EAA14300000', 'DSC Local Staff - National Officer', NULL, NULL, 'E', 'AA', '1', '4300000', 'Local Staff - National Officer', 'DSC'), (1041, '', 'EAA14300100', 'DSC Local Staff - General Service', NULL, NULL, 'E', 'AA', '1', '4300100', 'Local Staff - General Service', 'DSC'), (1042, '', 'EAA14300110', 'DSC Local Staff LT Benefits Accrual', NULL, NULL, 'E', 'AA', '1', '4300110', 'Local Staff LT Benefits Accrual', 'DSC'), (1043, '', 'EAA14300200', 'DSC Local Staff -Temporary Assistance', NULL, NULL, 'E', 'AA', '1', '4300200', 'Local Staff -Temporary Assistance', 'DSC'), (1044, '', 'EAA14300250', 'DSC Casual Labour (Local)', NULL, NULL, 'E', 'AA', '1', '4300250', 'Casual Labour (Local)', 'DSC'), (1045, '', 'EAA14300300', 'DSC Local Employees - Overtime', NULL, NULL, 'E', 'AA', '1', '4300300', 'Local Employees - Overtime', 'DSC'), (1046, '', 'EAA14300350', 'DSC Other Rest & Recup: Non Int.Staff &JPO F', NULL, NULL, 'E', 'AA', '1', '4300350', 'Other Rest & Recup: Non Int.Staff &JPO Funded Post', 'DSC'), (1047, '', 'EAA14300410', 'DSC Other Danger Pay: Non Int. Staff & JPO F', NULL, NULL, 'E', 'AA', '1', '4300410', 'Other Danger Pay: Non Int. Staff & JPO Funded Post', 'DSC'), (1048, '', 'EAA14300500', 'DSC Medical Insurance for SC, SSA & Casual L', NULL, NULL, 'E', 'AA', '1', '4300500', 'Medical Insurance for SC, SSA & Casual Labour', 'DSC'), (1049, '', 'EAA14300550', 'DSC MCS Employer contribution -  Non Payroll', NULL, NULL, 'E', 'AA', '1', '4300550', 'MCS Employer contribution -  Non Payroll', 'DSC'), (1050, '', 'EAA14300560', 'DSC Entry Medical Examination - Local Employ', NULL, NULL, 'E', 'AA', '1', '4300560', 'Entry Medical Examination - Local Employees', 'DSC'), (1051, '', 'EAA14300570', 'DSC DDSS payments to SC/SSA', NULL, NULL, 'E', 'AA', '1', '4300570', 'DDSS payments to SC/SSA', 'DSC'), (1052, '', 'EAA14300600', 'DSC Non Staff HR: UNV', NULL, NULL, 'E', 'AA', '1', '4300600', 'Non Staff HR: UNV', 'DSC'), (1053, '', 'EAA14300700', 'DSC Local Consultants', NULL, NULL, 'E', 'AA', '1', '4300700', 'Local Consultants', 'DSC'), (1054, '', 'EAA14300800', 'DSC Coop Partner & Non WFP Employee Duty Tra', NULL, NULL, 'E', 'AA', '1', '4300800', 'Coop Partner & Non WFP Employee Duty Travel', 'DSC'), (1055, '', 'EAA14300900', 'DSC Non Staff HR: Intern', NULL, NULL, 'E', 'AA', '1', '4300900', 'Non Staff HR: Interns', 'DSC'), (1056, '', 'EAA16000000', 'DSC S&M Computer Equipme', NULL, NULL, 'E', 'AA', '1', '6000000', 'Supplies & Materials-Computer Equipment', 'DSC'), (1057, '', 'EAA16000050', 'DSC S&M Office Equipment', NULL, NULL, 'E', 'AA', '1', '6000050', 'Supplies & Materials-Office Equipment', 'DSC'), (1058, '', 'EAA16000100', 'DSC S&M Office Furniture', NULL, NULL, 'E', 'AA', '1', '6000100', 'Supplies & Materials-Office Furniture and fixtures', 'DSC'), (1059, '', 'EAA16000200', 'DSC Supp&Mat MOSS Secur. & Safety Eqment', NULL, NULL, 'E', 'AA', '1', '6000200', 'Supplies & Materials-Security and safety equipment', 'DSC'), (1060, '', 'EAA16000300', 'DSC Supp&Mat  MOSS Telecomm. Equipment', NULL, NULL, 'E', 'AA', '1', '6000300', 'Supplies & Materials-Telecommunication Equipment', 'DSC'), (1061, '', 'EAA16000400', 'DSC Supp&Mat MOSS Motor Vehicles', NULL, NULL, 'E', 'AA', '1', '6000400', 'Supplies & Materials-Motor Vehicles', 'DSC'), (1062, '', 'EAA16000500', 'DSC S&M Warehous & Works', NULL, NULL, 'E', 'AA', '1', '6000500', 'Supplies & Materials-Warehous & Workshop Equipment', 'DSC'), (1063, '', 'EAA16000550', 'DSC S&M  Buildings Perma', NULL, NULL, 'E', 'AA', '1', '6000550', 'Supplies & Materials- Buildings Permanent/Mobile', 'DSC'), (1064, '', 'EAA16000600', 'DSC S&M Software acquire', NULL, NULL, 'E', 'AA', '1', '6000600', 'Supplies & Materials-Software acquired', 'DSC'), (1065, '', 'EAA16000700', 'DSC S&M Software interna', NULL, NULL, 'E', 'AA', '1', '6000700', 'Supplies & Materials-Software internally developed', 'DSC'), (1066, '', 'EAA16000800', 'DSC S&M Licenses and rig', NULL, NULL, 'E', 'AA', '1', '6000800', 'Supplies & Materials-Licenses and rights', 'DSC'), (1067, '', 'EAA16000900', 'DSC S&M Copy Rights', NULL, NULL, 'E', 'AA', '1', '6000900', 'Supplies & Materials-Copy Rights', 'DSC'), (1068, '', 'EAA16001000', 'DSC S&M Other intangible', NULL, NULL, 'E', 'AA', '1', '6001000', 'Supplies & Materials-Other intangible assets', 'DSC'), (1069, '', 'EAA16502000', 'DSC S&M d Material and E', NULL, NULL, 'E', 'AA', '1', '6502000', 'Equipm: Health Related Material and Equipment', 'DSC'), (1070, '', 'EAA16506000', 'DSC Camping/Field Equipments', NULL, NULL, 'E', 'AA', '1', '6506000', 'Camping/Field Equipments', 'DSC'), (1071, '', 'EAA16507000', 'DSC Other Tools & Equipm', NULL, NULL, 'E', 'AA', '1', '6507000', 'Other Tools & Equipment', 'DSC'), (1072, '', 'EAA16600000', 'DSC Utilities - General', NULL, NULL, 'E', 'AA', '1', '6600000', 'Utilities - General', 'DSC'), (1073, '', 'EAA16601000', 'DSC Utilities - Gas', NULL, NULL, 'E', 'AA', '1', '6601000', 'Utilities - Gas', 'DSC'), (1074, '', 'EAA16602000', 'DSC Utilities - Water', NULL, NULL, 'E', 'AA', '1', '6602000', 'Utilities - Water', 'DSC'), (1075, '', 'EAA16603000', 'DSC Utilities - Electricity', NULL, NULL, 'E', 'AA', '1', '6603000', 'Utilities - Electricity', 'DSC'), (1076, '', 'EAA16604000', 'DSC Office Supplies & Other Consumables', NULL, NULL, 'E', 'AA', '1', '6604000', 'Office Supplies & Other Consumables', 'DSC'), (1077, '', 'EAA16605000', 'DSC Fuel, Diesel and Pet', NULL, NULL, 'E', 'AA', '1', '6605000', 'Fuel, Diesel and Petrol: vehicles', 'DSC'), (1078, '', 'EAA16605100', 'DSC Fuel: Facilities', NULL, NULL, 'E', 'AA', '1', '6605100', 'Fuel: Facilities', 'DSC'), (1079, '', 'EAA16606000', 'DSC Oil & Lubricants oth', NULL, NULL, 'E', 'AA', '1', '6606000', 'Oil & Lubricants other', 'DSC'), (1080, '', 'EAA16609000', 'DSC Communications & IT', NULL, NULL, 'E', 'AA', '1', '6609000', 'Communications & IT Services (WFP only)', 'DSC'), (1081, '', 'EAA16610000', 'DSC Communications & IT', NULL, NULL, 'E', 'AA', '1', '6610000', 'Communications & IT Services (UN Common)', 'DSC'), (1082, '', 'EAA17001000', 'DSC Rental of Facility', NULL, NULL, 'E', 'AA', '1', '7001000', 'Rental of Facility', 'DSC'), (1083, '', 'EAA17002000', 'DSC UN Common Premises Rental', NULL, NULL, 'E', 'AA', '1', '7002000', 'UN Common Premises Rental', 'DSC'), (1084, '', 'EAA17021000', 'DSC Insurance Equipment', NULL, NULL, 'E', 'AA', '1', '7021000', 'Insurance Equipment - HQ/Field Offices', 'DSC'), (1085, '', 'EAA17022000', 'DSC Insurance Public Liability and Premises', NULL, NULL, 'E', 'AA', '1', '7022000', 'Insurance Public Liability and Premises', 'DSC'), (1086, '', 'EAA17024000', 'DSC Insurance Vehicles', NULL, NULL, 'E', 'AA', '1', '7024000', 'Insurance Vehicles', 'DSC'), (1087, '', 'EAA17050000', 'DSC Equipment Repairs an', NULL, NULL, 'E', 'AA', '1', '7050000', 'Equipment Repairs and Maintenance', 'DSC'), (1088, '', 'EAA17051000', 'DSC Ordinary Premises Maintenance', NULL, NULL, 'E', 'AA', '1', '7051000', 'Ordinary Premises Maintenance', 'DSC'), (1089, '', 'EAA17052000', 'DSC Extraordinary Premises Maintenance', NULL, NULL, 'E', 'AA', '1', '7052000', 'Extraordinary Premises Maintenance', 'DSC'), (1090, '', 'EAA17053000', 'DSC Office Renovation', NULL, NULL, 'E', 'AA', '1', '7053000', 'Office Renovation', 'DSC'), (1091, '', 'EAA17054000', 'DSC Office Cleaning', NULL, NULL, 'E', 'AA', '1', '7054000', 'Office Cleaning', 'DSC'), (1092, '', 'EAA17055000', 'DSC Vehicle Running Costs and Maintenance', NULL, NULL, 'E', 'AA', '1', '7055000', 'Vehicle Running Costs and Maintenance', 'DSC'), (1093, '', 'EAA17100000', 'DSC Vehicle Leasing', NULL, NULL, 'E', 'AA', '1', '7100000', 'Vehicle Leasing', 'DSC'), (1094, '', 'EAA17100100', 'DSC Equipment Leasing', NULL, NULL, 'E', 'AA', '1', '7100100', 'Equipment Leasing', 'DSC'), (1095, '', 'EAA17102000', 'DSC Other Office Expenses & Services (WFP On', NULL, NULL, 'E', 'AA', '1', '7102000', 'Other Office Expenses & Services (WFP Only)', 'DSC'), (1096, '', 'EAA17102010', 'DSC Meetings & Workshops', NULL, NULL, 'E', 'AA', '1', '7102010', 'Meetings & Workshops', 'DSC'), (1097, '', 'EAA17103000', 'DSC Other UN Common Serv', NULL, NULL, 'E', 'AA', '1', '7103000', 'Other UN Common Services (excluding Security)', 'DSC'), (1098, '', 'EAA17104000', 'DSC Services from FAO', NULL, NULL, 'E', 'AA', '1', '7104000', 'Services from FAO', 'DSC'), (1099, '', 'EAA17106000', 'DSC UN Organisation Services, Personnel', NULL, NULL, 'E', 'AA', '1', '7106000', 'UN Organisation Services, Personnel', 'DSC'), (1100, '', 'EAA17107000', 'DSC UN Organisation Services, Consultants', NULL, NULL, 'E', 'AA', '1', '7107000', 'UN Organisation Services, Consultants', 'DSC'), (1101, '', 'EAA17108000', 'DSC UN Organisation Services, Travel', NULL, NULL, 'E', 'AA', '1', '7108000', 'UN Organisation Services, Travel', 'DSC'), (1102, '', 'EAA17109000', 'DSC UN Organisation Services, General Expend', NULL, NULL, 'E', 'AA', '1', '7109000', 'UN Organisation Services, General Expenditures', 'DSC'), (1103, '', 'EAA17110000', 'DSC Statutory Requirement: External Audit', NULL, NULL, 'E', 'AA', '1', '7110000', 'Statutory Requirement: External Audit', 'DSC'), (1104, '', 'EAA17111000', 'DSC Contributions to UN Bodies', NULL, NULL, 'E', 'AA', '1', '7111000', 'Contributions to UN Bodies', 'DSC'), (1105, '', 'EAA17112000', 'DSC Contribution Emergency Relief Co-ordinat', NULL, NULL, 'E', 'AA', '1', '7112000', 'Contribution Emergency Relief Co-ordination', 'DSC'), (1106, '', 'EAA17113000', 'DSC Contribution UN Reform', NULL, NULL, 'E', 'AA', '1', '7113000', 'Contribution UN Reform', 'DSC'), (1107, '', 'EAA17114000', 'DSC Security LCSSB Contribution', NULL, NULL, 'E', 'AA', '1', '7114000', 'Contribution UN Field Security', 'DSC'), (1108, '', 'EAA17115000', 'DSC Contribution Joint Bodies', NULL, NULL, 'E', 'AA', '1', '7115000', 'Contribution Joint Bodies', 'DSC'), (1109, '', 'EAA17116000', 'DSC Statutory Requirement: Governing Body', NULL, NULL, 'E', 'AA', '1', '7116000', 'Statutory Requirement: Governing Body', 'DSC'), (1110, '', 'EAA17117000', 'DSC Legal Services', NULL, NULL, 'E', 'AA', '1', '7117000', 'Legal Services', 'DSC'), (1111, '', 'EAA17118000', 'DSC Security Guard Services ', NULL, NULL, 'E', 'AA', '1', '7118000', 'Security Guard Services ', 'DSC'), (1112, '', 'EAA17119000', 'DSC Commercial Consultancy Services', NULL, NULL, 'E', 'AA', '1', '7119000', 'Commercial Consultancy Services', 'DSC'), (1113, '', 'EAA17119100', 'DSC Translation & Editing Services', NULL, NULL, 'E', 'AA', '1', '7119100', 'Translation & Editing Services', 'DSC'), (1114, '', 'EAA17119200', 'DSC Printing Services - External', NULL, NULL, 'E', 'AA', '1', '7119200', 'Printing Services - External', 'DSC'), (1115, '', 'EAA17119300', 'DSC Printing Services -  Internal (HQ only)', NULL, NULL, 'E', 'AA', '1', '7119300', 'Printing Services -  Internal (HQ only)', 'DSC'), (1116, '', 'EAA17119310', 'DSC Field Engineering Services  (ODI)', NULL, NULL, 'E', 'AA', '1', '7119310', 'Field Engineering Services  (ODI)', 'DSC'), (1117, '', 'EAA17119400', 'DSC Mail & Courier Services', NULL, NULL, 'E', 'AA', '1', '7119400', 'Mail & Courier Services', 'DSC'), (1118, '', 'EAA17202000', 'DSC Internal Service Fee (MCR)- GVLP', NULL, NULL, 'E', 'AA', '1', '7202000', 'Internal Service Fee (MCR)- GVLP', 'DSC'), (1119, '', 'EAA17203000', 'DSC Internal Services provided - GVLP', NULL, NULL, 'E', 'AA', '1', '7203000', 'Internal Services provided - GVLP', 'DSC'), (1120, '', 'EAA17209000', 'DSC Internal Services provided - FITTEST', NULL, NULL, 'E', 'AA', '1', '7209000', 'Internal Services provided - FITTEST', 'DSC'), (1121, '', 'EAA17209050', 'DSC Internal Services Provided – IT PER CAPI', NULL, NULL, 'E', 'AA', '1', '7209050', 'Internal Services Provided – IT PER CAPITA', 'DSC'), (1122, '', 'EAA17209060', 'DSC Internal Services – Operations Evaluatio', NULL, NULL, 'E', 'AA', '1', '7209060', 'Internal Services – Operations Evaluation recover', 'DSC'), (1123, '', 'EAA17209070', 'DSC IInternal Services –', NULL, NULL, 'E', 'AA', '1', '7209070', 'IInternal Services – Security costs recoveries', 'DSC'), (1124, '', 'EAA17209080', 'DSC Internal Services Provided – SINC', NULL, NULL, 'E', 'AA', '1', '7209080', 'Internal Services Provided - SINC', 'DSC'), (1125, '', 'EAA1730000', 'DSC Land', NULL, NULL, 'E', 'AA', '1', '730000', 'Land', 'DSC'), (1126, '', 'EAA1730100', 'DSC Buildings - permanen', NULL, NULL, 'E', 'AA', '1', '730100', 'Buildings - permanent', 'DSC'), (1127, '', 'EAA1730200', 'DSC Buildings - mobile', NULL, NULL, 'E', 'AA', '1', '730200', 'Buildings - mobile', 'DSC'), (1128, '', 'EAA1730300', 'DSC Computer equipment', NULL, NULL, 'E', 'AA', '1', '730300', 'Computer equipment', 'DSC'), (1129, '', 'EAA1730350', 'DSC Office equipment', NULL, NULL, 'E', 'AA', '1', '730350', 'Office equipment', 'DSC'), (1130, '', 'EAA1730400', 'DSC Office Furniture and', NULL, NULL, 'E', 'AA', '1', '730400', 'Office Furniture and fixtures', 'DSC'), (1131, '', 'EAA1730500', 'DSC Security and safety', NULL, NULL, 'E', 'AA', '1', '730500', 'Security and safety equipment', 'DSC'), (1132, '', 'EAA1730600', 'DSC Telecommunication Eq', NULL, NULL, 'E', 'AA', '1', '730600', 'Telecommunication Equipment', 'DSC'), (1133, '', 'EAA1730700', 'DSC Motor Vehicles Equip', NULL, NULL, 'E', 'AA', '1', '730700', 'Motor Vehicles Equipment', 'DSC'), (1134, '', 'EAA1730800', 'DSC Workshop & Warehouse', NULL, NULL, 'E', 'AA', '1', '730800', 'Workshop & Warehouse Equipment', 'DSC'), (1135, '', 'EAA1760100', 'DSC Software acquired', NULL, NULL, 'E', 'AA', '1', '760100', 'Software acquired', 'DSC'), (1136, '', 'EAA1760200', 'DSC Software internally', NULL, NULL, 'E', 'AA', '1', '760200', 'Software internally developed', 'DSC'), (1137, '', 'EAA1760300', 'DSC Licenses and rights', NULL, NULL, 'E', 'AA', '1', '760300', 'Licenses and rights', 'DSC'), (1138, '', 'EAA1760400', 'DSC Copy Rights', NULL, NULL, 'E', 'AA', '1', '760400', 'Copy Rights', 'DSC'), (1139, '', 'EAA1760500', 'DSC Other intangible ass', NULL, NULL, 'E', 'AA', '1', '760500', 'Other intangible assets', 'DSC'), (1140, '', 'EAA1766000', 'DSC Leasehold Improvemen', NULL, NULL, 'E', 'AA', '1', '766000', 'Leasehold Improvement', 'DSC'), (1141, '', 'EAA1811300', 'DSC Standard Staff Cost  (HQ Payroll)', NULL, NULL, 'E', 'AA', '1', '811300', 'Standard Staff Cost  (HQ Payroll)', 'DSC'), (1142, '', 'EAA18140010', 'DSC Other accounts receivable writte off', NULL, NULL, 'E', 'AA', '1', '8140010', 'Other accounts receivable writte off', 'DSC'), (1143, '', 'EAA18160000', 'DSC Write Off of Cash Losses', NULL, NULL, 'E', 'AA', '1', '8160000', 'Write Off of Cash Losses', 'DSC'), (1144, '', 'EAA18202000', 'DSC Bank Charges CO', NULL, NULL, 'E', 'AA', '1', '8202000', 'Bank Charges CO', 'DSC'), (1145, '', 'EAA18400000', 'DSC Hospitality', NULL, NULL, 'E', 'AA', '1', '8400000', 'Hospitality', 'DSC'), (1146, '', 'EAA18402000', 'DSC Advocacy & Public Information', NULL, NULL, 'E', 'AA', '1', '8402000', 'Advocacy & Public Information', 'DSC'), (1147, '', 'EAA18404100', 'DSC Actuarial Fees', NULL, NULL, 'E', 'AA', '1', '8404100', 'Actuarial Fees', 'DSC'), (1148, '', 'EAA26000400', 'DSC Supp&Mat MOSS Motor Vehicles (IK)', NULL, NULL, 'E', 'AA', '2', '6000400', 'Supplies & Materials-Motor Vehicles', 'DSC'), (1149, '', 'EAA26000550', 'DSC Suppl.& Materials-Build.Pe (IK)', NULL, NULL, 'E', 'AA', '2', '6000550', 'Supplies & Materials- Buildings Permanent/Mobile', 'DSC'), (1150, '', 'EAA26506000', 'DSC Camping/Field Equipments (IK)', NULL, NULL, 'E', 'AA', '2', '6506000', 'Camping/Field Equipments', 'DSC'), (1151, '', 'EAA26609000', 'DSC In-Kind Communications & IT Services', NULL, NULL, 'E', 'AA', '2', '6609000', 'Communications & IT Services', 'DSC'), (1152, '', 'EAA27001000', 'DSC Rental Facility (WFP only) (IK)', NULL, NULL, 'E', 'AA', '2', '7001000', 'Rental of Facility', 'DSC'), (1153, '', 'EAA27119000', 'DSC Com. Cons. Serv. (IK)', NULL, NULL, 'E', 'AA', '2', '7119000', 'Commercial Consultancy Services', 'DSC'), (1154, '', 'EAA2730100', 'DSC Buildings - permanent (IK)', NULL, NULL, 'E', 'AA', '2', '730100', 'Buildings - permanent', 'DSC'), (1155, '', 'EAA2730700', 'DSC Mot Veh Equip (IK)', NULL, NULL, 'E', 'AA', '2', '730700', 'Motor Vehicles Equipment', 'DSC'), (1156, '', 'EAB13300000', 'DSC ASSESSMENTS/PRE-APPRAISAL', NULL, NULL, 'E', 'AB', '1', '3300000', 'ASSESSMENTS/PRE-APPRAISAL', 'DSC'), (1157, '', 'EAB17102010', 'DSC Assessm_Meetings & Workshops', NULL, NULL, 'E', 'AB', '1', '7102010', 'Meetings & Workshops', 'DSC'), (1158, '', 'EAC13301000', 'DSC EVALUATIONS/SURVEYS', NULL, NULL, 'E', 'AC', '1', '3301000', 'EVALUATIONS/SURVEYS', 'DSC'), (1159, '', 'EAC17102010', 'DSC Evaluat_Meetings & Workshops', NULL, NULL, 'E', 'AC', '1', '7102010', 'Meetings & Workshops', 'DSC'), (1160, '', 'PFA1500100', 'FTV_CASH CER CEREALS AND GRAINS(Plan)', NULL, NULL, 'P', 'FA', '1', 'PFA500100', 'CER CEREALS AND GRAINS', 'Food'), (1161, '', 'PFA1500101', 'FTV_CASH CER BARLEY(Plan)', NULL, NULL, 'P', 'FA', '1', 'PFA500101', 'CER BARLEY', 'Food'), (1162, '', 'PFA1500102', 'FTV_CASH CER BREAD(Plan)', NULL, NULL, 'P', 'FA', '1', 'PFA500102', 'CER BREAD', 'Food'), (1163, '', 'PFA1500103', 'FTV_CASH CER BUCKWHEAT(Plan)', NULL, NULL, 'P', 'FA', '1', 'PFA500103', 'CER BUCKWHEAT', 'Food'), (1164, '', 'PFA1500104', 'FTV_CASH CER BULGUR WHEAT(Plan)', NULL, NULL, 'P', 'FA', '1', 'PFA500104', 'CER BULGUR WHEAT', 'Food'), (1165, '', 'PFA1500105', 'FTV_CASH CER MAIZE(Plan)', NULL, NULL, 'P', 'FA', '1', 'PFA500105', 'CER MAIZE', 'Food'), (1166, '', 'PFA1500106', 'FTV_CASH CER MAIZE MEAL(Plan)', NULL, NULL, 'P', 'FA', '1', 'PFA500106', 'CER MAIZE MEAL', 'Food'), (1167, '', 'PFA1500107', 'FTV_CASH CER OAT(Plan)', NULL, NULL, 'P', 'FA', '1', 'PFA500107', 'CER OAT', 'Food'), (1168, '', 'PFA1500108', 'FTV_CASH CER PASTA(Plan)', NULL, NULL, 'P', 'FA', '1', 'PFA500108', 'CER PASTA', 'Food'), (1169, '', 'PFA1500109', 'FTV_CASH CER QUINUA(Plan)', NULL, NULL, 'P', 'FA', '1', 'PFA500109', 'CER QUINUA', 'Food'), (1170, '', 'PFA1500110', 'FTV_CASH CER RICE(Plan)', NULL, NULL, 'P', 'FA', '1', 'PFA500110', 'CER RICE', 'Food'), (1171, '', 'PFA1500111', 'FTV_CASH CER SORGHUM/MILLET(Plan)', NULL, NULL, 'P', 'FA', '1', 'PFA500111', 'CER SORGHUM/MILLET', 'Food'), (1172, '', 'PFA1500112', 'FTV_CASH CER SOYA-FORTIFIED MAIZE MEAL(Plan)', NULL, NULL, 'P', 'FA', '1', 'PFA500112', 'CER SOYA-FORTIFIED MAIZE MEAL', 'Food'), (1173, '', 'PFA1500113', 'FTV_CASH CER WHEAT(Plan)', NULL, NULL, 'P', 'FA', '1', 'PFA500113', 'CER WHEAT', 'Food'), (1174, '', 'PFA1500115', 'FTV_CASH CER WHEAT FLOUR(Plan)', NULL, NULL, 'P', 'FA', '1', 'PFA500115', 'CER WHEAT FLOUR', 'Food'), (1175, '', 'PFA1500200', 'FTV_CASH BEV BEVERAGES(Plan)', NULL, NULL, 'P', 'FA', '1', 'PFA500200', 'BEV BEVERAGES', 'Food'), (1176, '', 'PFA1500201', 'FTV_CASH BEV BLACK TEA(Plan)', NULL, NULL, 'P', 'FA', '1', 'PFA500201', 'BEV BLACK TEA', 'Food'), (1177, '', 'PFA1500202', 'FTV_CASH BEV COFFEE(Plan)', NULL, NULL, 'P', 'FA', '1', 'PFA500202', 'BEV COFFEE', 'Food'), (1178, '', 'PFA1500203', 'FTV_CASH BEV FRUIT JUICE(Plan)', NULL, NULL, 'P', 'FA', '1', 'PFA500203', 'BEV FRUIT JUICE', 'Food'), (1179, '', 'PFA1500204', 'FTV_CASH BEV MINERAL WATER(Plan)', NULL, NULL, 'P', 'FA', '1', 'PFA500204', 'BEV MINERAL WATER', 'Food'), (1180, '', 'PFA1500205', 'FTV_CASH BEV BEVERAGE MIX(Plan)', NULL, NULL, 'P', 'FA', '1', 'PFA500205', 'BEV BEVERAGE MIX', 'Food'), (1181, '', 'PFA1500250', 'FTV_CASH DAI DAIRY PRODUCTS(Plan)', NULL, NULL, 'P', 'FA', '1', 'PFA500250', 'DAI DAIRY PRODUCTS', 'Food'), (1182, '', 'PFA1500251', 'FTV_CASH DAI CHEESE(Plan)', NULL, NULL, 'P', 'FA', '1', 'PFA500251', 'DAI CHEESE', 'Food'), (1183, '', 'PFA1500252', 'FTV_CASH DAI DRIED WHOLE MILK(Plan)', NULL, NULL, 'P', 'FA', '1', 'PFA500252', 'DAI DRIED WHOLE MILK', 'Food'), (1184, '', 'PFA1500253', 'FTV_CASH DAI ENRICHED DRIED SKIMMED MILK(Plan)', NULL, NULL, 'P', 'FA', '1', 'PFA500253', 'DAI ENRICHED DRIED SKIMMED MILK', 'Food'), (1185, '', 'PFA1500254', 'FTV_CASH DAI INFANT FORMULA(Plan)', NULL, NULL, 'P', 'FA', '1', 'PFA500254', 'DAI INFANT FORMULA', 'Food'), (1186, '', 'PFA1500255', 'FTV_CASH DAI PLAIN DRIED SKIMMED MILK(Plan)', NULL, NULL, 'P', 'FA', '1', 'PFA500255', 'DAI PLAIN DRIED SKIMMED MILK', 'Food'), (1187, '', 'PFA1500256', 'FTV_CASH DAI THERAPEUTIC MILK(Plan)', NULL, NULL, 'P', 'FA', '1', 'PFA500256', 'DAI THERAPEUTIC MILK', 'Food'), (1188, '', 'PFA1500257', 'FTV_CASH DAI UHT MILK(Plan)', NULL, NULL, 'P', 'FA', '1', 'PFA500257', 'DAI UHT MILK', 'Food'), (1189, '', 'PFA1500300', 'FTV_CASH FRU FRUIT AND NUTS(Plan)', NULL, NULL, 'P', 'FA', '1', 'PFA500300', 'FRU FRUIT AND NUTS', 'Food'), (1190, '', 'PFA1500301', 'FTV_CASH FRU DRIED FRUITS(Plan)', NULL, NULL, 'P', 'FA', '1', 'PFA500301', 'FRU DRIED FRUITS', 'Food'), (1191, '', 'PFA1500302', 'FTV_CASH FRU Date Paste(Plan)', NULL, NULL, 'P', 'FA', '1', 'PFA500302', 'FRU Date Paste', 'Food'), (1192, '', 'PFA1500303', 'FTV_CASH FRU FRESH FRUITS(Plan)', NULL, NULL, 'P', 'FA', '1', 'PFA500303', 'FRU FRESH FRUITS', 'Food'), (1193, '', 'PFA1500350', 'FTV_CASH FSH FISH(Plan)', NULL, NULL, 'P', 'FA', '1', 'PFA500350', 'FSH FISH', 'Food'), (1194, '', 'PFA1500351', 'FTV_CASH FSH CANNED FISH(Plan)', NULL, NULL, 'P', 'FA', '1', 'PFA500351', 'FSH CANNED FISH', 'Food'), (1195, '', 'PFA1500352', 'FTV_CASH FSH DRIED FISH(Plan)', NULL, NULL, 'P', 'FA', '1', 'PFA500352', 'FSH DRIED FISH', 'Food'), (1196, '', 'PFA1500400', 'FTV_CASH MEA MEAT(Plan)', NULL, NULL, 'P', 'FA', '1', 'PFA500400', 'MEA MEAT', 'Food'), (1197, '', 'PFA1500401', 'FTV_CASH MEA CANNED BEEF(Plan)', NULL, NULL, 'P', 'FA', '1', 'PFA500401', 'MEA CANNED BEEF', 'Food'), (1198, '', 'PFA1500402', 'FTV_CASH MEA CANNED CHICKEN(Plan)', NULL, NULL, 'P', 'FA', '1', 'PFA500402', 'MEA CANNED CHICKEN', 'Food'), (1199, '', 'PFA1500403', 'FTV_CASH MEA CANNED MEAT(Plan)', NULL, NULL, 'P', 'FA', '1', 'PFA500403', 'MEA CANNED MEAT', 'Food'), (1200, '', 'PFA1500404', 'FTV_CASH MEA MEAT FRESH(Plan)', NULL, NULL, 'P', 'FA', '1', 'PFA500404', 'MEA MEAT FRESH', 'Food'), (1201, '', 'PFA1500450', 'FTV_CASH MIX MIXED AND BLENDED FOODS(Plan)', NULL, NULL, 'P', 'FA', '1', 'PFA500450', 'MIX MIXED AND BLENDED FOODS', 'Food'), (1202, '', 'PFA1500451', 'FTV_CASH MIX BISCUITS(Plan)', NULL, NULL, 'P', 'FA', '1', 'PFA500451', 'MIX BISCUITS', 'Food'), (1203, '', 'PFA1500452', 'FTV_CASH MIX BP5 EMERGENCY RATIONS(Plan)', NULL, NULL, 'P', 'FA', '1', 'PFA500452', 'MIX BP5 EMERGENCY RATIONS', 'Food'), (1204, '', 'PFA1500453', 'FTV_CASH MIX CORN-SOYA BLEND (CSB)(Plan)', NULL, NULL, 'P', 'FA', '1', 'PFA500453', 'MIX CORN-SOYA BLEND (CSB)', 'Food'), (1205, '', 'PFA1500454', 'FTV_CASH MIX FAFFA(Plan)', NULL, NULL, 'P', 'FA', '1', 'PFA500454', 'MIX FAFFA', 'Food'), (1206, '', 'PFA1500455', 'FTV_CASH MIX INKA MIX(Plan)', NULL, NULL, 'P', 'FA', '1', 'PFA500455', 'MIX INKA MIX', 'Food'), (1207, '', 'PFA1500456', 'FTV_CASH MIX LIKUNI PHALA(Plan)', NULL, NULL, 'P', 'FA', '1', 'PFA500456', 'MIX LIKUNI PHALA', 'Food'), (1208, '', 'PFA1500457', 'FTV_CASH MIX VITACEREAL(Plan)', NULL, NULL, 'P', 'FA', '1', 'PFA500457', 'MIX VITACEREAL', 'Food'), (1209, '', 'PFA1500458', 'FTV_CASH MIX CORN-SOYA MILK (CSM)(Plan)', NULL, NULL, 'P', 'FA', '1', 'PFA500458', 'MIX CORN-SOYA MILK (CSM)', 'Food'), (1210, '', 'PFA1500459', 'FTV_CASH MIX WHEAT-SOYA BLEND (WSB)(Plan)', NULL, NULL, 'P', 'FA', '1', 'PFA500459', 'MIX WHEAT-SOYA BLEND (WSB)', 'Food'), (1211, '', 'PFA1500460', 'FTV_CASH MIX INDIAMIX(Plan)', NULL, NULL, 'P', 'FA', '1', 'PFA500460', 'MIX INDIAMIX', 'Food'), (1212, '', 'PFA1500461', 'FTV_CASH MIX HIGH ENERGY BISCUITS(Plan)', NULL, NULL, 'P', 'FA', '1', 'PFA500461', 'MIX HIGH ENERGY BISCUITS', 'Food'), (1213, '', 'PFA1500462', 'FTV_CASH MIX HIGH ENERGY SUPPLEMENTS(Plan)', NULL, NULL, 'P', 'FA', '1', 'PFA500462', 'MIX HIGH ENERGY SUPPLEMENTS', 'Food'), (1214, '', 'PFA1500463', 'FTV_CASH MIX LACTO-SOYA BLEND(Plan)', NULL, NULL, 'P', 'FA', '1', 'PFA500463', 'MIX LACTO-SOYA BLEND', 'Food'), (1215, '', 'PFA1500464', 'FTV_CASH MIX PEA WHEAT BLENDED(Plan)', NULL, NULL, 'P', 'FA', '1', 'PFA500464', 'MIX PEA WHEAT BLENDED', 'Food'), (1216, '', 'PFA1500465', 'FTV_CASH MIX RICE SOYA BLEND(Plan)', NULL, NULL, 'P', 'FA', '1', 'PFA500465', 'MIX RICE SOYA BLEND', 'Food'), (1217, '', 'PFA1500466', 'FTV_CASH MIX WHEAT-SOYA MILK (WSM)(Plan)', NULL, NULL, 'P', 'FA', '1', 'PFA500466', 'MIX WHEAT-SOYA MILK (WSM)', 'Food'), (1218, '', 'PFA1500467', 'FTV_CASH MIX READY TO USE SUPPLEMENTARY FOOD(Plan)', NULL, NULL, 'P', 'FA', '1', 'PFA500467', 'MIX READY TO USE SUPPLEMENTARY FOOD', 'Food'), (1219, '', 'PFA1500468', 'FTV_CASH MIX READY TO USE THERAPEUTIC FOOD(Plan)', NULL, NULL, 'P', 'FA', '1', 'PFA500468', 'MIX READY TO USE THERAPEUTIC FOOD', 'Food'), (1220, '', 'PFA1500500', 'FTV_CASH MSC MISCELLANEOUS(Plan)', NULL, NULL, 'P', 'FA', '1', 'PFA500500', 'MSC MISCELLANEOUS', 'Food'), (1221, '', 'PFA1500501', 'FTV_CASH MSC API(Plan)', NULL, NULL, 'P', 'FA', '1', 'PFA500501', 'MSC API', 'Food'), (1222, '', 'PFA1500502', 'FTV_CASH MSC HALAWA(Plan)', NULL, NULL, 'P', 'FA', '1', 'PFA500502', 'MSC HALAWA', 'Food'), (1223, '', 'PFA1500503', 'FTV_CASH MSC IODISED SALT(Plan)', NULL, NULL, 'P', 'FA', '1', 'PFA500503', 'MSC IODISED SALT', 'Food'), (1224, '', 'PFA1500504', 'FTV_CASH MSC NUTS(Plan)', NULL, NULL, 'P', 'FA', '1', 'PFA500504', 'MSC NUTS', 'Food'), (1225, '', 'PFA1500505', 'FTV_CASH MSC SUGAR(Plan)', NULL, NULL, 'P', 'FA', '1', 'PFA500505', 'MSC SUGAR', 'Food'), (1226, '', 'PFA1500506', 'FTV_CASH MSC Micronutrition Powder(Plan)', NULL, NULL, 'P', 'FA', '1', 'PFA500506', 'MSC Micronutrition Powder', 'Food'), (1227, '', 'PFA1500507', 'FTV_CASH MSC YEAST(Plan)', NULL, NULL, 'P', 'FA', '1', 'PFA500507', 'MSC YEAST', 'Food'), (1228, '', 'PFA1500508', 'FTV_CASH MSC Micronutrient Tablets(Plan)', NULL, NULL, 'P', 'FA', '1', 'PFA500508', 'MSC Micronutrient Tablets', 'Food'), (1229, '', 'PFA1500509', 'FTV_CASH MSC SPICES(Plan)', NULL, NULL, 'P', 'FA', '1', 'PFA500509', 'MSC SPICES', 'Food'), (1230, '', 'PFA1500510', 'FTV_CASH MSC CRACKERS(Plan)', NULL, NULL, 'P', 'FA', '1', 'PFA500510', 'MSC CRACKERS', 'Food'), (1231, '', 'PFA1500511', 'FTV_CASH MSC TOMATO(Plan)', NULL, NULL, 'P', 'FA', '1', 'PFA500511', 'MSC TOMATO', 'Food'), (1232, '', 'PFA1500512', 'FTV_CASH MSC STARCH(Plan)', NULL, NULL, 'P', 'FA', '1', 'PFA500512', 'MSC STARCH', 'Food'), (1233, '', 'PFA1500513', 'FTV_CASH MSC EGGS(Plan)', NULL, NULL, 'P', 'FA', '1', 'PFA500513', 'MSC EGGS', 'Food'), (1234, '', 'PFA1500550', 'FTV_CASH OIL OILS AND FATS(Plan)', NULL, NULL, 'P', 'FA', '1', 'PFA500550', 'OIL OILS AND FATS', 'Food'), (1235, '', 'PFA1500551', 'FTV_CASH OIL BUTTER OIL(Plan)', NULL, NULL, 'P', 'FA', '1', 'PFA500551', 'OIL BUTTER OIL', 'Food'), (1236, '', 'PFA1500552', 'FTV_CASH OIL GHEE(Plan)', NULL, NULL, 'P', 'FA', '1', 'PFA500552', 'OIL GHEE', 'Food'), (1237, '', 'PFA1500553', 'FTV_CASH OIL OLIVE OIL(Plan)', NULL, NULL, 'P', 'FA', '1', 'PFA500553', 'OIL OLIVE OIL', 'Food'), (1238, '', 'PFA1500554', 'FTV_CASH OIL VEGETABLE OIL(Plan)', NULL, NULL, 'P', 'FA', '1', 'PFA500554', 'OIL VEGETABLE OIL', 'Food'), (1239, '', 'PFA1500560', 'FTV_CASH NUT PEANUT BUTTER(Plan)', NULL, NULL, 'P', 'FA', '1', 'PFA500560', 'NUT PEANUT BUTTER', 'Food'), (1240, '', 'PFA1500600', 'FTV_CASH PPF PRE-PACKAGED FOOD PARCELS(Plan)', NULL, NULL, 'P', 'FA', '1', 'PFA500600', 'PPF PRE-PACKAGED FOOD PARCELS', 'Food'), (1241, '', 'PFA1500601', 'FTV_CASH PPF RATIONS(Plan)', NULL, NULL, 'P', 'FA', '1', 'PFA500601', 'PPF RATIONS', 'Food'), (1242, '', 'PFA1500650', 'FTV_CASH TUB ROOTS AND TUBERS(Plan)', NULL, NULL, 'P', 'FA', '1', 'PFA500650', 'TUB ROOTS AND TUBERS', 'Food'), (1243, '', 'PFA1500651', 'FTV_CASH TUB CASSAVA FLOUR(Plan)', NULL, NULL, 'P', 'FA', '1', 'PFA500651', 'TUB CASSAVA FLOUR', 'Food'), (1244, '', 'PFA1500652', 'FTV_CASH TUB POTATO FLAKES/GRANULES(Plan)', NULL, NULL, 'P', 'FA', '1', 'PFA500652', 'TUB POTATO FLAKES/GRANULES', 'Food'), (1245, '', 'PFA1500653', 'FTV_CASH TUB FRESH TUBERS(Plan)', NULL, NULL, 'P', 'FA', '1', 'PFA500653', 'TUB FRESH TUBERS', 'Food'), (1246, '', 'PFA1500700', 'FTV_CASH PUL PULSES AND VEGETABLES(Plan)', NULL, NULL, 'P', 'FA', '1', 'PFA500700', 'PUL PULSES AND VEGETABLES', 'Food'), (1247, '', 'PFA1500701', 'FTV_CASH PUL BEANS(Plan)', NULL, NULL, 'P', 'FA', '1', 'PFA500701', 'PUL BEANS', 'Food'), (1248, '', 'PFA1500702', 'FTV_CASH PUL CANNED PULSES(Plan)', NULL, NULL, 'P', 'FA', '1', 'PFA500702', 'PUL CANNED PULSES', 'Food'), (1249, '', 'PFA1500703', 'FTV_CASH PUL CANNED VEGETABLES(Plan)', NULL, NULL, 'P', 'FA', '1', 'PFA500703', 'PUL CANNED VEGETABLES', 'Food'), (1250, '', 'PFA1500704', 'FTV_CASH PUL LENTILS(Plan)', NULL, NULL, 'P', 'FA', '1', 'PFA500704', 'PUL LENTILS', 'Food'), (1251, '', 'PFA1500705', 'FTV_CASH PUL PEAS(Plan)', NULL, NULL, 'P', 'FA', '1', 'PFA500705', 'PUL PEAS', 'Food'), (1252, '', 'PFA1500706', 'FTV_CASH PUL SPLIT PEAS(Plan)', NULL, NULL, 'P', 'FA', '1', 'PFA500706', 'PUL SPLIT PEAS', 'Food'), (1253, '', 'PFA1500707', 'FTV_CASH PUL TEXTURED SOY PROTEIN(Plan)', NULL, NULL, 'P', 'FA', '1', 'PFA500707', 'PUL TEXTURED SOY PROTEIN', 'Food'), (1254, '', 'PFA1500708', 'FTV_CASH PUL SPLIT LENTILS(Plan)', NULL, NULL, 'P', 'FA', '1', 'PFA500708', 'PUL SPLIT LENTILS', 'Food'), (1255, '', 'PFA1500709', 'FTV_CASH PUL CHICK PEAS(Plan)', NULL, NULL, 'P', 'FA', '1', 'PFA500709', 'PUL CHICK PEAS', 'Food'), (1256, '', 'PFA1500710', 'FTV_CASH PUL VEGETABLES FRESH(Plan)', NULL, NULL, 'P', 'FA', '1', 'PFA500710', 'PUL VEGETABLES FRESH', 'Food'), (1257, '', 'PFB10000004', 'Other Food Related Costs', NULL, NULL, 'P', 'FB', '1', 'PFB0000004', 'Other Food Related Costs', 'Food'), (1258, '', 'PFB10000005', 'Capital Investment', NULL, NULL, 'P', 'FB', '1', 'PFB0000005', 'Capital Investment', 'Food'), (1259, '', 'PFC10000001', 'External Transport  (Plan)', NULL, NULL, 'P', 'FC', '1', 'PFC0000001', 'External Transport ', 'Food'), (1260, '', 'PFD10000001', 'FTC Transport(Plan)', NULL, NULL, 'P', 'FD', '1', 'PFD0000001', 'Transport', 'Food'), (1261, '', 'PFD10000002', 'FTC Customs Clearance (Plan)', NULL, NULL, 'P', 'FD', '1', 'PFD0000002', 'Customs Clearance ', 'Food'), (1262, '', 'PFD10000003', 'FTC Fleet Transport (Plan)', NULL, NULL, 'P', 'FD', '1', 'PFD0000003', 'Fleet Transport ', 'Food'), (1263, '', 'PFF10000001', 'FTC Warehouse Equipment, Materials & Supplies(Plan)', NULL, NULL, 'P', 'FF', '1', 'PFF0000001', 'Warehouse Equipment, Materials & Supplies', 'Food'), (1264, '', 'PFF10000002', 'FTC Warehouse Operations(Plan)', NULL, NULL, 'P', 'FF', '1', 'PFF0000002', 'Warehouse Operations', 'Food'), (1265, '', 'PFF10000003', 'FTC Warehouse Rent & Running costs(Plan)', NULL, NULL, 'P', 'FF', '1', 'PFF0000003', 'Warehouse Rent & Running costs', 'Food'), (1266, '', 'PFH10000001', 'FTC Port Operations(Plan)', NULL, NULL, 'P', 'FH', '1', 'PFH0000001', 'Port Operations', 'Food'), (1267, '', 'PFJ14190000', 'FTC International Professional Staff', NULL, NULL, 'P', 'FJ', '1', 'PFJ4190000', 'International Professional Staff', 'Food'), (1268, '', 'PFJ14200000', 'FTC International Consultants(Plan)', NULL, NULL, 'P', 'FJ', '1', 'PFJ4200000', 'International Consultants', 'Food'), (1269, '', 'PFJ14200001', 'FTC International Consultants MSLS cost(Plan)', NULL, NULL, 'P', 'FJ', '1', 'PFJ4200001', 'International Consultants MSLS cost', 'Food'), (1270, '', 'PFJ14300000', 'FTC Local Staff - National Officer(Plan)', NULL, NULL, 'P', 'FJ', '1', 'PFJ4300000', 'Local Staff - National Officer', 'Food'), (1271, '', 'PFJ14300100', 'FTC Local Staff - General Service(Plan)', NULL, NULL, 'P', 'FJ', '1', 'PFJ4300100', 'Local Staff - General Service', 'Food'), (1272, '', 'PFJ14300200', 'FTC Local Staff -Temporary Assistance(Plan)', NULL, NULL, 'P', 'FJ', '1', 'PFJ4300200', 'Local Staff -Temporary Assistance', 'Food'), (1273, '', 'PFJ14300450', 'FTC Staff Danger/Hazard Pay & Hardship Allowances(Plan)', NULL, NULL, 'P', 'FJ', '1', 'PFJ4300450', 'Staff Danger/Hazard Pay & Hardship Allowances', 'Food'), (1274, '', 'PFJ14300600', 'FTC Non Staff HR: UNV(Plan)', NULL, NULL, 'P', 'FJ', '1', 'PFJ4300600', 'Non Staff HR: UNV', 'Food'), (1275, '', 'PFJ14300700', 'FTC Local Consultants(Plan)', NULL, NULL, 'P', 'FJ', '1', 'PFJ4300700', 'Local Consultants', 'Food'), (1276, '', 'PFJ14300800', 'FTC Staff Other cost(Plan)', NULL, NULL, 'P', 'FJ', '1', 'PFJ4300800', 'Staff Other cost', 'Food'), (1277, '', 'PFJ15000007', 'Contracted Services (Plan)', NULL, NULL, 'P', 'FJ', '1', 'PFJ5000007', 'Contracted Services', 'Food'), (1278, '', 'PFL10000001', 'Fixed Costs (Plan)', NULL, NULL, 'P', 'FL', '1', 'PFL0000001', 'Fixed Costs', 'Food'), (1279, '', 'PFL10000002', 'Delivery and Distribution Costs (Plan)', NULL, NULL, 'P', 'FL', '1', 'PFL0000002', 'Delivery and Distribution Costs', 'Food'), (1280, '', 'PCA12004000', 'Value Voucher Transfer', NULL, NULL, 'P', 'CA', '1', 'PCA2004000', 'Value Voucher Transfer', 'CBT & CV'), (1281, '', 'PCA12004010', 'Value Voucher Transfer for services', NULL, NULL, 'P', 'CA', '1', 'PCA2004010', 'Value Voucher Transfer for services', 'CBT & CV'), (1282, '', 'PCA12005000', 'Cash Transfer', NULL, NULL, 'P', 'CA', '1', 'PCA2005000', 'Cash Transfer', 'CBT & CV'), (1283, '', 'PCA12005010', 'CBT-Cash Transfer to Host Government(Plan)', NULL, NULL, 'P', 'CA', '1', 'PCA2005010', 'Cash Transfer to Host Government', 'CBT & CV'), (1284, '', 'PCA12006000', 'Commodity Voucher Transfer', NULL, NULL, 'P', 'CA', '1', 'PCA2006000', 'Commodity Voucher Transfer', 'CBT & CV'), (1285, '', 'PCB10000001', 'CBT-Transfer Platform set-up(Plan)', NULL, NULL, 'P', 'CB', '1', 'PCB0000001', 'Transfer Platform set-up', 'CBT & CV'), (1286, '', 'PCB10000002', 'CBT-Transfer Platform maintenance(Plan)', NULL, NULL, 'P', 'CB', '1', 'PCB0000002', 'Transfer Platform maintenance', 'CBT & CV'), (1287, '', 'PCB10000003', 'CBT-FSP Transfer fee(Plan)', NULL, NULL, 'P', 'CB', '1', 'PCB0000003', 'FSP Transfer fee', 'CBT & CV'), (1288, '', 'PCB10000004', 'CBT-Delivery Mechanism Instrument(Plan)', NULL, NULL, 'P', 'CB', '1', 'PCB0000004', 'Delivery Mechanism Instrument', 'CBT & CV'), (1289, '', 'PCB10000005', 'CBT-Cash in Transit insurance(Plan)', NULL, NULL, 'P', 'CB', '1', 'PCB0000005', 'Cash in Transit insurance', 'CBT & CV'), (1290, '', 'PCB10000006', 'CBT-Other Delivery costs(Plan)', NULL, NULL, 'P', 'CB', '1', 'PCB0000006', 'Other Delivery costs', 'CBT & CV'), (1291, '', 'PCC14190000', 'CBT International Professional Staff', NULL, NULL, 'P', 'CC', '1', 'PCC4190000', 'International Professional Staff', 'CBT & CV'), (1292, '', 'PCC14200000', 'CBT-International Consultants(Plan)', NULL, NULL, 'P', 'CC', '1', 'PCC4200000', 'International Consultants', 'CBT & CV'), (1293, '', 'PCC14200001', 'CBT Int Cons MSLS cost (Plan)', NULL, NULL, 'P', 'CC', '1', 'PCC4200001', 'International Consultants MSLS cost', 'CBT & CV'), (1294, '', 'PCC14300000', 'CBT-Local Staff - National Officer(Plan)', NULL, NULL, 'P', 'CC', '1', 'PCC4300000', 'Local Staff - National Officer', 'CBT & CV'), (1295, '', 'PCC14300100', 'CBT-Local Staff - General Service(Plan)', NULL, NULL, 'P', 'CC', '1', 'PCC4300100', 'Local Staff - General Service', 'CBT & CV'), (1296, '', 'PCC14300200', 'CBT-Local Staff -Temporary Assistance(Plan)', NULL, NULL, 'P', 'CC', '1', 'PCC4300200', 'Local Staff -Temporary Assistance', 'CBT & CV'), (1297, '', 'PCC14300450', 'CBT-Staff Danger/Hazard Pay & Hardship Allowances(', NULL, NULL, 'P', 'CC', '1', 'PCC4300450', 'Staff Danger/Hazard Pay & Hardship Allowances', 'CBT & CV'), (1298, '', 'PCC14300600', 'CBT-Non Staff HR: UNV(Plan)', NULL, NULL, 'P', 'CC', '1', 'PCC4300600', 'Non Staff HR: UNV', 'CBT & CV'), (1299, '', 'PCC14300700', 'CBT-Local Consultants(Plan)', NULL, NULL, 'P', 'CC', '1', 'PCC4300700', 'Local Consultants', 'CBT & CV'), (1300, '', 'PCC14300800', 'CBT - Staff Other cost (Plan)', NULL, NULL, 'P', 'CC', '1', 'PCC4300800', 'Staff Other cost', 'CBT & CV'), (1301, '', 'PCC15000007', 'CBT-Contracted Services(Plan)', NULL, NULL, 'P', 'CC', '1', 'PCC5000007', 'Contracted Services', 'CBT & CV'), (1302, '', 'PCD10000001', 'CBT-Fixed Costs(Plan)', NULL, NULL, 'P', 'CD', '1', 'PCD0000001', 'Fixed Costs', 'CBT & CV'), (1303, '', 'PCD10000002', 'CBT-Delivery and Distribution Costs(Plan)', NULL, NULL, 'P', 'CD', '1', 'PCD0000002', 'Delivery and Distribution Costs', 'CBT & CV'), (1304, '', 'PSA14190000', 'CS International Professional Staff', NULL, NULL, 'P', 'SA', '1', 'PSA4190000', 'International Professional Staff', 'Capacity Strengthening'), (1305, '', 'PSA14200000', 'CS-International Consultants(Plan)', NULL, NULL, 'P', 'SA', '1', 'PSA4200000', 'International Consultants', 'Capacity Strengthening'), (1306, '', 'PSA14200001', 'CS International Consultants MSLS cost (Plan)', NULL, NULL, 'P', 'SA', '1', 'PSA4200001', 'International Consultants MSLS cost', 'Capacity Strengthening'), (1307, '', 'PSA14300000', 'CS-Local Staff - National Officer(Plan)', NULL, NULL, 'P', 'SA', '1', 'PSA4300000', 'Local Staff - National Officer', 'Capacity Strengthening'), (1308, '', 'PSA14300100', 'CS-Local Staff - General Service(Plan)', NULL, NULL, 'P', 'SA', '1', 'PSA4300100', 'Local Staff - General Service', 'Capacity Strengthening'), (1309, '', 'PSA14300200', 'CS-Local Staff -Temporary Assistance(Plan)', NULL, NULL, 'P', 'SA', '1', 'PSA4300200', 'Local Staff -Temporary Assistance', 'Capacity Strengthening'), (1310, '', 'PSA14300450', 'CS-Staff Danger/Hazard Pay & Hardship Allowances(P', NULL, NULL, 'P', 'SA', '1', 'PSA4300450', 'Staff Danger/Hazard Pay & Hardship Allowances', 'Capacity Strengthening'), (1311, '', 'PSA14300600', 'CS-Non Staff HR: UNV(Plan)', NULL, NULL, 'P', 'SA', '1', 'PSA4300600', 'Non Staff HR: UNV', 'Capacity Strengthening'), (1312, '', 'PSA14300700', 'CS-Local Consultants(Plan)', NULL, NULL, 'P', 'SA', '1', 'PSA4300700', 'Local Consultants', 'Capacity Strengthening'), (1313, '', 'PSA14300800', 'CS-Staff Other cost (Plan)', NULL, NULL, 'P', 'SA', '1', 'PSA4300800', 'Staff Other cost', 'Capacity Strengthening'), (1314, '', 'PSA15000001', 'CS-Facility Rent and Running cost(Plan)', NULL, NULL, 'P', 'SA', '1', 'PSA5000001', 'Facility Rent and Running costs', 'Capacity Strengthening'), (1315, '', 'PSA15000004', 'CS-Equipment and Supplies(Plan)', NULL, NULL, 'P', 'SA', '1', 'PSA5000004', 'Equipment and Supplies', 'Capacity Strengthening'), (1316, '', 'PSA15000005', 'CS-TC/IT Equipment(Plan)', NULL, NULL, 'P', 'SA', '1', 'PSA5000005', 'TC/IT Equipment', 'Capacity Strengthening'), (1317, '', 'PSA15000006', 'CS-Travel costs(Plan)', NULL, NULL, 'P', 'SA', '1', 'PSA5000006', 'Travel costs', 'Capacity Strengthening'), (1318, '', 'PSA15000007', 'CS-Contracted Services(Plan)', NULL, NULL, 'P', 'SA', '1', 'PSA5000007', 'Contracted Services', 'Capacity Strengthening'), (1319, '', 'PSA15000008', 'CS-Trainings, Meetings, Workshop(Plan)', NULL, NULL, 'P', 'SA', '1', 'PSA5000008', 'Trainings, Meetings, Workshop', 'Capacity Strengthening'), (1320, '', 'PSA15000009', 'CS-Equipment Transport & related costs(Plan)', NULL, NULL, 'P', 'SA', '1', 'PSA5000009', 'Equipment Transport & related costs', 'Capacity Strengthening'), (1321, '', 'PSB10000001', 'CS-Fixed Costs(Plan)', NULL, NULL, 'P', 'SB', '1', 'PSB0000001', 'Fixed Costs', 'Capacity Strengthening'), (1322, '', 'PSB10000002', 'CS-Delivery and Distribution Costs(Plan)', NULL, NULL, 'P', 'SB', '1', 'PSB0000002', 'Delivery and Distribution Costs', 'Capacity Strengthening'), (1323, '', 'PDA13500000', 'SD Procurement of Commodity - Pass-through (Plan)', NULL, NULL, 'P', 'DA', '1', 'PDA3500000', 'Procurement of Commodity - Pass-through', 'Service Delivery'), (1324, '', 'PDA14190000', 'SD International Professional Staff', NULL, NULL, 'P', 'DA', '1', 'PDA4190000', 'International Professional Staff', 'Service Delivery'), (1325, '', 'PDA14200000', 'SD-International Consultants(Plan)', NULL, NULL, 'P', 'DA', '1', 'PDA4200000', 'International Consultants', 'Service Delivery'), (1326, '', 'PDA14200001', 'SD International Consultants MSLS cost', NULL, NULL, 'P', 'DA', '1', 'PDA4200001', 'International Consultants MSLS cost', 'Service Delivery'), (1327, '', 'PDA14300000', 'SD-Local Staff - National Officer(Plan)', NULL, NULL, 'P', 'DA', '1', 'PDA4300000', 'Local Staff - National Officer', 'Service Delivery'), (1328, '', 'PDA14300100', 'SD-Local Staff - General Service(Plan)', NULL, NULL, 'P', 'DA', '1', 'PDA4300100', 'Local Staff - General Service', 'Service Delivery');
INSERT INTO `pma_gl_codes` VALUES (1329, '', 'PDA14300200', 'SD-Local Staff -Temporary Assistance(Plan)', NULL, NULL, 'P', 'DA', '1', 'PDA4300200', 'Local Staff -Temporary Assistance', 'Service Delivery'), (1330, '', 'PDA14300450', 'SD-Staff Danger/Hazard Pay & Hardship Allowances(P', NULL, NULL, 'P', 'DA', '1', 'PDA4300450', 'Staff Danger/Hazard Pay & Hardship Allowances', 'Service Delivery'), (1331, '', 'PDA14300600', 'SD-Non Staff HR: UNV(Plan)', NULL, NULL, 'P', 'DA', '1', 'PDA4300600', 'Non Staff HR: UNV', 'Service Delivery'), (1332, '', 'PDA14300700', 'SD-Local Consultants(Plan)', NULL, NULL, 'P', 'DA', '1', 'PDA4300700', 'Local Consultants', 'Service Delivery'), (1333, '', 'PDA14300800', 'SD - Staff Other cost (Plan)', NULL, NULL, 'P', 'DA', '1', 'PDA4300800', 'Staff Other cost', 'Service Delivery'), (1334, '', 'PDA15000001', 'SD-Facility Rent & Running costs(Plan)', NULL, NULL, 'P', 'DA', '1', 'PDA5000001', 'Facility Rent and Running costs', 'Service Delivery'), (1335, '', 'PDA15000005', 'SD Equipment and other Asset (Plan)', NULL, NULL, 'P', 'DA', '1', 'PDA5000005', 'Equipment and other Asset', 'Service Delivery'), (1336, '', 'PDA15000007', 'SD Procurement of non-food items - Pass-through(Plan)', NULL, NULL, 'P', 'DA', '1', 'PDA5000007', 'Procurement of non-food items - Pass-through', 'Service Delivery'), (1337, '', 'PDA15000008', 'SD-Travel costs(Plan)', NULL, NULL, 'P', 'DA', '1', 'PDA5000008', 'Travel costs', 'Service Delivery'), (1338, '', 'PDA15000009', 'SD-Contracted Services(Plan)', NULL, NULL, 'P', 'DA', '1', 'PDA5000009', 'Contracted Services', 'Service Delivery'), (1339, '', 'PDA15000011', 'SD Transport and Port operation costs(Plan)', NULL, NULL, 'P', 'DA', '1', 'PDA5000011', 'Transport and Port operation costs', 'Service Delivery'), (1340, '', 'PDA15000013', 'SD Storage and Related costs(Plan)', NULL, NULL, 'P', 'DA', '1', 'PDA5000013', 'Storage and Related costs', 'Service Delivery'), (1341, '', 'PDA15000019', 'SD Storage Transport and Other costs-Pass-through', NULL, NULL, 'P', 'DA', '1', 'PDA5000019', 'Storage, Transport and Other costs  - Pass-through', 'Service Delivery'), (1342, '', 'PDB10000002', 'SD Implementation, Delivery and Distribution Costs(Plan)', NULL, NULL, 'P', 'DB', '1', 'PDB0000002', 'Implementation, Delivery and Distribution Costs', 'Service Delivery'), (1343, '', 'PIA14190000', 'Act Mng International Professional Staff', NULL, NULL, 'P', 'IA', '1', 'PIA4190000', 'International Professional Staff', 'Implementation'), (1344, '', 'PIA14200000', 'Activ Mgmt International Consultants(Plan)', NULL, NULL, 'P', 'IA', '1', 'PIA4200000', 'International Consultants', 'Implementation'), (1345, '', 'PIA14200001', 'Activ Mgmt International Consultants MSLS cost(Pla', NULL, NULL, 'P', 'IA', '1', 'PIA4200001', 'International Consultants MSLS cost', 'Implementation'), (1346, '', 'PIA14300000', 'Activ Mgmt Local Staff - National Officer(Plan)', NULL, NULL, 'P', 'IA', '1', 'PIA4300000', 'Local Staff - National Officer', 'Implementation'), (1347, '', 'PIA14300100', 'Activ Mgmt Local Staff - General Service(Plan)', NULL, NULL, 'P', 'IA', '1', 'PIA4300100', 'Local Staff - General Service', 'Implementation'), (1348, '', 'PIA14300200', 'Activ Mgmt Local Staff -Temporary Assistance(Plan)', NULL, NULL, 'P', 'IA', '1', 'PIA4300200', 'Local Staff -Temporary Assistance', 'Implementation'), (1349, '', 'PIA14300450', 'Activ Mgmt Staff Danger/Hazard Pay & Hardship Allo', NULL, NULL, 'P', 'IA', '1', 'PIA4300450', 'Staff Danger/Hazard Pay & Hardship Allowances', 'Implementation'), (1350, '', 'PIA14300600', 'Activ Mgmt Non Staff HR: UNV(Plan)', NULL, NULL, 'P', 'IA', '1', 'PIA4300600', 'Non Staff HR: UNV', 'Implementation'), (1351, '', 'PIA14300700', 'Activ Mgmt Local Consultants(Plan)', NULL, NULL, 'P', 'IA', '1', 'PIA4300700', 'Local Consultants', 'Implementation'), (1352, '', 'PIA14300800', 'Activ Mgmt Staff Other cost(Plan)', NULL, NULL, 'P', 'IA', '1', 'PIA4300800', 'Staff Other cost', 'Implementation'), (1353, '', 'PIA15000001', 'Activ Mgmt Facility and running costs(Plan)', NULL, NULL, 'P', 'IA', '1', 'PIA5000001', 'Facility Rent and Running costs', 'Implementation'), (1354, '', 'PIA15000002', 'Activ Mgmt Vehicle Leasing and Running costs(Plan)', NULL, NULL, 'P', 'IA', '1', 'PIA5000002', 'Vehicle Leasing and Running costs', 'Implementation'), (1355, '', 'PIA15000003', 'Activ Mgmt Vehicle Acquisition(Plan)', NULL, NULL, 'P', 'IA', '1', 'PIA5000003', 'Vehicle Acquisition', 'Implementation'), (1356, '', 'PIA15000004', 'Activ Mgmt Equipment and Supplies(Plan)', NULL, NULL, 'P', 'IA', '1', 'PIA5000004', 'Equipment and Supplies', 'Implementation'), (1357, '', 'PIA15000005', 'Activ Mgmt TC/IT Equipment(Plan)', NULL, NULL, 'P', 'IA', '1', 'PIA5000005', 'TC/IT Equipment', 'Implementation'), (1358, '', 'PIA15000006', 'Activ Mgmt Security Costs(Plan)', NULL, NULL, 'P', 'IA', '1', 'PIA5000006', 'Security Costs', 'Implementation'), (1359, '', 'PIA15000007', 'Activ Mgmt  Travel costs(Plan)', NULL, NULL, 'P', 'IA', '1', 'PIA5000007', 'Travel costs', 'Implementation'), (1360, '', 'PIA15000008', 'Activ Mgmt Contracted Services - Other(Plan)', NULL, NULL, 'P', 'IA', '1', 'PIA5000008', 'Contracted Services - Other', 'Implementation'), (1361, '', 'PIA15000009', 'Activ Mngm Contracted Services - Evaluation', NULL, NULL, 'P', 'IA', '1', 'PIA5000009', 'Contracted Services - Evaluation', 'Implementation'), (1362, '', 'PIA15000010', 'Activ Mngm Contracted Services - Monitoring', NULL, NULL, 'P', 'IA', '1', 'PIA5000010', 'Contracted Services - Monitoring', 'Implementation'), (1363, '', 'PAA14190000', 'DSC International Professional Staff', NULL, NULL, 'P', 'AA', '1', 'PAA4190000', 'International Professional Staff', 'DSC'), (1364, '', 'PAA14200000', 'DSC-International Consultants (Plan)', NULL, NULL, 'P', 'AA', '1', 'PAA4200000', 'International Consultants', 'DSC'), (1365, '', 'PAA14200001', 'DSC Int Cons MSLS cost (Plan)', NULL, NULL, 'P', 'AA', '1', 'PAA4200001', 'International Consultants MSLS cost', 'DSC'), (1366, '', 'PAA14300000', 'DSC-Local Staff - National Officer (Plan)', NULL, NULL, 'P', 'AA', '1', 'PAA4300000', 'Local Staff - National Officer', 'DSC'), (1367, '', 'PAA14300100', 'DSC-Local Staff - General Service (Plan)', NULL, NULL, 'P', 'AA', '1', 'PAA4300100', 'Local Staff - General Service', 'DSC'), (1368, '', 'PAA14300200', 'DSC-Local Staff -Temporary Assistance (Plan)', NULL, NULL, 'P', 'AA', '1', 'PAA4300200', 'Local Staff -Temporary Assistance', 'DSC'), (1369, '', 'PAA14300450', 'DSC-Staff Danger/Hazard Pay & Hardship Allowan', NULL, NULL, 'P', 'AA', '1', 'PAA4300450', 'Staff Danger/Hazard Pay & Hardship Allowances', 'DSC'), (1370, '', 'PAA14300600', 'DSC-Non Staff HR: UNV (Plan)', NULL, NULL, 'P', 'AA', '1', 'PAA4300600', 'Non Staff HR: UNV', 'DSC'), (1371, '', 'PAA14300700', 'DSC-Local Consultants (Plan)', NULL, NULL, 'P', 'AA', '1', 'PAA4300700', 'Local Consultants', 'DSC'), (1372, '', 'PAA14300800', 'DSC-Staff Other cost (Plan)', NULL, NULL, 'P', 'AA', '1', 'PAA4300800', 'Staff Other cost', 'DSC'), (1373, '', 'PAA15000001', 'DSC-Facility Rent and Running costs (Plan)', NULL, NULL, 'P', 'AA', '1', 'PAA5000001', 'Facility Rent and Running costs', 'DSC'), (1374, '', 'PAA15000002', 'DSC-Vehicle Leasing and Running costs (Plan)', NULL, NULL, 'P', 'AA', '1', 'PAA5000002', 'Vehicle Leasing and Running costs', 'DSC'), (1375, '', 'PAA15000003', 'DSC-Vehicle Acquisition (Plan)', NULL, NULL, 'P', 'AA', '1', 'PAA5000003', 'Vehicle Acquisition', 'DSC'), (1376, '', 'PAA15000004', 'DSC-Office Equipment and Supplies (Plan)', NULL, NULL, 'P', 'AA', '1', 'PAA5000004', 'Office Equipment and Supplies', 'DSC'), (1377, '', 'PAA15000005', 'DSC-TC/IT Equipment (Plan)', NULL, NULL, 'P', 'AA', '1', 'PAA5000005', 'TC/IT Equipment', 'DSC'), (1378, '', 'PAA15000006', 'DSC-Security Costs (Plan)', NULL, NULL, 'P', 'AA', '1', 'PAA5000006', 'Security Costs', 'DSC'), (1379, '', 'PAA15000007', 'DSC-Travel costs (Plan)', NULL, NULL, 'P', 'AA', '1', 'PAA5000007', 'Travel costs', 'DSC'), (1380, '', 'PAA15000008', 'DSC-UN Organization Services  (Plan)', NULL, NULL, 'P', 'AA', '1', 'PAA5000008', 'UN Organization Services ', 'DSC'), (1381, '', 'PAA15000009', 'DSC-Commercial Services (Plan)', NULL, NULL, 'P', 'AA', '1', 'PAA5000009', 'Commercial Services', 'DSC'), (1382, '', 'PAB10000001', 'DSC-Assessments Costs (Plan)', NULL, NULL, 'P', 'AB', '1', 'PAB0000001', 'Assessments Costs', 'DSC'), (1383, '', 'PAC10000001', 'DSC-Evaluation Costs (Plan)', NULL, NULL, 'P', 'AC', '1', 'PAC0000001', 'Evaluation Costs', 'DSC'), (1384, '', NULL, NULL, NULL, NULL, NULL, NULL, NULL, NULL, NULL, NULL), (1385, '', NULL, NULL, NULL, NULL, NULL, NULL, NULL, NULL, NULL, NULL), (1386, '', NULL, NULL, NULL, NULL, NULL, NULL, NULL, NULL, NULL, NULL), (1387, '', NULL, NULL, NULL, NULL, NULL, NULL, NULL, NULL, NULL, NULL), (1388, '', NULL, NULL, NULL, NULL, NULL, NULL, NULL, NULL, NULL, NULL), (1389, '', NULL, NULL, NULL, NULL, NULL, NULL, NULL, NULL, NULL, NULL);
COMMIT;

-- ----------------------------
-- Table structure for pma_migracion
-- ----------------------------
DROP TABLE IF EXISTS `pma_migracion`;
CREATE TABLE `pma_migracion`  (
  `id` int(11) NOT NULL AUTO_INCREMENT,
  `id_contribucion` int(11) NULL DEFAULT NULL,
  `grant_number` varchar(18) CHARACTER SET utf8 COLLATE utf8_general_ci NULL DEFAULT NULL,
  `estado` varchar(20) CHARACTER SET utf8 COLLATE utf8_general_ci NULL DEFAULT NULL,
  `crn` varchar(20) CHARACTER SET utf8 COLLATE utf8_general_ci NULL DEFAULT '',
  `donor` varchar(20) CHARACTER SET utf8 COLLATE utf8_general_ci NULL DEFAULT '',
  `fund` decimal(20, 0) NULL DEFAULT NULL,
  `comments` varchar(200) CHARACTER SET utf8 COLLATE utf8_general_ci NULL DEFAULT NULL,
  `year_contribution` int(4) NULL DEFAULT NULL,
  `isc` decimal(20, 0) NOT NULL DEFAULT 0,
  `total_grant` decimal(20, 0) NOT NULL DEFAULT 0,
  `total_contribution` float NOT NULL DEFAULT 0,
  `total_programmed` decimal(20, 0) NULL DEFAULT 0,
  `total_unprogrammed` decimal(20, 0) NULL DEFAULT 0,
  `grant_tod` date NULL DEFAULT NULL,
  `grant_tdd` date NULL DEFAULT NULL,
  `grant_specific` text CHARACTER SET utf8 COLLATE utf8_general_ci NULL,
  `activity` varchar(20) CHARACTER SET utf8 COLLATE utf8_general_ci NULL DEFAULT '',
  `recepcion_documento` datetime(0) NULL DEFAULT NULL,
  `creado` timestamp(0) NULL DEFAULT CURRENT_TIMESTAMP(0),
  PRIMARY KEY (`id`) USING BTREE
) ENGINE = InnoDB AUTO_INCREMENT = 1 CHARACTER SET = utf8 COLLATE = utf8_general_ci COMMENT = 'Registro de contribuciones';

-- ----------------------------
-- Table structure for pma_migrate
-- ----------------------------
DROP TABLE IF EXISTS `pma_migrate`;
CREATE TABLE `pma_migrate`  (
  `id` int(11) NOT NULL AUTO_INCREMENT,
  `tab_wings` varchar(100) CHARACTER SET utf8 COLLATE utf8_general_ci NULL DEFAULT NULL,
  `name_wings` varchar(100) CHARACTER SET utf8 COLLATE utf8_general_ci NULL DEFAULT NULL,
  `orden` varchar(4) CHARACTER SET utf8 COLLATE utf8_general_ci NULL DEFAULT NULL,
  `table` varchar(100) CHARACTER SET utf8 COLLATE utf8_general_ci NULL DEFAULT NULL,
  `name_app` varchar(100) CHARACTER SET utf8 COLLATE utf8_general_ci NULL DEFAULT NULL,
  `active` int(11) NULL DEFAULT 1,
  PRIMARY KEY (`id`) USING BTREE
) ENGINE = InnoDB AUTO_INCREMENT = 147 CHARACTER SET = utf8 COLLATE = utf8_general_ci;

-- ----------------------------
-- Records of pma_migrate
-- ----------------------------
BEGIN;
INSERT INTO `pma_migrate` VALUES (1, 'BUDGET', 'Document Year', 'A', 'document_year', 'migrate', 1), (2, 'BUDGET', 'Entry Document', 'B', 'entry_document', 'migrate', 1), (3, 'BUDGET', 'Entry Document Line', 'C', 'entry_document_line', 'migrate', 1), (4, 'BUDGET', 'Created by', 'D', 'created_by', 'migrate', 1), (5, 'BUDGET', 'Document Date', 'E', 'document_date', 'migrate', 1), (6, 'BUDGET', 'Total of Transactions in Local Currency', 'F', 'total_of_transactions_in_local_currency', 'migrate', 1), (7, 'BUDGET', 'Version', 'G', 'version', 'migrate', 1), (8, 'BUDGET', 'Entry Document Type', 'H', 'entry_document_type', 'migrate', 1), (9, 'BUDGET', 'Process', 'I', 'process', 'migrate', 1), (10, 'BUDGET', 'Fiscal Year', 'J', 'fiscal_year', 'migrate', 1), (11, 'BUDGET', 'Budget Type', 'K', 'budget_type', 'migrate', 1), (12, 'BUDGET', 'Fund', 'L', 'fund', 'migrate', 1), (13, 'BUDGET', 'Funds Center', 'M', 'funds_center', 'migrate', 1), (14, 'BUDGET', 'Commitment Item', 'N', 'commitment_item', 'migrate', 1), (15, 'BUDGET', 'Functional Area', 'O', 'functional_area', 'migrate', 1), (16, 'BUDGET', 'Grant', 'P', 'grant', 'migrate', 1), (17, 'BUDGET', 'Funded Program', 'Q', 'funded_program', 'migrate', 1), (18, 'BUDGET', 'Text', 'R', 'text', 'migrate', 1), (19, 'BUDGET', 'Reversal Document Number', 'S', 'reversal_document_number', 'migrate', 1), (20, 'BUDGET', 'Document Status', 'T', 'document_status', 'migrate', 1), (21, 'BUDGET', 'Entry Document Header Text', 'U', 'entry_document_header_text', 'migrate', 1), (22, 'BUDGET', 'Text Name', 'V', 'text_name', 'migrate', 1), (23, 'BUDGET', 'Reversal status', 'W', 'reversal_status', 'migrate', 1), (24, 'PRECOMITMENT', 'Ref Document Number', 'A', 'ref_document_number', 'migrate', 1), (25, 'PRECOMITMENT', 'Item number of reference document', 'B', 'item_number_of_reference_document', 'migrate', 1), (26, 'PRECOMITMENT', 'Val.type text', 'C', 'valtype_text', 'migrate', 1), (27, 'PRECOMITMENT', 'Amount type', 'D', 'amount_type', 'migrate', 0), (28, 'PRECOMITMENT', 'Period', 'E', 'period', 'migrate', 1), (29, 'PRECOMITMENT', 'Funds Management - Update Date', 'F', 'funds_management_update_date', 'migrate', 1), (30, 'PRECOMITMENT', 'Amount to be checked against payment bud', 'G', 'amount_to_be_checked_against_payment_bud', 'migrate', 1), (31, 'PRECOMITMENT', 'Commitment Item', 'H', 'commitment_item', 'migrate', 1), (32, 'PRECOMITMENT', 'Commitment item name', 'I', 'commitment_item_name', 'migrate', 1), (33, 'PRECOMITMENT', 'Funds Center', 'J', 'funds_center', 'migrate', 1), (34, 'PRECOMITMENT', 'Funded Program', 'K', 'funded_program', 'migrate', 1), (35, 'PRECOMITMENT', 'Grant', 'L', 'grant', 'migrate', 1), (36, 'PRECOMITMENT', 'Fund', 'M', 'fund', 'migrate', 1), (37, 'PRECOMITMENT', 'G/L Account', 'N', 'gl_account', 'migrate', 1), (38, 'PRECOMITMENT', 'Vendor', 'O', 'vendor', 'migrate', 1), (39, 'PRECOMITMENT', 'Text', 'P', 'text', 'migrate', 1), (40, 'PRECOMITMENT', 'Predecessor document number', 'Q', 'predecessor_document_number', 'migrate', 1), (41, 'PRECOMITMENT', 'Predecessor doc.item', 'R', 'predecessor_docitem', 'migrate', 1), (42, 'PRECOMITMENT', 'Posting Date', 'S', 'posting_date', 'migrate', 1), (43, 'PRECOMITMENT', 'Order', 'T', 'order', 'migrate', 1), (44, 'PRECOMITMENT', 'Amount type', 'U', 'amount_type', 'migrate', 1), (45, 'PRECOMITMENT', 'FI document number', 'V', 'fi_document_number', 'migrate', 1), (46, 'PRECOMITMENT', 'FM area currency', 'W', 'fm_area_currency', 'migrate', 1), (47, 'PRECOMITMENT', 'Functional Area', 'X', 'functional_area', 'migrate', 1), (48, 'PRECOMITMENT', 'Reference', 'Y', 'reference', 'migrate', 1), (49, 'PRECOMITMENT', 'Transaction Currency', 'Z', 'transaction_currency', 'migrate', 1), (50, 'PRECOMITMENT', 'User name', 'AA', 'user_name', 'migrate', 1), (51, 'PRECOMITMENT', 'WBS Element', 'AB', 'wbs_element', 'migrate', 1), (52, 'PRECOMITMENT', 'Amount processed in Workflows, expressed', 'AC', 'amount_processed_in_workflows_expressed', 'migrate', 1), (53, 'PRECOMITMENT', 'Amount to be checked against commt budge', 'AD', 'amount_to_be_checked_against_commt_budge', 'migrate', 1), (54, 'PRECOMITMENT', 'Amount to be checked against commt budge', 'AE', 'amount_to_be_checked_against_commt_budge', 'migrate', 1), (55, 'PRECOMITMENT', 'Amount to be checked against the paymt b', 'AF', 'amount_to_be_checked_against_the_paymt_b', 'migrate', 1), (56, 'PRECOMITMENT', 'Business Transaction', 'AG', 'business_transaction', 'migrate', 1), (57, 'PRECOMITMENT', 'Cash discount amount', 'AH', 'cash_discount_amount', 'migrate', 1), (58, 'PRECOMITMENT', 'Document Date', 'AI', 'document_date', 'migrate', 1), (59, 'PRECOMITMENT', 'Document Header Text', 'AJ', 'document_header_text', 'migrate', 1), (60, 'PRECOMITMENT', 'Document item for FI document number', 'AK', 'document_item_for_fi_document_number', 'migrate', 1), (61, 'PRECOMITMENT', 'Document Type', 'AL', 'document_type', 'migrate', 1), (62, 'PRECOMITMENT', 'Exchange rate', 'AM', 'exchange_rate', 'migrate', 1), (63, 'PRECOMITMENT', 'Financial trans.', 'AN', 'financial_trans', 'migrate', 1), (64, 'PRECOMITMENT', 'Amount processed in workflow, in transac', 'AO', 'amount_processed_in_workflow_in_transac', 'migrate', 1), (65, 'COMIT', 'Ref Document Number', 'A', 'ref_document_number', 'migrate', 1), (66, 'COMIT', 'Item number of reference document', 'B', 'item_number_of_reference_document', 'migrate', 1), (67, 'COMIT', 'Val.type text', 'C', 'valtype_text', 'migrate', 1), (68, 'COMIT', 'Amount type', 'D', 'amount_type', 'migrate', 0), (69, 'COMIT', 'Period', 'E', 'period', 'migrate', 1), (70, 'COMIT', 'Funds Management - Update Date', 'F', 'funds_management_update_date', 'migrate', 1), (71, 'COMIT', 'Amount to be checked against payment bud', 'G', 'amount_to_be_checked_against_payment_bud', 'migrate', 1), (72, 'COMIT', 'Commitment Item', 'H', 'commitment_item', 'migrate', 1), (73, 'COMIT', 'Commitment item name', 'I', 'commitment_item_name', 'migrate', 1), (74, 'COMIT', 'Funds Center', 'J', 'funds_center', 'migrate', 1), (75, 'COMIT', 'Funded Program', 'K', 'funded_program', 'migrate', 1), (76, 'COMIT', 'Grant', 'L', 'grant', 'migrate', 1), (77, 'COMIT', 'Fund', 'M', 'fund', 'migrate', 1), (78, 'COMIT', 'G/L Account', 'N', 'gl_account', 'migrate', 1), (79, 'COMIT', 'Vendor', 'O', 'vendor', 'migrate', 1), (80, 'COMIT', 'Text', 'P', 'text', 'migrate', 1), (81, 'COMIT', 'Predecessor document number', 'Q', 'predecessor_document_number', 'migrate', 1), (82, 'COMIT', 'Predecessor doc.item', 'R', 'predecessor_docitem', 'migrate', 1), (83, 'COMIT', 'Posting Date', 'S', 'posting_date', 'migrate', 1), (84, 'COMIT', 'Order', 'T', 'order', 'migrate', 1), (85, 'COMIT', 'Amount type', 'U', 'amount_type1', 'migrate', 1), (86, 'COMIT', 'FI document number', 'V', 'fi_document_number', 'migrate', 1), (87, 'COMIT', 'FM area currency', 'W', 'fm_area_currency', 'migrate', 1), (88, 'COMIT', 'Functional Area', 'X', 'functional_area', 'migrate', 1), (89, 'COMIT', 'Reference', 'Y', 'reference', 'migrate', 1), (90, 'COMIT', 'Transaction Currency', 'Z', 'transaction_currency', 'migrate', 1), (91, 'COMIT', 'User name', 'AA', 'user_name', 'migrate', 1), (92, 'COMIT', 'WBS Element', 'AB', 'wbs_element', 'migrate', 1), (93, 'COMIT', 'Amount processed in Workflows, expressed', 'AC', 'amount_processed_in_workflows_expressed', 'migrate', 1), (94, 'COMIT', 'Amount to be checked against commt budge', 'AD', 'amount_to_be_checked_against_commt_budge', 'migrate', 1), (95, 'COMIT', 'Amount to be checked against commt budge', 'AE', 'amount_to_be_checked_against_commt_budge', 'migrate', 1), (96, 'COMIT', 'Amount to be checked against the paymt b', 'AF', 'amount_to_be_checked_against_the_paymt_b', 'migrate', 1), (97, 'COMIT', 'Business Transaction', 'AG', 'business_transaction', 'migrate', 1), (98, 'COMIT', 'Cash discount amount', 'AH', 'cash_discount_amount', 'migrate', 1), (99, 'COMIT', 'Document Date', 'AI', 'document_date', 'migrate', 1), (100, 'COMIT', 'Document Header Text', 'AJ', 'document_header_text', 'migrate', 1), (101, 'COMIT', 'Document item for FI document number', 'AK', 'document_item_for_fi_document_number', 'migrate', 1), (102, 'COMIT', 'Document Type', 'AL', 'document_type', 'migrate', 1), (103, 'COMIT', 'Exchange rate', 'AM', 'exchange_rate', 'migrate', 1), (104, 'COMIT', 'Financial trans.', 'AN', 'financial_trans', 'migrate', 1), (105, 'COMIT', 'Amount processed in workflow, in transac', 'AO', 'amount_processed_in_workflow_in_transac', 'migrate', 1), (106, 'ACTUALS', 'Ref Document Number', 'A', 'ref_document_number', 'migrate', 1), (107, 'ACTUALS', 'Item number of reference document', 'B', 'item_number_of_reference_document', 'migrate', 1), (108, 'ACTUALS', 'Val.type text', 'C', 'valtype_text', 'migrate', 1), (109, 'ACTUALS', 'Amount type', 'D', 'amount_type', 'migrate', 0), (110, 'ACTUALS', 'Period', 'E', 'period', 'migrate', 1), (111, 'ACTUALS', 'Funds Management - Update Date', 'F', 'funds_management_update_date', 'migrate', 1), (112, 'ACTUALS', 'Amount to be checked against payment bud', 'G', 'amount_to_be_checked_against_payment_bud', 'migrate', 1), (113, 'ACTUALS', 'Commitment Item', 'H', 'commitment_item', 'migrate', 1), (114, 'ACTUALS', 'Commitment item name', 'I', 'commitment_item_name', 'migrate', 1), (115, 'ACTUALS', 'Funds Center', 'J', 'funds_center', 'migrate', 1), (116, 'ACTUALS', 'Funded Program', 'K', 'funded_program', 'migrate', 1), (117, 'ACTUALS', 'Grant', 'L', 'grant', 'migrate', 1), (118, 'ACTUALS', 'Fund', 'M', 'fund', 'migrate', 1), (119, 'ACTUALS', 'G/L Account', 'N', 'gl_account', 'migrate', 1), (120, 'ACTUALS', 'Vendor', 'O', 'vendor', 'migrate', 1), (121, 'ACTUALS', 'Text', 'P', 'text', 'migrate', 1), (122, 'ACTUALS', 'Predecessor document number', 'Q', 'predecessor_document_number', 'migrate', 1), (123, 'ACTUALS', 'Predecessor doc.item', 'R', 'predecessor_docitem', 'migrate', 1), (124, 'ACTUALS', 'Posting Date', 'S', 'posting_date', 'migrate', 1), (125, 'ACTUALS', 'Order', 'T', 'order', 'migrate', 1), (126, 'ACTUALS', 'Amount type', 'U', 'amount_type', 'migrate', 1), (127, 'ACTUALS', 'FI document number', 'V', 'fi_document_number', 'migrate', 1), (128, 'ACTUALS', 'FM area currency', 'W', 'fm_area_currency', 'migrate', 1), (129, 'ACTUALS', 'Functional Area', 'X', 'functional_area', 'migrate', 1), (130, 'ACTUALS', 'Reference', 'Y', 'reference', 'migrate', 1), (131, 'ACTUALS', 'Transaction Currency', 'Z', 'transaction_currency', 'migrate', 1), (132, 'ACTUALS', 'User name', 'AA', 'user_name', 'migrate', 1), (133, 'ACTUALS', 'WBS Element', 'AB', 'wbs_element', 'migrate', 1), (134, 'ACTUALS', 'Amount processed in Workflows, expressed', 'AC', 'amount_processed_in_workflows_expressed', 'migrate', 1), (135, 'ACTUALS', 'Amount to be checked against commt budge', 'AD', 'amount_to_be_checked_against_commt_budge', 'migrate', 1), (136, 'ACTUALS', 'Amount to be checked against commt budge', 'AE', 'amount_to_be_checked_against_commt_budge', 'migrate', 1), (137, 'ACTUALS', 'Amount to be checked against the paymt b', 'AF', 'amount_to_be_checked_against_the_paymt_b', 'migrate', 1), (138, 'ACTUALS', 'Business Transaction', 'AG', 'business_transaction', 'migrate', 1), (139, 'ACTUALS', 'Cash discount amount', 'AH', 'cash_discount_amount', 'migrate', 1), (140, 'ACTUALS', 'Document Date', 'AI', 'document_date', 'migrate', 1), (141, 'ACTUALS', 'Document Header Text', 'AJ', 'document_header_text', 'migrate', 1), (142, 'ACTUALS', 'Document item for FI document number', 'AK', 'document_item_for_fi_document_number', 'migrate', 1), (143, 'ACTUALS', 'Document Type', 'AL', 'document_type', 'migrate', 1), (144, 'ACTUALS', 'Exchange rate', 'AM', 'exchange_rate', 'migrate', 1), (145, 'ACTUALS', 'Financial trans.', 'AN', 'financial_trans', 'migrate', 1), (146, 'ACTUALS', 'Amount processed in workflow, in transac', 'AO', 'amount_processed_in_workflow_in_transac', 'migrate', 1);
COMMIT;

-- ----------------------------
-- Table structure for pma_migrate_contribuciones
-- ----------------------------
DROP TABLE IF EXISTS `pma_migrate_contribuciones`;
CREATE TABLE `pma_migrate_contribuciones`  (
  `id` int(10) NOT NULL AUTO_INCREMENT,
  `document_year` int(10) NULL DEFAULT NULL,
  `entry_document` varchar(20) CHARACTER SET latin1 COLLATE latin1_swedish_ci NULL DEFAULT NULL,
  `entry_document_line` varchar(20) CHARACTER SET latin1 COLLATE latin1_swedish_ci NULL DEFAULT NULL,
  `created_by` varchar(40) CHARACTER SET latin1 COLLATE latin1_swedish_ci NULL DEFAULT NULL,
  `document_date` date NULL DEFAULT NULL,
  `total_of_transactions_in_local_currency` float(10, 2) NULL DEFAULT NULL,
  `version` varchar(2) CHARACTER SET latin1 COLLATE latin1_swedish_ci NULL DEFAULT NULL,
  `entry_document_type` varchar(10) CHARACTER SET latin1 COLLATE latin1_swedish_ci NULL DEFAULT NULL,
  `process` varchar(10) CHARACTER SET latin1 COLLATE latin1_swedish_ci NULL DEFAULT NULL,
  `fiscal_year` int(11) NULL DEFAULT NULL,
  `budget_type` varchar(40) CHARACTER SET latin1 COLLATE latin1_swedish_ci NULL DEFAULT NULL,
  `fund` varchar(20) CHARACTER SET latin1 COLLATE latin1_swedish_ci NULL DEFAULT NULL,
  `funds_center` varchar(10) CHARACTER SET latin1 COLLATE latin1_swedish_ci NULL DEFAULT NULL,
  `commitment_item` varchar(60) CHARACTER SET latin1 COLLATE latin1_swedish_ci NULL DEFAULT NULL,
  `functional_area` varchar(10) CHARACTER SET latin1 COLLATE latin1_swedish_ci NULL DEFAULT NULL,
  `grant` varchar(50) CHARACTER SET latin1 COLLATE latin1_swedish_ci NULL DEFAULT NULL,
  `funded_program` varchar(50) CHARACTER SET latin1 COLLATE latin1_swedish_ci NULL DEFAULT NULL,
  `text` varchar(255) CHARACTER SET latin1 COLLATE latin1_swedish_ci NULL DEFAULT NULL,
  `reversal_document_number` int(11) NULL DEFAULT NULL,
  `document_status` int(10) NULL DEFAULT NULL,
  `entry_document_header_text` varchar(255) CHARACTER SET latin1 COLLATE latin1_swedish_ci NULL DEFAULT NULL,
  `text_name` varchar(255) CHARACTER SET latin1 COLLATE latin1_swedish_ci NULL DEFAULT NULL,
  `reversal_status` varchar(6) CHARACTER SET latin1 COLLATE latin1_swedish_ci NULL DEFAULT NULL,
  `creado` timestamp(0) NULL DEFAULT CURRENT_TIMESTAMP(0),
  `tipo` varchar(20) CHARACTER SET latin1 COLLATE latin1_swedish_ci NULL DEFAULT NULL,
  PRIMARY KEY (`id`) USING BTREE
) ENGINE = InnoDB AUTO_INCREMENT = 1 CHARACTER SET = latin1 COLLATE = latin1_swedish_ci;

-- ----------------------------
-- Table structure for pma_migrate_detail
-- ----------------------------
DROP TABLE IF EXISTS `pma_migrate_detail`;
CREATE TABLE `pma_migrate_detail`  (
  `id` int(10) NOT NULL AUTO_INCREMENT,
  `ref_document_number` varchar(12) CHARACTER SET latin1 COLLATE latin1_swedish_ci NULL DEFAULT NULL,
  `item_number_of_reference_document` int(10) NULL DEFAULT NULL,
  `valtype_text` varchar(40) CHARACTER SET latin1 COLLATE latin1_swedish_ci NULL DEFAULT NULL,
  `amount_type` varchar(20) CHARACTER SET latin1 COLLATE latin1_swedish_ci NULL DEFAULT NULL,
  `period` int(10) NULL DEFAULT NULL,
  `funds_management_update_date` date NULL DEFAULT NULL,
  `amount_to_be_checked_against_payment_bud` float NULL DEFAULT NULL,
  `commitment_item` varchar(20) CHARACTER SET latin1 COLLATE latin1_swedish_ci NULL DEFAULT NULL,
  `commitment_item_name` varchar(30) CHARACTER SET latin1 COLLATE latin1_swedish_ci NULL DEFAULT NULL,
  `funds_center` varchar(10) CHARACTER SET latin1 COLLATE latin1_swedish_ci NULL DEFAULT NULL,
  `funded_program` varchar(30) CHARACTER SET latin1 COLLATE latin1_swedish_ci NULL DEFAULT NULL,
  `grant` varchar(30) CHARACTER SET latin1 COLLATE latin1_swedish_ci NULL DEFAULT NULL,
  `fund` varchar(10) CHARACTER SET latin1 COLLATE latin1_swedish_ci NULL DEFAULT NULL,
  `gl_account` varchar(12) CHARACTER SET latin1 COLLATE latin1_swedish_ci NULL DEFAULT NULL,
  `vendor` varchar(30) CHARACTER SET latin1 COLLATE latin1_swedish_ci NULL DEFAULT NULL,
  `text` varchar(50) CHARACTER SET latin1 COLLATE latin1_swedish_ci NULL DEFAULT NULL,
  `predecessor_document_number` varchar(12) CHARACTER SET latin1 COLLATE latin1_swedish_ci NULL DEFAULT NULL,
  `predecessor_docitem` varchar(12) CHARACTER SET latin1 COLLATE latin1_swedish_ci NULL DEFAULT NULL,
  `posting_date` date NULL DEFAULT NULL,
  `order` varchar(16) CHARACTER SET latin1 COLLATE latin1_swedish_ci NULL DEFAULT NULL,
  `amount_type1` varchar(8) CHARACTER SET latin1 COLLATE latin1_swedish_ci NULL DEFAULT NULL,
  `fi_document_number` varchar(12) CHARACTER SET latin1 COLLATE latin1_swedish_ci NULL DEFAULT NULL,
  `fm_area_currency` varchar(5) CHARACTER SET latin1 COLLATE latin1_swedish_ci NULL DEFAULT NULL,
  `functional_area` varchar(5) CHARACTER SET latin1 COLLATE latin1_swedish_ci NULL DEFAULT NULL,
  `reference` varchar(12) CHARACTER SET latin1 COLLATE latin1_swedish_ci NULL DEFAULT NULL,
  `transaction_currency` varchar(10) CHARACTER SET latin1 COLLATE latin1_swedish_ci NULL DEFAULT NULL,
  `user_name` varchar(10) CHARACTER SET latin1 COLLATE latin1_swedish_ci NULL DEFAULT NULL,
  `wbs_element` varchar(20) CHARACTER SET latin1 COLLATE latin1_swedish_ci NULL DEFAULT NULL,
  `amount_processed_in_workflows_expressed` float NULL DEFAULT NULL,
  `amount_to_be_checked_against_commt_budge` float NULL DEFAULT NULL,
  `amount_to_be_checked_against_commt_budge1` float NULL DEFAULT NULL,
  `amount_to_be_checked_against_the_paymt_b` float NULL DEFAULT NULL,
  `business_transaction` varchar(6) CHARACTER SET latin1 COLLATE latin1_swedish_ci NULL DEFAULT NULL,
  `cash_discount_amount` float NULL DEFAULT NULL,
  `document_date` date NULL DEFAULT NULL,
  `document_header_text` varchar(60) CHARACTER SET latin1 COLLATE latin1_swedish_ci NULL DEFAULT NULL,
  `document_item_for_fi_document_number` int(11) NULL DEFAULT NULL,
  `document_type` varchar(5) CHARACTER SET latin1 COLLATE latin1_swedish_ci NULL DEFAULT NULL,
  `exchange_rate` float(2, 2) NULL DEFAULT NULL,
  `financial_trans` int(11) NULL DEFAULT NULL,
  `amount_processed_in_workflow_in_transac` float NULL DEFAULT NULL,
  `creado` timestamp(0) NULL DEFAULT CURRENT_TIMESTAMP(0),
  `tipo` varchar(12) CHARACTER SET latin1 COLLATE latin1_swedish_ci NULL DEFAULT NULL,
  PRIMARY KEY (`id`) USING BTREE
) ENGINE = InnoDB AUTO_INCREMENT = 2 CHARACTER SET = latin1 COLLATE = latin1_swedish_ci;

-- ----------------------------
-- Records of pma_migrate_detail
-- ----------------------------
BEGIN;
INSERT INTO `pma_migrate_detail` VALUES (1, NULL, NULL, NULL, NULL, NULL, NULL, NULL, NULL, NULL, NULL, NULL, NULL, NULL, NULL, NULL, NULL, NULL, NULL, NULL, NULL, NULL, NULL, NULL, NULL, NULL, NULL, NULL, NULL, NULL, NULL, NULL, NULL, NULL, NULL, NULL, NULL, NULL, NULL, NULL, NULL, NULL, '2019-11-21 23:14:45', 'PRECOMITMENT');
COMMIT;

-- ----------------------------
-- Table structure for pma_payroll
-- ----------------------------
DROP TABLE IF EXISTS `pma_payroll`;
CREATE TABLE `pma_payroll`  (
  `id` int(11) NOT NULL AUTO_INCREMENT,
  `location` varchar(20) CHARACTER SET latin1 COLLATE latin1_swedish_ci NULL DEFAULT NULL,
  `grade` varchar(20) CHARACTER SET latin1 COLLATE latin1_swedish_ci NULL DEFAULT NULL,
  `staff` varchar(60) CHARACTER SET latin1 COLLATE latin1_swedish_ci NULL DEFAULT NULL,
  `index_no` varchar(12) CHARACTER SET latin1 COLLATE latin1_swedish_ci NULL DEFAULT NULL,
  `hr_position` varchar(100) CHARACTER SET latin1 COLLATE latin1_swedish_ci NULL DEFAULT NULL,
  `number_months` int(11) NULL DEFAULT NULL,
  `number_staff` int(11) NULL DEFAULT NULL,
  `monthly_cost` float NULL DEFAULT NULL,
  `expected_cost_2019` float NULL DEFAULT NULL,
  `without_increase` float NULL DEFAULT NULL,
  `increase_2` float NULL DEFAULT NULL,
  `increase_5` float NULL DEFAULT NULL,
  `program_validation` float NULL DEFAULT NULL,
  PRIMARY KEY (`id`) USING BTREE
) ENGINE = MyISAM AUTO_INCREMENT = 47 CHARACTER SET = latin1 COLLATE = latin1_swedish_ci;

-- ----------------------------
-- Records of pma_payroll
-- ----------------------------
BEGIN;
INSERT INTO `pma_payroll` VALUES (1, 'Quito', 'Programa', NULL, '8805019', 'National Officer ', 12, 1, 6809, 0, 0, 0, 0, 0), (2, 'Riobamba', 'Programa', NULL, '8817080', 'Senior Programme Associate', 12, 1, 3808, 0, 0, 0, 0, 0), (3, 'Quito ', 'Programa', NULL, '8824089', 'Resilience Associate', 12, 1, 2464, 0, 0, 0, 0, 0), (4, 'Quito ', 'Programa', NULL, '8836324', 'Nutrition Associate', 12, 1, 2240, 0, 0, 0, 0, 0), (5, 'Quito ', 'Programa', NULL, '8843306', 'Nutrition Assistant', 12, 1, 1400, 0, 0, 0, 0, NULL), (6, 'Quito ', 'Programa', NULL, '8814073', 'SO_Quito', 12, 1, 2128, 0, 0, 0, 0, NULL), (7, 'Quito ', 'Programa', NULL, '8829387', 'Programme Assistant', 12, 1, 2016, 0, 0, 0, 0, NULL), (8, 'Quito ', 'Programa', NULL, '8805016', 'Programme & Finance Assistant', 12, 1, 1792, 0, 0, 0, 0, NULL), (9, 'Quito ', 'M&E', NULL, '8805018', 'Head of Monitoring', 12, 1, 5903, 0, 0, 0, 0, NULL), (10, 'Quito ', 'M&E', NULL, '8841746', 'Budget and Programming', 12, 1, 2240, 0, 0, 0, 0, NULL), (11, 'Quito ', 'M&E', NULL, '8848212', 'Communications Associate', 12, 1, 1792, 0, 0, 0, 0, NULL), (12, 'Quito ', 'M&E', NULL, '8842474', 'Monitoring Assistant', 12, 1, 1400, 0, 0, 0, 0, NULL), (13, 'Quito ', 'Programa', NULL, NULL, 'Coordinador Binacional Ad. Fund', 9, 1, 2376, 0, 0, 0, 0, NULL), (14, 'Quito ', 'Programa', NULL, '8845838', 'Coordinador Nacional Ad. Fund', 12, 1, 3360, 0, 0, 0, 0, NULL), (15, 'Quito ', 'Programa', NULL, '8843243', 'Punto Focal PMA Ad. Fund', 12, 1, 1792, 0, 0, 0, 0, NULL), (16, 'Quito ', 'Programa', NULL, '8847507', 'Punto Focal MAE Ad. Fund', 12, 1, 1792, 0, 0, 0, 0, NULL), (17, 'Quito ', 'Programa', NULL, '8847835', 'Programme Assistant', 12, 1, 1792, 0, 0, 0, 0, NULL), (18, 'Ibarra', 'Programa', NULL, '8826115', 'Coordinación SO', 12, 1, 3024, 0, 0, 0, 0, NULL), (19, 'Esmeraldas', 'Programa', NULL, '8831745', 'SO Esmeraldas ', 12, 1, 1792, 0, 0, 0, 0, NULL), (20, 'San Lorenzo', 'Programa', NULL, '8831747', 'SO Esmeraldas ', 12, 1, 1680, 0, 0, 0, 0, NULL), (21, 'Sucumbíos', 'Programa', NULL, '8822825', 'SO Sucumbíos', 12, 1, 2240, 0, 0, 0, 0, NULL), (22, 'Sucumbíos', 'Programa', NULL, '8829761', 'SO Sucumbíos', 12, 1, 1680, 0, 0, 0, 0, NULL), (23, 'Tulcán', 'Programa', NULL, '8824322', 'SO Tulcán', 12, 1, 1540, 0, 0, 0, 0, NULL), (24, 'Ibarra', 'Programa', NULL, '8837969', 'SO Ibarra', 6, 1, 1400, 0, 0, 0, 0, NULL), (25, 'Quito ', 'Servicios', NULL, '8803876', 'Head of Finance ', 12, 1, 4623, 0, 0, 0, 0, NULL), (26, 'Quito ', 'Servicios', NULL, '8805029', 'Finance Assistant', 12, 1, 2695, 0, 0, 0, 0, NULL), (27, 'Quito ', 'Servicios', NULL, '8804693', 'Head of Administration', 9, 1, 5739, 0, 0, 0, 0, NULL), (28, 'Quito ', 'Servicios', NULL, '8844585', 'Procurement Assistant', 12, 1, 1792, 0, 0, 0, 0, NULL), (29, 'Quito ', 'Servicios', NULL, '8824846', 'Admin Assistant', 12, 1, 1404, 0, 0, 0, 0, NULL), (30, 'Quito ', 'Servicios', NULL, '8803707', 'IT Associate', 12, 1, 1960, 0, 0, 0, 0, NULL), (31, 'Quito ', 'Servicios', NULL, '8806343', 'Driver', 12, 1, 1372, 0, 0, 0, 0, NULL), (32, 'Quito ', 'Servicios', NULL, '8804291', 'Head of Human Resources', 1, 1, 2514, 0, 0, 0, 0, NULL), (33, 'Quito ', 'Servicios', NULL, NULL, 'Head of Human Resources', 5, 1, 2514, 0, 0, 0, 0, NULL), (34, 'Quito ', 'Servicios', NULL, NULL, 'Head of Human Resources', 9, 1, 2514, 0, 0, 0, 0, NULL), (35, 'Quito ', 'Servicios', NULL, '8806862', 'HR Assistant / Finance', 12, 1, 1680, 0, 0, 0, 0, NULL), (36, 'Quito ', 'Servicios', NULL, '8846150', 'Admin Assistant', 12, 1, 1400, 0, 0, 0, 0, NULL), (37, 'Quito ', 'Programa', NULL, '8847370', 'Monitoring Assistant', 12, 1, 1400, 0, 0, 0, 0, NULL), (38, 'Quito ', 'Programa', NULL, '8846835', 'Consultor', 3, 1, 2800, 0, 0, 0, 0, NULL), (39, 'Guayaquil', 'Programa', NULL, '8846966', 'Consultor', 12, 1, 2240, 0, 0, 0, 0, NULL), (40, 'Tulcán', 'Programa', NULL, '8830986', 'SO Tulcán', 12, 1, 1400, 0, 0, 0, 0, NULL), (41, 'Guayaquil', 'Programa', NULL, NULL, 'SO Guayaquil ', 10, 1, 1540, 0, 0, 0, 0, NULL), (42, 'Quito ', 'Programa', NULL, NULL, 'Consultora', 9, 1, 2800, 0, 0, 0, 0, NULL), (43, 'Quito ', 'Programa', NULL, NULL, 'Programme Assistant', 0, 1, 1792, 0, 0, 0, 0, NULL), (44, 'Quito ', 'Programa', NULL, NULL, 'CO Protección Social', 6, 1, 2240, 16800, 16000, 16320, 16800, NULL), (45, 'Quito ', 'Servicios', NULL, NULL, 'Admin Assistant', 7, 1, 1400, 9996, 17136, NULL, NULL, NULL), (46, 'Quito ', 'Programa', NULL, NULL, 'CO Género', 9, 1, 2240, 0, 0, 0, 0, NULL);
COMMIT;

-- ----------------------------
-- Table structure for pma_payroll_detalle
-- ----------------------------
DROP TABLE IF EXISTS `pma_payroll_detalle`;
CREATE TABLE `pma_payroll_detalle`  (
  `id` int(11) NOT NULL AUTO_INCREMENT,
  `so` int(11) NULL DEFAULT NULL,
  `activity` int(11) NULL DEFAULT NULL,
  `grant_number` int(11) NULL DEFAULT NULL,
  `year` int(4) NOT NULL DEFAULT 0,
  `starting_month` int(11) NULL DEFAULT NULL,
  `end_month` int(11) NULL DEFAULT NULL,
  `number-staff` int(11) NULL DEFAULT NULL,
  `monthly_cost` float NULL DEFAULT NULL,
  `expected_cost_2019` float NULL DEFAULT NULL,
  `january` float NOT NULL DEFAULT 0,
  `february` float NOT NULL DEFAULT 0,
  `march` float NOT NULL DEFAULT 0,
  `april` float NOT NULL DEFAULT 0,
  `may` float NOT NULL DEFAULT 0,
  `june` float NOT NULL DEFAULT 0,
  `july` float NOT NULL DEFAULT 0,
  `august` float NOT NULL DEFAULT 0,
  `september` float NOT NULL DEFAULT 0,
  `october` float NOT NULL DEFAULT 0,
  `november` float NOT NULL DEFAULT 0,
  `december` float NOT NULL DEFAULT 0,
  `without-increase` float NULL DEFAULT NULL,
  `increase-2` float NULL DEFAULT NULL,
  `increase-5` float NULL DEFAULT NULL,
  `program-validation` float NULL DEFAULT NULL,
  `total` float NOT NULL DEFAULT 0,
  `id_pma_payroll` int(11) NULL DEFAULT NULL,
  PRIMARY KEY (`id`) USING BTREE
) ENGINE = MyISAM AUTO_INCREMENT = 28 CHARACTER SET = latin1 COLLATE = latin1_swedish_ci;

-- ----------------------------
-- Records of pma_payroll_detalle
-- ----------------------------
BEGIN;
INSERT INTO `pma_payroll_detalle` VALUES (1, 1, 1, 5, 2019, 1, 3, NULL, 6809, 13618, 6809, 6809, 6809, 0, 0, 0, 0, 0, 0, 0, 0, 0, NULL, NULL, NULL, NULL, 20427, 1), (2, 2, 2, 9, 2020, 3, 6, NULL, 1500, 4500, 1500, 1500, 1500, 1500, 1500, 1500, 1500, 1500, 1500, 1500, 1500, 1500, NULL, NULL, NULL, NULL, 18000, 1), (3, 3, 3, 8, 2018, 7, 10, NULL, 2000, 6000, 2000, 2000, 2000, 2000, 2000, 2000, 2000, 2000, 2000, 2000, 2000, 2000, NULL, NULL, NULL, NULL, 24000, 1), (4, 4, 5, 10, 2017, 1, 11, NULL, 4500, 45000, 4500, 4500, 4500, 4500, 4500, 4500, 4500, 4500, 4500, 4500, 4500, 4500, NULL, NULL, NULL, NULL, 54000, 1), (5, NULL, NULL, NULL, 2021, 2, 6, NULL, 1400, 5600, 1400, 1400, 1400, 1400, 1400, 1400, 1400, 1400, 1400, 1400, 1400, 1400, NULL, NULL, NULL, NULL, 16800, 1), (6, 0, 0, 0, 0, 0, 0, NULL, NULL, 0, 0, 0, 0, 0, 0, 0, 0, 0, 0, 0, 0, 0, NULL, NULL, NULL, NULL, 0, 1), (7, 2, 0, 0, 0, 0, 0, NULL, NULL, 0, 0, 0, 0, 0, 0, 0, 0, 0, 0, 0, 0, 0, NULL, NULL, NULL, NULL, 0, 1), (8, 2, 2, 0, 0, 0, 0, NULL, NULL, 0, 0, 0, 0, 0, 0, 0, 0, 0, 0, 0, 0, 0, NULL, NULL, NULL, NULL, 0, 1), (9, 2, 2, 6, 0, 0, 0, NULL, NULL, 0, 0, 0, 0, 0, 0, 0, 0, 0, 0, 0, 0, 0, NULL, NULL, NULL, NULL, 0, 1), (10, 2, 2, 6, 0, 6, 0, NULL, NULL, 0, 0, 0, 0, 0, 0, 0, 0, 0, 0, 0, 0, 0, NULL, NULL, NULL, NULL, 0, 1), (11, 2, 2, 6, 0, 6, 10, NULL, NULL, 0, 0, 0, 0, 0, 0, 0, 0, 0, 0, 0, 0, 0, NULL, NULL, NULL, NULL, 0, 1), (12, 2, 2, 6, 0, 6, 10, NULL, 1000, 4000, 1000, 1000, 1000, 1000, 1000, 1000, 1000, 1000, 1000, 1000, 1000, 1000, NULL, NULL, NULL, NULL, 12000, 1), (13, 0, 0, 0, 0, 0, 0, NULL, NULL, 0, 0, 0, 0, 0, 0, 0, 0, 0, 0, 0, 0, 0, NULL, NULL, NULL, NULL, 0, 1), (14, 4, 0, 0, 0, 0, 0, NULL, NULL, 0, 0, 0, 0, 0, 0, 0, 0, 0, 0, 0, 0, 0, NULL, NULL, NULL, NULL, 0, 1), (15, 0, 0, 0, 0, 0, 0, NULL, NULL, 0, 0, 0, 0, 0, 0, 0, 0, 0, 0, 0, 0, 0, NULL, NULL, NULL, NULL, 0, 1), (16, 2, 0, 0, 0, 0, 0, NULL, NULL, 0, 0, 0, 0, 0, 0, 0, 0, 0, 0, 0, 0, 0, NULL, NULL, NULL, NULL, 0, 1), (17, 2, 3, 0, 0, 0, 0, NULL, NULL, 0, 0, 0, 0, 0, 0, 0, 0, 0, 0, 0, 0, 0, NULL, NULL, NULL, NULL, 0, 1), (18, 2, 3, 3, 0, 0, 0, NULL, NULL, 0, 0, 0, 0, 0, 0, 0, 0, 0, 0, 0, 0, 0, NULL, NULL, NULL, NULL, 0, 1), (19, 2, 3, 3, 0, 4, 0, NULL, NULL, 0, 0, 0, 0, 0, 0, 0, 0, 0, 0, 0, 0, 0, NULL, NULL, NULL, NULL, 0, 1), (20, 2, 3, 3, 0, 4, 6, NULL, NULL, 0, 0, 0, 0, 0, 0, 0, 0, 0, 0, 0, 0, 0, NULL, NULL, NULL, NULL, 0, 1), (21, 0, 0, 0, 0, 0, 0, NULL, NULL, 0, 0, 0, 0, 0, 0, 0, 0, 0, 0, 0, 0, 0, NULL, NULL, NULL, NULL, 0, 1), (22, 3, 0, 0, 0, 0, 0, NULL, NULL, 0, 0, 0, 0, 0, 0, 0, 0, 0, 0, 0, 0, 0, NULL, NULL, NULL, NULL, 0, 1), (23, 3, 6, 0, 0, 0, 0, NULL, NULL, 0, 0, 0, 0, 0, 0, 0, 0, 0, 0, 0, 0, 0, NULL, NULL, NULL, NULL, 0, 1), (24, 3, 6, 8, 0, 0, 0, NULL, NULL, 0, 0, 0, 0, 0, 0, 0, 0, 0, 0, 0, 0, 0, NULL, NULL, NULL, NULL, 0, 1), (25, 3, 6, 8, 0, 8, 0, NULL, NULL, 0, 0, 0, 0, 0, 0, 0, 0, 0, 0, 0, 0, 0, NULL, NULL, NULL, NULL, 0, 1), (26, 3, 6, 8, 0, 8, 12, NULL, NULL, 0, 0, 0, 0, 0, 0, 0, 0, 0, 0, 0, 0, 0, NULL, NULL, NULL, NULL, 0, 1), (27, 3, 6, 8, 0, 8, 12, NULL, 2000, 8000, 2000, 2000, 2000, 2000, 2000, 2000, 2000, 2000, 2000, 2000, 2000, 2000, NULL, NULL, NULL, NULL, 24000, 1);
COMMIT;

-- ----------------------------
-- Table structure for pma_payroll_employees
-- ----------------------------
DROP TABLE IF EXISTS `pma_payroll_employees`;
CREATE TABLE `pma_payroll_employees`  (
  `id` int(11) NOT NULL AUTO_INCREMENT,
  `id_pma_payroll` varchar(255) CHARACTER SET latin1 COLLATE latin1_swedish_ci NULL DEFAULT NULL,
  `name` varchar(255) CHARACTER SET latin1 COLLATE latin1_swedish_ci NULL DEFAULT NULL,
  `location` varchar(225) CHARACTER SET latin1 COLLATE latin1_swedish_ci NULL DEFAULT NULL,
  `grade` varchar(225) CHARACTER SET latin1 COLLATE latin1_swedish_ci NULL DEFAULT NULL,
  `monthly_cost` int(11) NULL DEFAULT NULL,
  `index_no` int(11) NULL DEFAULT NULL,
  `hr_position` varchar(255) CHARACTER SET latin1 COLLATE latin1_swedish_ci NULL DEFAULT NULL,
  PRIMARY KEY (`id`) USING BTREE
) ENGINE = MyISAM AUTO_INCREMENT = 53 CHARACTER SET = latin1 COLLATE = latin1_swedish_ci;

-- ----------------------------
-- Records of pma_payroll_employees
-- ----------------------------
BEGIN;
INSERT INTO `pma_payroll_employees` VALUES (1, '1', 'Carlos Cevallos', 'Riobamba', 'Programa', 3808, 8817080, '2'), (2, '3', 'Byron Herrera', 'Quito', 'Programa', 6809, 8805019, '1'), (51, '11', 'q', 'Riobamba', 'Programa', 3808, 8817080, '2'), (52, '3', 'a', 'Quito', 'Programa', 6809, 8805019, '1');
COMMIT;

-- ----------------------------
-- Table structure for pma_payroll_positions
-- ----------------------------
DROP TABLE IF EXISTS `pma_payroll_positions`;
CREATE TABLE `pma_payroll_positions`  (
  `id` int(11) NOT NULL AUTO_INCREMENT,
  `location` varchar(20) CHARACTER SET latin1 COLLATE latin1_swedish_ci NULL DEFAULT NULL,
  `grade` varchar(20) CHARACTER SET latin1 COLLATE latin1_swedish_ci NULL DEFAULT NULL,
  `staff` varchar(60) CHARACTER SET latin1 COLLATE latin1_swedish_ci NULL DEFAULT NULL,
  `index_no` varchar(12) CHARACTER SET latin1 COLLATE latin1_swedish_ci NULL DEFAULT NULL,
  `hr_position` varchar(100) CHARACTER SET latin1 COLLATE latin1_swedish_ci NULL DEFAULT NULL,
  `number_months` int(11) NULL DEFAULT NULL,
  `number_staff` int(11) NULL DEFAULT NULL,
  `monthly_cost_2019` float NULL DEFAULT NULL,
  `monthly_cost_2018` float NULL DEFAULT NULL,
  `expected_cost_2019` float NULL DEFAULT NULL,
  `without_increase` float NULL DEFAULT NULL,
  `increase_2` float NULL DEFAULT NULL,
  `increase_5` float NULL DEFAULT NULL,
  `program_validation` float NULL DEFAULT NULL,
  PRIMARY KEY (`id`) USING BTREE
) ENGINE = MyISAM AUTO_INCREMENT = 48 CHARACTER SET = latin1 COLLATE = latin1_swedish_ci;

-- ----------------------------
-- Records of pma_payroll_positions
-- ----------------------------
BEGIN;
INSERT INTO `pma_payroll_positions` VALUES (1, 'Quito', 'Programa', NULL, '8805019', 'National Officer ', 12, 1, 0, 68091, 0, 0, 0, 0, 0), (2, 'Quito ', 'Programa', NULL, '8817080', 'Senior Programme Associate', 12, 1, 0, 3808, 0, 0, 0, 0, 0), (3, 'Quito ', 'Programa', NULL, '8824089', 'Resilience Associate', 12, 1, 0, 2464, 0, 0, 0, 0, 0), (4, 'Quito ', 'Programa', NULL, '8836324', 'Nutrition Associate', 12, 1, 0, 2240, 0, 0, 0, 0, 0), (5, 'Quito ', 'Programa', NULL, '8843306', 'Nutrition Assistant', 12, 1, 0, 1400, 0, 0, 0, 0, NULL), (6, 'Quito ', 'Programa', NULL, '8814073', 'SO_Quito', 12, 1, 0, 2128, 0, 0, 0, 0, NULL), (7, 'Quito ', 'Programa', NULL, '8829387', 'Programme Assistant', 12, 1, 0, 2016, 0, 0, 0, 0, NULL), (8, 'Quito ', 'Programa', NULL, '8805016', 'Programme & Finance Assistant', 12, 1, 0, 1792, 0, 0, 0, 0, NULL), (9, 'Quito ', 'M&E1', NULL, '8805018', 'Head of Monitoring', 12, 1, 0, 5903, 0, 0, 0, 0, NULL), (10, 'Quito ', 'M&E', NULL, '8841746', 'Budget and Programming', 12, 1, 0, 2240, 0, 0, 0, 0, NULL), (11, 'Quito ', 'M&E', NULL, '8848212', 'Communications Associate', 12, 1, 0, 1792, 0, 0, 0, 0, NULL), (12, 'Quito ', 'M&E', NULL, '8842474', 'Monitoring Assistant', 12, 1, 0, 1400, 0, 0, 0, 0, NULL), (13, 'Quito ', 'Programa', NULL, NULL, 'Coordinador Binacional Ad. Fund', 9, 1, 0, 2376, 0, 0, 0, 0, NULL), (14, 'Quito ', 'Programa', NULL, '8845838', 'Coordinador Nacional Ad. Fund', 12, 1, 0, 3360, 0, 0, 0, 0, NULL), (15, 'Quito ', 'Programa', NULL, '8843243', 'Punto Focal PMA Ad. Fund', 12, 1, 0, 1792, 0, 0, 0, 0, NULL), (16, 'Quito ', 'Programa', NULL, '8847507', 'Punto Focal MAE Ad. Fund', 12, 1, 0, 1792, 0, 0, 0, 0, NULL), (17, 'Quito ', 'Programa', NULL, '8847835', 'Programme Assistant', 12, 1, 0, 1792, 0, 0, 0, 0, NULL), (18, 'Ibarra', 'Programa', NULL, '8826115', 'Coordinación SO', 12, 1, 0, 3024, 0, 0, 0, 0, NULL), (19, 'Esmeraldas', 'Programa', NULL, '8831745', 'SO Esmeraldas ', 12, 1, 0, 1792, 0, 0, 0, 0, NULL), (20, 'San Lorenzo', 'Programa', NULL, '8831747', 'SO Esmeraldas ', 12, 1, 0, 1680, 0, 0, 0, 0, NULL), (21, 'Sucumbíos', 'Programa', NULL, '8822825', 'SO Sucumbíos', 12, 1, 0, 2240, 0, 0, 0, 0, NULL), (22, 'Sucumbíos', 'Programa', NULL, '8829761', 'SO Sucumbíos', 12, 1, 0, 1680, 0, 0, 0, 0, NULL), (23, 'Tulcán', 'Programa', NULL, '8824322', 'SO Tulcán', 12, 1, 0, 1540, 0, 0, 0, 0, NULL), (24, 'Ibarra', 'Programa', NULL, '8837969', 'SO Ibarra', 6, 1, 0, 1400, 0, 0, 0, 0, NULL), (25, 'Quito ', 'Servicios', NULL, '8803876', 'Head of Finance ', 12, 1, 0, 4623, 0, 0, 0, 0, NULL), (26, 'Quito ', 'Servicios', NULL, '8805029', 'Finance Assistant', 12, 1, 0, 2695, 0, 0, 0, 0, NULL), (27, 'Quito ', 'Servicios', NULL, '8804693', 'Head of Administration', 9, 1, 0, 5739, 0, 0, 0, 0, NULL), (28, 'Quito ', 'Servicios', NULL, '8844585', 'Procurement Assistant', 12, 1, 0, 1792, 0, 0, 0, 0, NULL), (29, 'Quito ', 'Servicios', NULL, '8824846', 'Admin Assistant', 12, 1, 0, 1404, 0, 0, 0, 0, NULL), (30, 'Quito ', 'Servicios', NULL, '8803707', 'IT Associate', 12, 1, 0, 1960, 0, 0, 0, 0, NULL), (31, 'Quito ', 'Servicios', NULL, '8806343', 'Driver', 12, 1, 0, 1372, 0, 0, 0, 0, NULL), (32, 'Quito ', 'Servicios', NULL, '8804291', 'Head of Human Resources', 1, 1, 0, 2514, 0, 0, 0, 0, NULL), (33, 'Quito ', 'Servicios', NULL, NULL, 'Head of Human Resources', 5, 1, 0, 2514, 0, 0, 0, 0, NULL), (34, 'Quito ', 'Servicios', NULL, NULL, 'Head of Human Resources', 9, 1, 0, 2514, 0, 0, 0, 0, NULL), (35, 'Quito ', 'Servicios', NULL, '8806862', 'HR Assistant / Finance', 12, 1, 0, 1680, 0, 0, 0, 0, NULL), (36, 'Quito ', 'Servicios', NULL, '8846150', 'Admin Assistant', 12, 1, 0, 1400, 0, 0, 0, 0, NULL), (37, 'Quito ', 'Programa', NULL, '8847370', 'Monitoring Assistant', 12, 1, 0, 1400, 0, 0, 0, 0, NULL), (38, 'Quito ', 'Programa', NULL, '8846835', 'Consultor', 3, 1, 0, 2800, 0, 0, 0, 0, NULL), (39, 'Guayaquil', 'Programa', NULL, '8846966', 'Consultor', 12, 1, 0, 2240, 0, 0, 0, 0, NULL), (40, 'Tulcán', 'Programa', NULL, '8830986', 'SO Tulcán', 12, 1, 0, 1400, 0, 0, 0, 0, NULL), (41, 'Guayaquil', 'Programa', NULL, NULL, 'SO Guayaquil ', 10, 1, 0, 1540, 0, 0, 0, 0, NULL), (42, 'Quito ', 'Programa', NULL, NULL, 'Consultora', 9, 1, 0, 2800, 0, 0, 0, 0, NULL), (43, 'Quito ', 'Programa', NULL, NULL, 'Programme Assistant', 0, 1, 0, 1792, 0, 0, 0, 0, NULL), (44, 'Quito ', 'Programa', NULL, NULL, 'CO Protección Social', 6, 1, 2800, 2240, 16800, 16000, 16320, 16800, NULL), (45, 'Quito ', 'Servicios', NULL, NULL, 'Admin Assistant', 7, 1, 1428, 1400, 9996, 17136, NULL, NULL, NULL), (46, 'Quito ', 'Programa', NULL, NULL, 'CO Género', 9, 1, 0, 2240, 0, 0, 0, 0, NULL);
COMMIT;

-- ----------------------------
-- Table structure for pma_planificacion_micro
-- ----------------------------
DROP TABLE IF EXISTS `pma_planificacion_micro`;
CREATE TABLE `pma_planificacion_micro`  (
  `id` varchar(100) CHARACTER SET utf8 COLLATE utf8_general_ci NOT NULL,
  `id_plan_micro` varchar(100) CHARACTER SET utf8 COLLATE utf8_general_ci NOT NULL,
  `current_budget` varchar(100) CHARACTER SET utf8 COLLATE utf8_general_ci NULL DEFAULT NULL,
  `precommit` varchar(100) CHARACTER SET utf8 COLLATE utf8_general_ci NULL DEFAULT NULL,
  `commit` varchar(100) CHARACTER SET utf8 COLLATE utf8_general_ci NULL DEFAULT NULL,
  `expend` varchar(100) CHARACTER SET utf8 COLLATE utf8_general_ci NULL DEFAULT NULL,
  `total` varchar(100) CHARACTER SET utf8 COLLATE utf8_general_ci NULL DEFAULT NULL,
  `available` varchar(100) CHARACTER SET utf8 COLLATE utf8_general_ci NULL DEFAULT NULL,
  `unspent` varchar(100) CHARACTER SET utf8 COLLATE utf8_general_ci NULL DEFAULT NULL,
  PRIMARY KEY (`id`) USING BTREE
) ENGINE = InnoDB CHARACTER SET = utf8 COLLATE = utf8_general_ci;

-- ----------------------------
-- Table structure for pma_so_categories
-- ----------------------------
DROP TABLE IF EXISTS `pma_so_categories`;
CREATE TABLE `pma_so_categories`  (
  `id` int(11) NOT NULL AUTO_INCREMENT,
  `id__cost_category` int(11) NULL DEFAULT NULL,
  `category_name` varchar(100) CHARACTER SET utf8 COLLATE utf8_general_ci NULL DEFAULT NULL,
  `category_code` varchar(100) CHARACTER SET utf8 COLLATE utf8_general_ci NULL DEFAULT NULL,
  PRIMARY KEY (`id`) USING BTREE
) ENGINE = InnoDB AUTO_INCREMENT = 5 CHARACTER SET = utf8 COLLATE = utf8_general_ci;

-- ----------------------------
-- Records of pma_so_categories
-- ----------------------------
BEGIN;
INSERT INTO `pma_so_categories` VALUES (1, 1, 'SO1', 'EC01.01.011'), (2, 2, 'SO2', 'EC01.03.021'), (3, 3, 'SO3', 'EC01.04.031'), (4, 4, 'SO4', 'EC01.05.041 ');
COMMIT;

-- ----------------------------
-- Table structure for qo_groups
-- ----------------------------
DROP TABLE IF EXISTS `qo_groups`;
CREATE TABLE `qo_groups`  (
  `id` int(11) UNSIGNED NOT NULL AUTO_INCREMENT,
  `name` varchar(35) CHARACTER SET latin1 COLLATE latin1_swedish_ci NULL DEFAULT NULL,
  `description` text CHARACTER SET latin1 COLLATE latin1_swedish_ci NULL,
  `active` tinyint(1) UNSIGNED NOT NULL DEFAULT 0,
  `id_unidad` int(11) NULL DEFAULT NULL COMMENT 'describe a que unidad pertenece el grupo. ',
  `create` timestamp(0) NULL DEFAULT CURRENT_TIMESTAMP(0),
  PRIMARY KEY (`id`, `active`) USING BTREE
) ENGINE = InnoDB AUTO_INCREMENT = 11 CHARACTER SET = latin1 COLLATE = latin1_swedish_ci COMMENT = 'Un grupo describe el acceso funcional dentro del sistema MatisAMC\r\n';

-- ----------------------------
-- Records of qo_groups
-- ----------------------------
BEGIN;
INSERT INTO `qo_groups` VALUES (1, 'Administrador', 'Administrador ', 1, 11, '2018-07-01 15:01:53'), (2, 'Administrador Secretaria General', 'Administrador  Secretaria General', 1, 2, '2018-07-01 15:01:53'), (3, 'Secretaria General', 'Usuarios Secretaria General', 1, 2, '2018-07-01 15:01:53'), (4, 'Zonales', 'Usuarios  Zonales  Secretaria General', 1, 2, '2018-07-01 15:01:53'), (5, 'Denuncias WEB', 'Denuncias WEB  Secretaria General', 1, 2, '2018-07-01 15:01:53'), (6, 'Inspeccion', 'Denuncias Inspeccion', 1, 3, '2018-07-01 15:01:53'), (7, 'Supervision', 'Usuarios Supervision', 1, 12, '2018-07-01 15:01:53'), (8, 'Administrador Operativos', 'Administrador  personal operativos', 1, 2, '2018-07-01 15:01:53'), (9, 'Operativos', 'Personal operativos AMC', 1, 3, '2018-07-01 15:01:53'), (10, 'BPO (Macro)', 'Usuario Macro', 1, 1, '2019-11-14 13:04:49');
COMMIT;

-- ----------------------------
-- Table structure for qo_groups_has_members
-- ----------------------------
DROP TABLE IF EXISTS `qo_groups_has_members`;
CREATE TABLE `qo_groups_has_members`  (
  `qo_groups_id` int(11) UNSIGNED NOT NULL DEFAULT 0,
  `qo_members_id` int(11) UNSIGNED NOT NULL DEFAULT 0,
  `active` tinyint(1) UNSIGNED NOT NULL DEFAULT 0 COMMENT 'Is the member currently active in this group',
  `admin` tinyint(1) UNSIGNED NOT NULL DEFAULT 0 COMMENT 'Is the member the administrator of this group',
  PRIMARY KEY (`qo_members_id`, `qo_groups_id`) USING BTREE
) ENGINE = InnoDB CHARACTER SET = latin1 COLLATE = latin1_swedish_ci;

-- ----------------------------
-- Records of qo_groups_has_members
-- ----------------------------
BEGIN;
INSERT INTO `qo_groups_has_members` VALUES (1, 1, 1, 1), (10, 2, 1, 0), (15, 2, 1, 0), (1, 3, 1, 0), (2, 3, 1, 0), (3, 3, 1, 0), (4, 3, 1, 0), (5, 3, 1, 0), (6, 3, 1, 0), (3, 4, 1, 0), (3, 5, 1, 0), (2, 6, 1, 0), (3, 7, 1, 0), (8, 7, 1, 0), (25, 7, 1, 0);
COMMIT;

-- ----------------------------
-- Table structure for qo_groups_has_privileges
-- ----------------------------
DROP TABLE IF EXISTS `qo_groups_has_privileges`;
CREATE TABLE `qo_groups_has_privileges`  (
  `qo_groups_id` int(11) UNSIGNED NOT NULL DEFAULT 0,
  `qo_privileges_id` int(11) UNSIGNED NOT NULL DEFAULT 0,
  PRIMARY KEY (`qo_groups_id`, `qo_privileges_id`) USING BTREE
) ENGINE = InnoDB CHARACTER SET = latin1 COLLATE = latin1_swedish_ci;

-- ----------------------------
-- Records of qo_groups_has_privileges
-- ----------------------------
BEGIN;
INSERT INTO `qo_groups_has_privileges` VALUES (1, 1), (2, 2), (3, 3), (4, 4), (5, 5), (6, 6), (7, 7), (8, 9), (9, 8), (10, 5), (11, 11), (12, 12), (13, 13), (14, 14), (15, 15), (16, 16), (17, 23), (18, 18), (19, 19), (21, 21), (22, 22), (23, 24), (24, 25), (25, 26), (26, 29), (27, 28), (28, 30), (29, 31), (30, 32), (31, 33), (32, 34), (33, 35), (34, 36), (35, 37), (36, 38), (37, 39), (38, 40), (39, 41), (40, 42);
COMMIT;

-- ----------------------------
-- Table structure for qo_libraries
-- ----------------------------
DROP TABLE IF EXISTS `qo_libraries`;
CREATE TABLE `qo_libraries`  (
  `id` varchar(35) CHARACTER SET latin1 COLLATE latin1_swedish_ci NOT NULL DEFAULT '',
  `data` text CHARACTER SET latin1 COLLATE latin1_swedish_ci NULL COMMENT 'The definition data ( JSON )',
  `active` tinyint(1) UNSIGNED NOT NULL DEFAULT 0 COMMENT 'A value of 1 or 0 is expected',
  PRIMARY KEY (`id`) USING BTREE
) ENGINE = InnoDB CHARACTER SET = latin1 COLLATE = latin1_swedish_ci;

-- ----------------------------
-- Records of qo_libraries
-- ----------------------------
BEGIN;
INSERT INTO `qo_libraries` VALUES ('checkbox', '{\r\n   \"client\": {\r\n      \"css\": [\r\n         {\r\n           \"directory\": \"checkbox/\",\r\n           \"files\": [ \"min.css\" ]\r\n         }\r\n      ],\r\n      \"javascript\": [\r\n         {\r\n            \"directory\": \"checkbox/\",\r\n            \"files\": [ \"min.js\" ]\r\n         }\r\n      ]\r\n   }\r\n}\r\n', 1), ('colorpicker', '{\r\n   \"dependencies\": [\r\n      { \"id\": \"hexfield\", \"type\": \"library\" }\r\n   ],\r\n\r\n   \"client\": {\r\n      \"css\": [\r\n         {\r\n           \"directory\": \"color-picker/resources/\",\r\n           \"files\": [ \"styles.css\" ]\r\n         }\r\n      ],\r\n      \"javascript\": [\r\n         {\r\n            \"directory\": \"color-picker/\",\r\n            \"files\": [ \"Ext.ux.ColorPicker.js\" ]\r\n         }\r\n      ]\r\n   }\r\n}', 1), ('columntree', '{\r\n   \"client\": {\r\n      \"css\": [\r\n         {\r\n            \"directory\": \"column-tree/resources/\",\r\n            \"files\": [ \"styles.css\" ]\r\n         }\r\n      ]\r\n   }\r\n}', 1), ('explorerview', '{\r\n   \"client\": {\r\n      \"css\": [\r\n         {\r\n            \"directory\": \"explorer-view/resources/\",\r\n            \"files\": [ \"styles.css\" ]\r\n         }\r\n      ],\r\n      \"javascript\": [\r\n         {\r\n            \"directory\": \"explorer-view/\",\r\n            \"files\": [ \"Ext.ux.grid.ExplorerView.js\", \"Ext.ux.grid.GroupingExplorerView.js\" ]\r\n         }\r\n      ]\r\n   }\r\n}', 1), ('hexfield', '{\r\n   \"client\": {\r\n      \"javascript\": [\r\n         {\r\n            \"directory\": \"hex-field/\",\r\n            \"files\": [ \"Ext.ux.form.HexField.js\" ]\r\n         }\r\n      ]\r\n   }\r\n}', 1), ('iframecomponent', '{\r\n   \"client\": {\r\n      \"javascript\": [\r\n         {\r\n            \"directory\": \"iframe-component/\",\r\n            \"files\": [ \"Ext.ux.IFrameComponent.js\" ]\r\n         }\r\n      ]\r\n   }\r\n}', 1), ('modalnotice', '{\r\n   \"client\": {\r\n      \"javascript\": [\r\n         {\r\n            \"directory\": \"modal-notice/\",\r\n            \"files\": [ \"Ext.plugin.ModalNotice.js\" ]\r\n         }\r\n      ]\r\n   }\r\n}', 1), ('roweditor', '{\r\n   \"client\": {\r\n      \"css\": [\r\n         {\r\n            \"directory\": \"row-editor/resources/\",\r\n            \"files\": [ \"styles.css\" ]\r\n         }\r\n      ],\r\n      \"javascript\": [\r\n         {\r\n            \"directory\": \"row-editor/\",\r\n            \"files\": [ \"Ext.ux.grid.RowEditor.js\" ]\r\n         }\r\n      ]\r\n   }\r\n}', 1), ('statusbar', '{\r\n   \"client\": {\r\n      \"javascript\": [\r\n         {\r\n            \"directory\": \"statusbar/\",\r\n            \"files\": [ \"Ext.ux.StatusBar.js\" ]\r\n         }\r\n      ]\r\n   }\r\n}', 1);
COMMIT;

-- ----------------------------
-- Table structure for qo_log
-- ----------------------------
DROP TABLE IF EXISTS `qo_log`;
CREATE TABLE `qo_log`  (
  `id` int(11) UNSIGNED NOT NULL AUTO_INCREMENT,
  `level` varchar(15) CHARACTER SET latin1 COLLATE latin1_swedish_ci NULL DEFAULT NULL COMMENT 'ERROR, WARNING, MESSAGE or AUDIT',
  `text` text CHARACTER SET latin1 COLLATE latin1_swedish_ci NULL,
  `timestamp` datetime(0) NULL DEFAULT NULL,
  PRIMARY KEY (`id`) USING BTREE
) ENGINE = InnoDB AUTO_INCREMENT = 1 CHARACTER SET = latin1 COLLATE = latin1_swedish_ci;

-- ----------------------------
-- Table structure for qo_members
-- ----------------------------
DROP TABLE IF EXISTS `qo_members`;
CREATE TABLE `qo_members`  (
  `id` int(11) UNSIGNED NOT NULL AUTO_INCREMENT,
  `first_name` varchar(25) CHARACTER SET utf8 COLLATE utf8_general_ci NULL DEFAULT NULL,
  `last_name` varchar(35) CHARACTER SET utf8 COLLATE utf8_general_ci NULL DEFAULT NULL,
  `email_address` varchar(55) CHARACTER SET utf8 COLLATE utf8_general_ci NULL DEFAULT NULL,
  `password` varchar(255) CHARACTER SET utf8 COLLATE utf8_general_ci NULL DEFAULT NULL,
  `locale` varchar(5) CHARACTER SET utf8 COLLATE utf8_general_ci NULL DEFAULT 'en',
  `active` tinyint(1) UNSIGNED NOT NULL DEFAULT 0 COMMENT 'Is the member currently active',
  PRIMARY KEY (`id`) USING BTREE
) ENGINE = InnoDB AUTO_INCREMENT = 8 CHARACTER SET = utf8 COLLATE = utf8_general_ci;

-- ----------------------------
-- Records of qo_members
-- ----------------------------
BEGIN;
INSERT INTO `qo_members` VALUES (1, 'BYRON', 'HERRERA', 'byron.herrera@wfp.org', '0325e9bd933864b199c0c5808a52332d2e42473e', 'en', 1), (2, 'CARLOS', 'CEVALLOS', 'carlos.cevallos@wfp.org', '46124df7bd33156836800b7c1a494c159d21c177', 'en', 1), (3, 'Usuario3', 'Usuario Apellido 3', 'usuario3@wfp.org', 'f66c903555d57a5814445281459534d2dba08b39', 'en', 1), (4, 'Usuario4', 'Usuario Apellido 4', 'usuario4@wfp.org', '8932245571023dbdc587e7427569a6146a5f4b47', 'en', 1), (5, 'Usuario5', 'Usuario Apellido 5', 'usuario5@wfp.org', 'bf0c2796538ca66a85c8334a6b3457f35c8a9311', 'en', 1), (6, 'Usuario6', 'Usuario Apellido 6', 'usuario6@wfp.org', '6adc8623c87ee4f4385a281cce6a2d43f5c029da', 'en', 1), (7, 'Usuario7', 'Usuario Apellido 7', 'usuario7@wfp.org', '4b340fb9f7262d3a0fc5152b0dbc29bfa888acec', 'en', 1);
COMMIT;

-- ----------------------------
-- Table structure for qo_modules
-- ----------------------------
DROP TABLE IF EXISTS `qo_modules`;
CREATE TABLE `qo_modules`  (
  `id` varchar(35) CHARACTER SET latin1 COLLATE latin1_swedish_ci NOT NULL DEFAULT '',
  `type` varchar(35) CHARACTER SET latin1 COLLATE latin1_swedish_ci NOT NULL,
  `name` varchar(35) CHARACTER SET latin1 COLLATE latin1_swedish_ci NULL DEFAULT NULL,
  `description` text CHARACTER SET latin1 COLLATE latin1_swedish_ci NULL,
  `data` text CHARACTER SET latin1 COLLATE latin1_swedish_ci NOT NULL COMMENT 'The definition data ( JSON )',
  `active` tinyint(1) UNSIGNED NOT NULL DEFAULT 0 COMMENT 'A value of 1 or 0 is expected',
  PRIMARY KEY (`id`) USING BTREE
) ENGINE = InnoDB CHARACTER SET = latin1 COLLATE = latin1_swedish_ci;

-- ----------------------------
-- Records of qo_modules
-- ----------------------------
BEGIN;
INSERT INTO `qo_modules` VALUES ('contribuciones', 'desktop/contribuciones', 'Contribuciones', 'Contributions management', '{\r\n  \"id\": \"contribuciones\",\r\n  \"type\": \"desktop/contribuciones\",\r\n  \"about\": {\r\n    \"author\": \"\",\r\n    \"description\": \"Contributions management.\",\r\n    \"name\": \"Contributions management\",\r\n    \"url\": \"\",\r\n    \"version\": \"1.0\"\r\n  },\r\n  \"server\": {\r\n    \"methods\": [\r\n      { \"name\": \"accesosAdministrador\", \"description\": \"Full acceso\" },\r\n      { \"name\": \"accesosMacro\", \"description\": \"Full acceso\" },\r\n      { \"name\": \"accesosMicro\", \"description\": \"Solo lectura\" }\r\n\r\n    ],\r\n    \"class\": \"QoContribuciones\",\r\n    \"file\": \"desktop/contribuciones/contribuciones.php\"\r\n  },\r\n  \"client\": {\r\n    \"class\": \"QoDesk.ContribucionesWindow\",\r\n    \"css\": [\r\n      {\r\n        \"directory\": \"desktop/contribuciones/client/resources/\",\r\n        \"files\": [ \"styles.css\" ]\r\n      },\r\n      {\r\n        \"directory\": \"common/libraries/\",\r\n        \"files\": [  \"datetime/date-time-ux.css\", \"Spinner/Spinner.css\", \"MultiSelect.css\"   ]\r\n      },\r\n      {\r\n        \"directory\": \"common/libraries/gridfilters/\",\r\n        \"files\": [  \"css/GridFilters.css\", \"css/RangeMenu.css\"    ]\r\n      },\r\n      {\r\n        \"directory\": \"common/libraries/\",\r\n        \"files\": [ \"styles.css\" ]\r\n      }\r\n\r\n    ],\r\n    \"javascript\": [\r\n      {\r\n        \"directory\": \"common/libraries/\",\r\n        \"files\": [ \"AppMsg.js\",\"datetime/date-time-ux.js\",\"CheckColumn.js\", \"Spinner/SpinnerField.js\", \"Spinner/Spinner.js\",\"MultiSelect.js\", \"Ext.ux.GMapPanel3.js\"  ]\r\n      },\r\n      {\r\n        \"directory\": \"desktop/contribuciones/client/\",\r\n        \"files\": [  \"contribuciones-win.js\" ]\r\n      },\r\n      {\r\n        \"directory\": \"qwiki/admin/client/\",\r\n        \"files\": [ \"QoAdmin.js\" ]\r\n      },\r\n      {\r\n        \"directory\": \"qwiki/admin/client/lib/\",\r\n        \"files\": [ \"ActiveColumn.js\", \"ColumnNodeUI.js\", \"Nav.js\", \"SearchField.js\", \"TooltipEditor.js\" ]\r\n      },\r\n      {\r\n        \"directory\": \"common/libraries/gridfilters/\",\r\n        \"files\": [ \"menu/RangeMenu.js\", \"menu/ListMenu.js\", \"GridFilters.js\", \"filter/Filter.js\", \"filter/StringFilter.js\", \"filter/DateFilter.js\", \"filter/ListFilter.js\", \"filter/NumericFilter.js\",\"filter/BooleanFilter.js\" ]\r\n      }\r\n    ],\r\n    \"launcher\": {\r\n      \"config\": {\r\n        \"iconCls\": \"contribuciones-icon\",\r\n        \"shortcutIconCls\": \"contribuciones-shortcut\",\r\n        \"text\": \"Contributions\",\r\n        \"tooltip\": \"<b>Contributions record</b>\"\r\n      },\r\n      \"paths\": {\r\n        \"startmenu\": \"/\"\r\n      }\r\n    }\r\n  }\r\n}\r\n', 1), ('forecast', 'desktop/forecast', 'Forecast', 'forecast', '{\r\n  \"id\": \"forecast\",\r\n  \"type\": \"desktop/forecast\",\r\n  \"about\": {\r\n    \"author\": \"\",\r\n    \"description\": \"Forecast\",\r\n    \"name\": \"Forecast\",\r\n    \"url\": \"\",\r\n    \"version\": \"1.0\"\r\n  },\r\n  \"server\": {\r\n    \"methods\": [\r\n      { \"name\": \"accesosAdministrador\", \"description\": \"Full acceso con vista de todos los tramites\" },\r\n      { \"name\": \"accesosSecretaria\", \"description\": \"Full acceso con vista de tramites pendientes\" },\r\n      { \"name\": \"accesosPayroll\", \"description\": \"Personal de payroll\" }\r\n    ],\r\n    \"class\": \"QoForecast\",\r\n    \"file\": \"desktop/forecast/forecast.php\"\r\n  },\r\n  \"client\": {\r\n    \"class\": \"QoDesk.ForecastWindow\",\r\n    \"css\": [\r\n      {\r\n        \"directory\": \"desktop/forecast/client/resources/\",\r\n        \"files\": [ \"styles.css\" ]\r\n      },\r\n      {\r\n        \"directory\": \"common/libraries/\",\r\n        \"files\": [  \"datetime/date-time-ux.css\", \"Spinner/Spinner.css\", \"MultiSelect.css\"   ]\r\n      }\r\n    ,{\r\n        \"directory\": \"common/libraries/gridfilters/\",\r\n        \"files\": [  \"css/GridFilters.css\", \"css/RangeMenu.css\"    ]\r\n      },\r\n      {\r\n        \"directory\": \"common/libraries/\",\r\n        \"files\": [ \"styles.css\" ]\r\n      }\r\n    ],\r\n    \"javascript\": [\r\n      {\r\n        \"directory\": \"common/libraries/\",\r\n        \"files\": [ \"AppMsg.js\",\"datetime/date-time-ux.js\",\"CheckColumn.js\", \"Spinner/SpinnerField.js\", \"Spinner/Spinner.js\",\"MultiSelect.js\"  ]\r\n      },\r\n      {\r\n        \"directory\": \"desktop/forecast/client/\",\r\n        \"files\": [  \"moduloForecast-win.js\" ]\r\n      },\r\n      {\r\n        \"directory\": \"qwiki/admin/client/\",\r\n        \"files\": [ \"QoAdmin.js\" ]\r\n      },\r\n      {\r\n        \"directory\": \"qwiki/admin/client/lib/\",\r\n        \"files\": [ \"ActiveColumn.js\", \"ColumnNodeUI.js\", \"Nav.js\", \"SearchField.js\", \"TooltipEditor.js\" ]\r\n      }\r\n    ,{\r\n        \"directory\": \"common/libraries/gridfilters/\",\r\n        \"files\": [ \"menu/RangeMenu.js\", \"menu/ListMenu.js\", \"GridFilters.js\", \"filter/Filter.js\", \"filter/StringFilter.js\", \"filter/DateFilter.js\", \"filter/ListFilter.js\", \"filter/NumericFilter.js\",\"filter/BooleanFilter.js\" ]\r\n      }\r\n    ],\r\n    \"launcher\": {\r\n      \"config\": {\r\n        \"iconCls\": \"forecast-icon\",\r\n        \"shortcutIconCls\": \"forecast-shortcut\",\r\n        \"text\": \"Forecast\",\r\n        \"tooltip\": \"<b>Forecast</b>\"\r\n      },\r\n      \"paths\": {\r\n        \"startmenu\": \"/\"\r\n      }\r\n    }\r\n  }\r\n}\r\n', 1), ('mantenimiento', 'desktop/mantenimiento', 'Management', 'Management interface', '{\r\n  \"id\": \"mantenimiento\",\r\n  \"type\": \"desktop/mantenimiento\",\r\n  \"about\": {\r\n    \"author\": \"\",\r\n    \"description\": \"Maintenance.\",\r\n    \"name\": \"Maintenance\",\r\n    \"url\": \"\",\r\n    \"version\": \"1.0\"\r\n  },\r\n  \"server\": {\r\n    \"methods\": [\r\n      { \"name\": \"accesosAdministrador\", \"description\": \"Full acceso\" },\r\n      { \"name\": \"accesosSecretaria\", \"description\": \"Full acceso\" },\r\n      { \"name\": \"accesosZonales\", \"description\": \"Personal de zonales\" }\r\n\r\n    ],\r\n    \"class\": \"QoMantenimiento\",\r\n    \"file\": \"desktop/mantenimiento/mantenimiento.php\"\r\n  },\r\n  \"client\": {\r\n    \"class\": \"QoDesk.MantenimientoWindow\",\r\n    \"css\": [\r\n      {\r\n        \"directory\": \"desktop/mantenimiento/client/resources/\",\r\n        \"files\": [ \"styles.css\" ]\r\n      },\r\n      {\r\n        \"directory\": \"common/libraries/\",\r\n        \"files\": [  \"datetime/date-time-ux.css\", \"Spinner/Spinner.css\", \"MultiSelect.css\"   ]\r\n      },\r\n      {\r\n        \"directory\": \"common/libraries/\",\r\n        \"files\": [ \"styles.css\" ]\r\n      }\r\n    ],\r\n    \"javascript\": [\r\n      {\r\n        \"directory\": \"common/libraries/\",\r\n        \"files\": [ \"AppMsg.js\",\"datetime/date-time-ux.js\",\"CheckColumn.js\", \"Spinner/SpinnerField.js\", \"Spinner/Spinner.js\",\"MultiSelect.js\"  ]\r\n      },\r\n      {\r\n        \"directory\": \"desktop/mantenimiento/client/\",\r\n        \"files\": [  \"mantenimiento-win.js\" ]\r\n      },\r\n      {\r\n        \"directory\": \"qwiki/admin/client/\",\r\n        \"files\": [ \"QoAdmin.js\" ]\r\n      },\r\n      {\r\n        \"directory\": \"qwiki/admin/client/lib/\",\r\n        \"files\": [ \"ActiveColumn.js\", \"ColumnNodeUI.js\", \"Nav.js\", \"SearchField.js\", \"TooltipEditor.js\" ]\r\n      }\r\n    ],\r\n    \"launcher\": {\r\n      \"config\": {\r\n        \"iconCls\": \"mantenimiento-icon\",\r\n        \"shortcutIconCls\": \"mantenimiento-shortcut\",\r\n        \"text\": \"Maintenance\",\r\n        \"tooltip\": \"<b>Maintenance</b>\"\r\n      },\r\n      \"paths\": {\r\n        \"startmenu\": \"/\"\r\n      }\r\n    }\r\n  }\r\n}\r\n', 1), ('payroll', 'desktop/payroll', 'Payroll', 'payroll', '{\r\n  \"id\": \"payroll\",\r\n  \"type\": \"desktop/payroll\",\r\n  \"about\": {\r\n    \"author\": \"\",\r\n    \"description\": \"Payroll\",\r\n    \"name\": \"Payroll\",\r\n    \"url\": \"\",\r\n    \"version\": \"1.0\"\r\n  },\r\n  \"server\": {\r\n    \"methods\": [\r\n      { \"name\": \"accesosAdministrador\", \"description\": \"Full acceso con vista de todos los tramites\" },\r\n      { \"name\": \"accesosSecretaria\", \"description\": \"Full acceso con vista de tramites pendientes\" },\r\n      { \"name\": \"accesosPayroll\", \"description\": \"Personal de payroll\" }\r\n    ],\r\n    \"class\": \"QoPayroll\",\r\n    \"file\": \"desktop/payroll/payroll.php\"\r\n  },\r\n  \"client\": {\r\n    \"class\": \"QoDesk.PayrollWindow\",\r\n    \"css\": [\r\n      {\r\n        \"directory\": \"desktop/payroll/client/resources/\",\r\n        \"files\": [ \"styles.css\" ]\r\n      },\r\n      {\r\n        \"directory\": \"common/libraries/\",\r\n        \"files\": [  \"datetime/date-time-ux.css\", \"Spinner/Spinner.css\", \"MultiSelect.css\"   ]\r\n      }\r\n    ,{\r\n        \"directory\": \"common/libraries/gridfilters/\",\r\n        \"files\": [  \"css/GridFilters.css\", \"css/RangeMenu.css\"    ]\r\n      },\r\n      {\r\n        \"directory\": \"common/libraries/\",\r\n        \"files\": [ \"styles.css\" ]\r\n      }\r\n    ],\r\n    \"javascript\": [\r\n      {\r\n        \"directory\": \"common/libraries/\",\r\n        \"files\": [ \"AppMsg.js\",\"datetime/date-time-ux.js\",\"CheckColumn.js\", \"Spinner/SpinnerField.js\", \"Spinner/Spinner.js\",\"MultiSelect.js\"  ]\r\n      },\r\n      {\r\n        \"directory\": \"desktop/payroll/client/\",\r\n        \"files\": [  \"payroll-win.js\" ]\r\n      },\r\n      {\r\n        \"directory\": \"qwiki/admin/client/\",\r\n        \"files\": [ \"QoAdmin.js\" ]\r\n      },\r\n      {\r\n        \"directory\": \"qwiki/admin/client/lib/\",\r\n        \"files\": [ \"ActiveColumn.js\", \"ColumnNodeUI.js\", \"Nav.js\", \"SearchField.js\", \"TooltipEditor.js\" ]\r\n      }\r\n    ,{\r\n        \"directory\": \"common/libraries/gridfilters/\",\r\n        \"files\": [ \"menu/RangeMenu.js\", \"menu/ListMenu.js\", \"GridFilters.js\", \"filter/Filter.js\", \"filter/StringFilter.js\", \"filter/DateFilter.js\", \"filter/ListFilter.js\", \"filter/NumericFilter.js\",\"filter/BooleanFilter.js\" ]\r\n      }\r\n    ],\r\n    \"launcher\": {\r\n      \"config\": {\r\n        \"iconCls\": \"payroll-icon\",\r\n        \"shortcutIconCls\": \"payroll-shortcut\",\r\n        \"text\": \"Payroll\",\r\n        \"tooltip\": \"<b>Payroll</b>\"\r\n      },\r\n      \"paths\": {\r\n        \"startmenu\": \"/\"\r\n      }\r\n    }\r\n  }\r\n}\r\n', 1), ('planificacion', 'desktop/planificacion', 'Macro', 'Macro', '{\r\n  \"id\": \"inspeccion\",\r\n  \"type\": \"desktop/inspeccion\",\r\n  \"about\": {\r\n    \"author\": \"\",\r\n    \"description\": \"Macro Planning.\",\r\n    \"name\": \"Macro Planning.\",\r\n    \"url\": \"\",\r\n    \"version\": \"1.0\"\r\n  },\r\n  \"server\": {\r\n    \"methods\": [\r\n      { \"name\": \"accesosAdministrador\", \"description\": \"Full acceso con vista de todos los tramites\" },\r\n      { \"name\": \"accesosSecretaria\", \"description\": \"Full acceso con vista de tramites pendientes\" },\r\n      { \"name\": \"accesosInspeccion\", \"description\": \"Personal de inspeccion\" },\r\n      { \"name\": \"accesosSupervision\", \"description\": \"Personal de supervision\" }\r\n    ],\r\n    \"class\": \"QoDenuncias\",\r\n    \"file\": \"desktop/inspeccion/denuncias.php\"\r\n  },\r\n  \"client\": {\r\n    \"class\": \"QoDesk.InspeccionWindow\",\r\n    \"css\": [\r\n      {\r\n        \"directory\": \"desktop/inspeccion/client/resources/\",\r\n        \"files\": [ \"styles.css\" ]\r\n      }\r\n			,{\r\n        \"directory\": \"common/libraries/\",\r\n        \"files\": [  \"datetime/date-time-ux.css\", \"Spinner/Spinner.css\", \"MultiSelect.css\"   ]\r\n      }\r\n			,{\r\n        \"directory\": \"common/libraries/treegrid/\",\r\n        \"files\": [  \"treegrid.css\"]\r\n      }\r\n      ,{\r\n        \"directory\": \"common/libraries/gridfilters/\",\r\n        \"files\": [  \"css/GridFilters.css\", \"css/RangeMenu.css\"    ]\r\n      },\r\n      {\r\n        \"directory\": \"common/libraries/\",\r\n        \"files\": [ \"styles.css\" ]\r\n      }		\r\n    ],\r\n    \"javascript\": [\r\n      {\r\n        \"directory\": \"common/libraries/\",\r\n        \"files\": [ \"AppMsg.js\",\"datetime/date-time-ux.js\",\"CheckColumn.js\", \"Spinner/SpinnerField.js\", \"Spinner/Spinner.js\",\"MultiSelect.js\"  ]\r\n      },\r\n      {\r\n        \"directory\": \"../ext-3.4.1/examples/ux/treegrid/\",\r\n        \"files\": [ \"TreeGridColumnResizer.js\", \"TreeGridColumns.js\", \"TreeGridLoader.js\", \"TreeGridNodeUI.js\", \"TreeGridSorter.js\", \"TreeGrid.js\"]\r\n      },\r\n			{\r\n        \"directory\": \"desktop/inspeccion/client/\",\r\n        \"files\": [  \"moduloInspeccion-win.js\" ]\r\n      },\r\n      {\r\n        \"directory\": \"qwiki/admin/client/\",\r\n        \"files\": [ \"QoAdmin.js\" ]\r\n      },\r\n      {\r\n        \"directory\": \"qwiki/admin/client/lib/\",\r\n        \"files\": [ \"ActiveColumn.js\", \"ColumnNodeUI.js\", \"Nav.js\", \"SearchField.js\", \"TooltipEditor.js\" ]\r\n      }\r\n      ,{\r\n        \"directory\": \"common/libraries/gridfilters/\",\r\n        \"files\": [ \"menu/RangeMenu.js\", \"menu/ListMenu.js\", \"GridFilters.js\", \"filter/Filter.js\", \"filter/StringFilter.js\", \"filter/DateFilter.js\", \"filter/ListFilter.js\", \"filter/NumericFilter.js\",\"filter/BooleanFilter.js\" ]\r\n      }			\r\n    ],\r\n    \"launcher\": {\r\n      \"config\": {\r\n        \"iconCls\": \"inspeccion-icon\",\r\n        \"shortcutIconCls\": \"inspeccion-shortcut\",\r\n        \"text\": \"Macro Planning\",\r\n        \"tooltip\": \"<b>Macro Planning</b>\"\r\n      },\r\n      \"paths\": {\r\n        \"startmenu\": \"/\"\r\n      }\r\n    }\r\n  }\r\n}\r\n', 1), ('planificacionmicro', 'desktop/planificacionmicro', 'Micro', 'Micro', '{\r\n  \"id\": \"planificacionmicro\",\r\n  \"type\": \"desktop/planificacionmicro\",\r\n  \"about\": {\r\n    \"author\": \"\",\r\n    \"description\": \"Micro Planning.\",\r\n    \"name\": \"Micro Planning\",\r\n    \"url\": \"\",\r\n    \"version\": \"1.0\"\r\n  },\r\n  \"server\": {\r\n    \"methods\": [\r\n      { \"name\": \"accesosAdministrador\", \"description\": \"Full acceso con vista de todos los tramites\" },\r\n      { \"name\": \"accesosSecretaria\", \"description\": \"Full acceso con vista de tramites pendientes\" },\r\n      { \"name\": \"accesosPlanificacionmicro\", \"description\": \"Personal de planificacionmicro\" },\r\n      { \"name\": \"accesosSupervision\", \"description\": \"Personal de supervision\" }\r\n\r\n    ],\r\n    \"class\": \"QoDenuncias\",\r\n    \"file\": \"desktop/planificacionmicro/denuncias.php\"\r\n  },\r\n  \"client\": {\r\n    \"class\": \"QoDesk.PlanificacionmicroWindow\",\r\n    \"css\": [\r\n      {\r\n        \"directory\": \"desktop/planificacionmicro/client/resources/\",\r\n        \"files\": [ \"styles.css\" ]\r\n      },\r\n      {\r\n        \"directory\": \"common/libraries/\",\r\n        \"files\": [  \"datetime/date-time-ux.css\", \"Spinner/Spinner.css\", \"MultiSelect.css\"   ]\r\n      }\r\n      ,{\r\n        \"directory\": \"common/libraries/gridfilters/\",\r\n        \"files\": [  \"css/GridFilters.css\", \"css/RangeMenu.css\"    ]\r\n      },\r\n      {\r\n        \"directory\": \"common/libraries/\",\r\n        \"files\": [ \"styles.css\" ]\r\n      }\n		],\r\n    \"javascript\": [\r\n      {\r\n        \"directory\": \"common/libraries/\",\r\n        \"files\": [ \"AppMsg.js\",\"datetime/date-time-ux.js\",\"CheckColumn.js\", \"Spinner/SpinnerField.js\", \"Spinner/Spinner.js\",\"MultiSelect.js\"  ]\r\n      },\r\n      {\r\n        \"directory\": \"desktop/planificacionmicro/client/\",\r\n        \"files\": [  \"moduloPlanificacionmicro-win.js\" ]\r\n      },\r\n      {\r\n        \"directory\": \"qwiki/admin/client/\",\r\n        \"files\": [ \"QoAdmin.js\" ]\r\n      },\r\n      {\r\n        \"directory\": \"qwiki/admin/client/lib/\",\r\n        \"files\": [ \"ActiveColumn.js\", \"ColumnNodeUI.js\", \"Nav.js\", \"SearchField.js\", \"TooltipEditor.js\" ]\r\n      }    \r\n      ,{\r\n        \"directory\": \"common/libraries/gridfilters/\",\r\n        \"files\": [ \"menu/RangeMenu.js\", \"menu/ListMenu.js\", \"GridFilters.js\", \"filter/Filter.js\", \"filter/StringFilter.js\", \"filter/DateFilter.js\", \"filter/ListFilter.js\", \"filter/NumericFilter.js\",\"filter/BooleanFilter.js\" ]\r\n      }\r\n    ],\r\n    \"launcher\": {\r\n      \"config\": {\r\n        \"iconCls\": \"planificacionmicro-icon\",\r\n        \"shortcutIconCls\": \"planificacionmicro-shortcut\",\r\n        \"text\": \"Micro Planning\",\r\n        \"tooltip\": \"<b>Micro Planning</b>\"\r\n      },\r\n      \"paths\": {\r\n        \"startmenu\": \"/\"\r\n      }\r\n    }\r\n  }\r\n}\r\n', 1), ('qo-admin', 'system/administration', 'Admin', 'Allows system administration', '{\r\n   \"id\": \"qo-admin\",\r\n\r\n   \"type\": \"system/administration\",\r\n\r\n   \"about\": {\r\n      \"author\": \"\",\r\n      \"description\": \"\",\r\n      \"name\": \"Admin\",\r\n      \"url\": \"\",\r\n      \"version\": \"1.0\"\r\n   },\r\n\r\n   \"dependencies\": [\r\n      { \"id\": \"columntree\", \"type\": \"library\" }\r\n   ],\r\n\r\n   \"client\": {\r\n      \"class\": \"QoDesk.QoAdmin\",\r\n      \"css\": [\r\n         {\r\n            \"directory\": \"qwiki/admin/client/resources/\",\r\n            \"files\": [ \"styles.css\" ]\r\n         }\r\n      ],\r\n      \"javascript\": [\r\n         {\r\n            \"directory\": \"qwiki/admin/client/\",\r\n            \"files\": [ \"QoAdmin.js\" ]\r\n         },\r\n         {\r\n            \"directory\": \"qwiki/admin/client/lib/\",\r\n            \"files\": [ \"ActiveColumn.js\", \"ColumnNodeUI.js\", \"Nav.js\", \"SearchField.js\", \"TooltipEditor.js\" ]\r\n         },\r\n         {\r\n            \"directory\": \"qwiki/admin/client/lib/groups/\",\r\n            \"files\": [ \"Groups.js\", \"GroupsTooltipEditor.js\" ]\r\n         },\r\n         {\r\n            \"directory\": \"qwiki/admin/client/lib/members/\",\r\n            \"files\": [ \"Members.js\", \"MembersTooltipEditor.js\" ]\r\n         },\r\n         {\r\n            \"directory\": \"qwiki/admin/client/lib/privileges/\",\r\n            \"files\": [ \"Privileges.js\", \"PrivilegesTooltipEditor.js\" ]\r\n         },\r\n         {\r\n            \"directory\": \"qwiki/admin/client/lib/signups/\",\r\n            \"files\": [ \"Signups.js\", \"SignupsDetail.js\", \"SignupsGrid.js\" ]\r\n         }\r\n      ],\r\n      \"launcher\": {\r\n         \"config\": {\r\n            \"iconCls\": \"qo-admin-icon\",\r\n            \"shortcutIconCls\": \"qo-admin-shortcut-icon\",\r\n            \"text\": \"Admin\",\r\n            \"tooltip\": \"<b>Administrador</b><br />Permite configurar el sistema\"\r\n         },\r\n         \"paths\": {\r\n            \"startmenu\": \"/\"\r\n         }\r\n      }\r\n   },\r\n\r\n   \"server\": {\r\n      \"methods\": [\r\n         { \"name\": \"addGroup\", \"description\": \"Add a new group\" },\r\n         { \"name\": \"addMember\", \"description\": \"Add a new member\" },\r\n         { \"name\": \"addPrivilege\", \"description\": \"Add a new privilege\" },\r\n         { \"name\": \"approveSignupsToGroup\", \"description\": \"Approve a signup request\" },\r\n         { \"name\": \"deleteGroup\", \"description\": \"Delete a group\" },\r\n         { \"name\": \"deleteMember\", \"description\": \"Delete a member\" },\r\n         { \"name\": \"deletePrivilege\", \"description\": \"Delete a privilege\" },\r\n         { \"name\": \"denySignups\", \"description\": \"Deny a signup request\" },\r\n         { \"name\": \"editGroup\", \"description\": \"Edit a groups information\" },\r\n         { \"name\": \"editGroupPrivilege\", \"description\": \"Edit what privilege a group is associated with\" },\r\n         { \"name\": \"editMember\", \"description\": \"Edit a members information\" },\r\n         { \"name\": \"editMembersGroups\", \"description\": \"Edit what groups a member is associated with\" },\r\n         { \"name\": \"editPrivilege\", \"description\": \"Edit a privileges information\" },\r\n         { \"name\": \"editPrivilegeModules\", \"description\": \"Edit what modules and methods a privilege allows\" },\r\n         { \"name\": \"viewGroups\", \"description\": \"View groups\" },\r\n         { \"name\": \"viewGroupPrivileges\", \"description\": \"View the privileges available to the group\" },\r\n         { \"name\": \"viewMembers\", \"description\": \"View members information\" },\r\n         { \"name\": \"viewMemberGroups\", \"description\": \"View the groups available to the member\" },\r\n         { \"name\": \"viewPrivileges\", \"description\": \"View privilege information\" },\r\n         { \"name\": \"viewPrivilegeModules\", \"description\": \"View the modules available to the privilege\" },\r\n         { \"name\": \"viewSignups\", \"description\": \"View all sign ups\" }\r\n      ],\r\n      \"class\": \"QoAdmin\",\r\n      \"file\": \"qwiki/admin/server/QoAdmin.php\"\r\n   }\r\n}', 1), ('qo-mail', 'email', 'Email', 'Allows users to send and receive email', '{\r\n   \"id\": \"qo-mail\",\r\n\r\n   \"type\": \"system/email\",\r\n\r\n   \"about\": {\r\n      \"author\": \"Todd Murdock\",\r\n      \"description\": \"Allows users to send and receive email\",\r\n      \"name\": \"qWikiMail\",\r\n      \"url\": \"www.qwikioffice.com\",\r\n      \"version\": \"1.0\"\r\n   },\r\n\r\n   \"dependencies\": [\r\n         { \"id\": \"iframecomponent\", \"type\": \"library\" }\r\n   ],\r\n\r\n   \"client\": {\r\n      \"class\": \"QoDesk.QoMail\",\r\n      \"css\": [\r\n         {\r\n            \"directory\": \"qwiki/mail/client/resources/\",\r\n            \"files\": [ \"styles.css\" ]\r\n         }\r\n      ],\r\n      \"javascript\": [\r\n         {\r\n            \"directory\": \"qwiki/mail/client/\",\r\n            \"files\": [ \"QoMail.js\" ]\r\n         }\r\n      ],\r\n      \"launcher\": {\r\n         \"config\": {\r\n            \"iconCls\": \"qo-mail-icon\",\r\n            \"shortcutIconCls\": \"qo-mail-shortcut-icon\",\r\n            \"text\": \"Mail\",\r\n            \"tooltip\": \"<b>Mail</b><br />Allows you to send and receive email\"\r\n         },\r\n         \"paths\": {\r\n            \"startmenu\": \"/\"\r\n         }\r\n      }\r\n   },\r\n\r\n   \"server\": {\r\n      \"methods\": [\r\n         { \"name\": \"loadMemberFolders\", \"description\": \"Allow member to load (view) their folders\" },\r\n         { \"name\": \"addMemberFolder\", \"description\": \"Allow member to add a new folder\" }\r\n      ],\r\n      \"class\": \"QoMail\",\r\n      \"file\": \"qwiki/mail/server/QoMail.php\"\r\n   }\r\n}', 0), ('qo-preferences', 'system/preferences', 'Preferences', 'Allows users to set and save their desktop preferences', '{\r\n   \"id\": \"qo-preferences\",\r\n\r\n   \"type\": \"system/preferences\",\r\n\r\n   \"about\": {\r\n      \"author\": \"\",\r\n      \"description\": \"\",\r\n      \"name\": \"Preferences\",\r\n      \"url\": \"www.qwikioffice.com\",\r\n      \"version\": \"1.0\"\r\n   },\r\n\r\n   \"dependencies\": [\r\n      { \"id\": \"colorpicker\", \"type\": \"library\" },\r\n      { \"id\": \"explorerview\", \"type\": \"library\" },\r\n      { \"id\": \"modalnotice\", \"type\": \"library\" }\r\n   ],\r\n\r\n   \"locale\": {\r\n      \"class\": \"QoDesk.QoPreferences.Locale\",\r\n      \"directory\": \"qwiki/preferences/client/locale/\",\r\n      \"extension\": \".json\",\r\n      \"languages\": [ \"en\" ]\r\n   },\r\n\r\n   \"client\": {\r\n      \"class\": \"QoDesk.QoPreferences\",\r\n      \"css\": [\r\n         {\r\n            \"directory\": \"qwiki/preferences/client/resources/\",\r\n            \"files\": [ \"styles.css\" ]\r\n         }\r\n      ],\r\n      \"javascript\": [\r\n         {\r\n            \"directory\": \"qwiki/preferences/client/\",\r\n            \"files\": [ \"QoPreferences.js\" ]\r\n         },\r\n         {\r\n            \"directory\": \"qwiki/preferences/client/lib/\",\r\n            \"files\": [ \"Appearance.js\", \"AutoRun.js\", \"Background.js\", \"CheckTree.js\", \"Grid.js\", \"Nav.js\", \"QuickStart.js\", \"Shortcuts.js\" ]\r\n         }\r\n      ],\r\n      \"launcher\": {\r\n         \"config\": {\r\n            \"iconCls\": \"qo-pref-icon\",\r\n            \"shortcutIconCls\": \"qo-pref-shortcut-icon\",\r\n            \"text\": \"Preferences\",\r\n            \"tooltip\": \"<b>Preferencias</b><br />Permite modificar su escritorio\"\r\n         },\r\n         \"paths\": {\r\n            \"contextmenu\": \"/\",\r\n            \"startmenutool\": \"/\"\r\n         }\r\n      }\r\n   },\r\n\r\n   \"server\": {\r\n      \"methods\": [\r\n         { \"name\": \"saveAppearance\", \"description\": \"Allow member to save appearance\" },\r\n         { \"name\": \"saveAutorun\", \"description\": \"Allow member to save which modules run at start up\" },\r\n         { \"name\": \"saveBackground\", \"description\": \"Allow member to save a wallpaper as the background\" },\r\n         { \"name\": \"saveQuickstart\", \"description\": \"Allow member to save which modules appear in the Quick Start panel\" },\r\n         { \"name\": \"saveShortcut\", \"description\": \"Allow member to save which modules appear as a Shortcut\" },\r\n         { \"name\": \"viewThemes\", \"description\": \"Allow member to view the available themes\" },\r\n         { \"name\": \"viewWallpapers\", \"description\": \"Allow member to view the available wallpapers\" }\r\n      ],\r\n      \"class\": \"QoPreferences\",\r\n      \"file\": \"qwiki/preferences/server/QoPreferences.php\"\r\n   }\r\n}', 1), ('qo-profile', 'user/profile', 'Profile', 'Allows user profile administration', '{\r\n   \"id\": \"qo-profile\",\r\n\r\n   \"type\": \"user/profile\",\r\n\r\n   \"about\": {\r\n      \"author\": \"Todd Murdock\",\r\n      \"description\": \"Allows user profile administration\",\r\n      \"name\": \"Profile\",\r\n      \"url\": \"www.qwikioffice.com\",\r\n      \"version\": \"1.0\"\r\n   },\r\n\r\n    \"dependencies\": [\r\n      { \"id\": \"statusbar\", \"type\": \"library\" }\r\n   ],\r\n\r\n   \"locale\": {\r\n      \"class\": \"QoDesk.QoProfile.Locale\",\r\n      \"directory\": \"qwiki/profile/client/locale/\",\r\n      \"extension\": \".json\",\r\n      \"languages\": [ \"en\" ]\r\n   },\r\n\r\n   \"client\": {\r\n      \"class\": \"QoDesk.QoProfile\",\r\n      \"css\": [\r\n         {\r\n            \"directory\": \"qwiki/profile/client/resources/\",\r\n            \"files\": [ \"styles.css\" ]\r\n         }\r\n      ],\r\n      \"javascript\": [\r\n         {\r\n            \"directory\": \"qwiki/profile/client/\",\r\n            \"files\": [ \"QoProfile.js\" ]\r\n         }\r\n      ],\r\n      \"launcher\": {\r\n         \"config\": {\r\n            \"iconCls\": \"qo-profile-icon\",\r\n            \"shortcutIconCls\": \"qo-profile-shortcut-icon\",\r\n            \"text\": \"Profile\",\r\n            \"tooltip\": \"<b>Profile</b><br />Allows user profile administration\"\r\n         },\r\n         \"paths\": {\r\n            \"contextmenu\": \"/\",\r\n            \"startmenutool\": \"/\"\r\n         }\r\n      }\r\n   },\r\n\r\n   \"server\": {\r\n      \"methods\": [\r\n         { \"name\": \"loadProfile\", \"description\": \"Load a users profile\" },\r\n         { \"name\": \"saveProfile\", \"description\": \"Save a members profile\" },\r\n         { \"name\": \"savePwd\", \"description\": \"Save a members password\" }\r\n      ],\r\n      \"class\": \"QoProfile\",\r\n      \"file\": \"qwiki/profile/server/QoProfile.php\"\r\n   }\r\n}', 1);
COMMIT;

-- ----------------------------
-- Table structure for qo_preferences
-- ----------------------------
DROP TABLE IF EXISTS `qo_preferences`;
CREATE TABLE `qo_preferences`  (
  `qo_groups_id` int(11) UNSIGNED NOT NULL DEFAULT 0,
  `qo_members_id` int(11) UNSIGNED NOT NULL DEFAULT 0,
  `data` text CHARACTER SET latin1 COLLATE latin1_swedish_ci NULL COMMENT 'JSON data',
  PRIMARY KEY (`qo_members_id`, `qo_groups_id`) USING BTREE
) ENGINE = InnoDB CHARACTER SET = latin1 COLLATE = latin1_swedish_ci;

-- ----------------------------
-- Records of qo_preferences
-- ----------------------------
BEGIN;
INSERT INTO `qo_preferences` VALUES (0, 0, '{\"appearance\":{\"fontColor\": \"333333\",\"themeId\":1,\"taskbarTransparency\":\"100\"},\"background\":{\"color\": \"f9f9f9\",\"wallpaperId\":11,\"wallpaperPosition\":\"center\"},\"launchers\":{\"autorun\":[\"operativos\"],\"quickstart\": [\"operativos\"],\"shortcut\":[\"operativos\"]}}'), (1, 1, '{\"appearance\":{\"fontColor\":\"F2DFDF\",\"themeId\":1,\"taskbarTransparency\":100},\"background\":{\"color\":\"f9f9f9\",\"wallpaperId\":11,\"wallpaperPosition\":\"center\"},\"launchers\":{\"shortcut\":[\"demo-accordion\",\"demo-tab\",\"demo-bogus\",\"veris\",\"tienda\",\"mapa\",\"ofertalaboral\",\"contenidos\",\"historia\",\"imageadmin\",\"denuncias-secretaria\",\"denuncias\",\"denuncias-inspeccion\",\"denuncias-crecretaria\",\"denunciassecretaria\",\"denunciasinspeccion\",\"denunciasweb\",\"inspeccion\",\"operativos\",\"personal\",\"moduloInspeccion\",\"instruccion\",\"planificacion\",\"planificacionmicro\",\"contribuciones\",\"mantenimiento\",\"forecast\",\"payroll\",\"qo-preferences\",\"qo-admin\"],\"quickstart\":[\"demo-tab\",\"mapa\",\"contenidos\",\"denuncias-secretaria\",\"denunciassecretaria\",\"denuncias\",\"denunciasinspeccion\",\"denunciasweb\",\"inspeccion\",\"instruccion\",\"mantenimiento\",\"contribuciones\",\"planificacion\"],\"autorun\":[\"denuncias-inspeccion\",\"denuncias\",\"planificacion\"]}}'), (1, 2, '{\"launchers\":{\"autorun\":[\"qo-preferences\",\"ofertalaboral\"],\"quickstart\":[\"ofertalaboral\",\"quitoconnect\"],\"shortcut\":[\"kiiconnect\",\"samsung\",\"canal\",\"programa\",\"quitoconnect\",\"denunciasweb\",\"denuncias\",\"operativos\",\"luae\",\"personal\"]}}'), (15, 2, '{\"launchers\":{\"autorun\":[],\"shortcut\":[\"operativos\",\"denuncias\",\"denunciasweb\",\"luae\",\"mantenimiento\",\"personal\",\"moduloInspeccion\",\"qo-admin\"]}}'), (2, 3, '{\"launchers\":{\"quickstart\":[\"enfapromo\",\"samsung\"],\"shortcut\":[\"enfapromo\",\"samsung\"]}}'), (2, 4, '{\"launchers\":{\"shortcut\":[\"demo-accordion\",\"demo-grid\",\"demo-layout\",\"demo-bogus\",\"demo-tab\",\"denuncias-crecretaria\",\"denuncias\",\"denunciasweb\"],\"quickstart\":[\"denuncias-crecretaria\",\"denuncias\",\"denunciasweb\"],\"autorun\":[\"denunciasweb\"]}}'), (3, 4, '{\"launchers\":{\"shortcut\":[\"demo-accordion\",\"demo-grid\",\"demo-layout\",\"demo-bogus\",\"demo-tab\",\"kiiconnect\"],\"quickstart\":[\"kiiconnect\"],\"autorun\":[\"denunciasweb\",\"denuncias\"]}}'), (3, 5, '{\"launchers\":{\"shortcut\":[\"demo-accordion\",\"demo-grid\",\"demo-layout\",\"demo-bogus\",\"demo-tab\",\"kiiconnect\",\"denuncias-inspeccion\",\"denunciasinspeccion\",\"moduloInspeccion\"],\"quickstart\":[\"kiiconnect\",\"denuncias\",\"moduloInspeccion\"],\"autorun\":[\"denunciasinspeccion\",\"denuncias\"]}}'), (2, 6, '{\"launchers\":{\"shortcut\":[\"operativos\",\"denuncias\",\"denunciasweb\",\"moduloInspeccion\"],\"autorun\":[\"operativos\",\"denunciasweb\"],\"quickstart\":[\"denunciasweb\",\"denuncias\",\"moduloInspeccion\"]}}'), (4, 6, '{\"launchers\":{\"autorun\":[\"denuncias\"],\"shortcut\":[\"denuncias\"],\"quickstart\":[\"denuncias\"]}}'), (3, 7, '{\"launchers\":{\"autorun\":[\"denuncias\"],\"shortcut\":[\"demo-accordion\",\"demo-grid\",\"demo-layout\",\"demo-bogus\",\"demo-tab\",\"denuncias\",\"moduloInspeccion\",\"operativos\"],\"quickstart\":[\"denuncias\",\"moduloInspeccion\"]},\"appearance\":{\"fontColor\":\"333333\",\"themeId\":2,\"taskbarTransparency\":100}}'), (25, 7, '{\"launchers\":{\"shortcut\":[\"operativos\",\"moduloInspeccion\"],\"quickstart\":[\"operativos\",\"moduloInspeccion\"]}}');
COMMIT;

-- ----------------------------
-- Table structure for qo_privileges
-- ----------------------------
DROP TABLE IF EXISTS `qo_privileges`;
CREATE TABLE `qo_privileges`  (
  `id` int(11) UNSIGNED NOT NULL AUTO_INCREMENT,
  `name` varchar(35) CHARACTER SET latin1 COLLATE latin1_swedish_ci NULL DEFAULT NULL,
  `description` text CHARACTER SET latin1 COLLATE latin1_swedish_ci NULL,
  `data` text CHARACTER SET latin1 COLLATE latin1_swedish_ci NULL COMMENT 'The definition data ( JSON )',
  `active` tinyint(1) UNSIGNED NOT NULL DEFAULT 0 COMMENT 'A value of 1 or 0 is expected',
  PRIMARY KEY (`id`) USING BTREE
) ENGINE = InnoDB AUTO_INCREMENT = 6 CHARACTER SET = latin1 COLLATE = latin1_swedish_ci;

-- ----------------------------
-- Records of qo_privileges
-- ----------------------------
BEGIN;
INSERT INTO `qo_privileges` VALUES (1, 'System Administrator', 'System administrator privileges.  Full access.', '{\"contribuciones\":[\"accesosAdministrador\"],\"forecast\":[\"accesosAdministrador\"],\"mantenimiento\":[],\"payroll\":[],\"planificacion\":[\"accesosAdministrador\"],\"planificacionmicro\":[],\"qo-admin\":[\"addGroup\",\"addMember\",\"addPrivilege\",\"approveSignupsToGroup\",\"deleteGroup\",\"deleteMember\",\"deletePrivilege\",\"denySignups\",\"editGroup\",\"editGroupPrivilege\",\"editMember\",\"editMembersGroups\",\"editPrivilege\",\"editPrivilegeModules\",\"viewGroups\",\"viewGroupPrivileges\",\"viewMembers\",\"viewMemberGroups\",\"viewPrivileges\",\"viewPrivilegeModules\",\"viewSignups\"],\"qo-preferences\":[\"saveAppearance\",\"saveAutorun\",\"saveBackground\",\"saveQuickstart\",\"saveShortcut\",\"viewThemes\",\"viewWallpapers\"],\"qo-profile\":[\"loadProfile\",\"saveProfile\",\"savePwd\"]}', 1), (2, 'Administrador Secretaria General', 'Interfaces Administrador  Secretaria General', '{\"denuncias\":[\"accesosAdministrador\",\"accesosSecretaria\"],\"denunciasweb\":[\"grabarDenuncia\"],\"moduloInspeccion\":[],\"personalmapa\":[],\"qo-preferences\":[\"saveAppearance\",\"saveAutorun\",\"saveBackground\",\"saveQuickstart\",\"saveShortcut\",\"viewThemes\",\"viewWallpapers\"],\"qo-profile\":[\"loadProfile\",\"savePwd\"]}', 1), (3, 'Secretaria General', 'Interface usuario Secretaria General', '{\"denuncias\":[\"accesosSecretaria\"],\"denunciasweb\":[],\"moduloInspeccion\":[\"accesosSupervision\"],\"operativos\":[\"accesosOperativos\"],\"qo-preferences\":[\"saveAppearance\",\"saveAutorun\",\"saveBackground\",\"saveQuickstart\",\"saveShortcut\",\"viewThemes\",\"viewWallpapers\"],\"qo-profile\":[\"loadProfile\",\"savePwd\"]}', 1), (4, 'Zonales', 'Usuarios  Zonales - Secretaria General', '{\"denuncias\":[\"accesosZonales\"],\"qo-preferences\":[\"saveAppearance\",\"saveAutorun\",\"saveBackground\",\"saveQuickstart\",\"saveShortcut\",\"viewThemes\",\"viewWallpapers\"],\"qo-profile\":[\"loadProfile\",\"savePwd\"]}', 1), (5, 'BPO (Macro)', 'Acceso a Contribuciones, Forecast, Macro, Payroll', '{\"contribuciones\":[\"accesosMicro\"]}', 1);
COMMIT;

-- ----------------------------
-- Table structure for qo_sessions
-- ----------------------------
DROP TABLE IF EXISTS `qo_sessions`;
CREATE TABLE `qo_sessions`  (
  `id` varchar(128) CHARACTER SET latin1 COLLATE latin1_swedish_ci NOT NULL DEFAULT '' COMMENT 'a randomly generated id',
  `qo_members_id` int(11) UNSIGNED NOT NULL DEFAULT 0,
  `qo_groups_id` int(11) UNSIGNED NULL DEFAULT NULL COMMENT 'Group the member signed in under',
  `data` text CHARACTER SET latin1 COLLATE latin1_swedish_ci NULL,
  `ip` varchar(16) CHARACTER SET latin1 COLLATE latin1_swedish_ci NULL DEFAULT NULL,
  `date` datetime(0) NULL DEFAULT NULL,
  PRIMARY KEY (`id`, `qo_members_id`) USING BTREE
) ENGINE = InnoDB CHARACTER SET = latin1 COLLATE = latin1_swedish_ci;

-- ----------------------------
-- Records of qo_sessions
-- ----------------------------
BEGIN;
INSERT INTO `qo_sessions` VALUES ('80abca267fe5378277aa51b975c8d510', 1, 1, '{\"module\":{}}', '127.0.0.1', '2019-11-21 20:27:28');
COMMIT;

-- ----------------------------
-- Table structure for qo_signup_requests
-- ----------------------------
DROP TABLE IF EXISTS `qo_signup_requests`;
CREATE TABLE `qo_signup_requests`  (
  `id` int(11) UNSIGNED NOT NULL AUTO_INCREMENT,
  `first_name` varchar(25) CHARACTER SET latin1 COLLATE latin1_swedish_ci NULL DEFAULT NULL,
  `last_name` varchar(35) CHARACTER SET latin1 COLLATE latin1_swedish_ci NULL DEFAULT NULL,
  `email_address` varchar(55) CHARACTER SET latin1 COLLATE latin1_swedish_ci NULL DEFAULT NULL,
  `comments` text CHARACTER SET latin1 COLLATE latin1_swedish_ci NULL,
  PRIMARY KEY (`id`) USING BTREE
) ENGINE = InnoDB AUTO_INCREMENT = 1 CHARACTER SET = latin1 COLLATE = latin1_swedish_ci;

-- ----------------------------
-- Table structure for qo_spam
-- ----------------------------
DROP TABLE IF EXISTS `qo_spam`;
CREATE TABLE `qo_spam`  (
  `id` int(11) UNSIGNED NOT NULL AUTO_INCREMENT,
  `email_address` varchar(55) CHARACTER SET latin1 COLLATE latin1_swedish_ci NOT NULL,
  PRIMARY KEY (`id`) USING BTREE
) ENGINE = InnoDB AUTO_INCREMENT = 1 CHARACTER SET = latin1 COLLATE = latin1_swedish_ci;

-- ----------------------------
-- Table structure for qo_themes
-- ----------------------------
DROP TABLE IF EXISTS `qo_themes`;
CREATE TABLE `qo_themes`  (
  `id` varchar(35) CHARACTER SET latin1 COLLATE latin1_swedish_ci NOT NULL DEFAULT '',
  `data` text CHARACTER SET latin1 COLLATE latin1_swedish_ci NULL COMMENT 'The definition data ( JSON )',
  `active` tinyint(1) UNSIGNED NOT NULL DEFAULT 0 COMMENT 'A value of 1 or 0 is expected',
  PRIMARY KEY (`id`) USING BTREE
) ENGINE = InnoDB CHARACTER SET = latin1 COLLATE = latin1_swedish_ci;

-- ----------------------------
-- Records of qo_themes
-- ----------------------------
BEGIN;
INSERT INTO `qo_themes` VALUES ('1', '{\r\n   \"about\": {\r\n      \"author\": \"Ext JS\",\r\n      \"version\": \"1.0\",\r\n      \"url\": \"www.extjs.com\"\r\n   },\r\n   \"group\": \"Ext JS\",\r\n   \"name\": \"Blue\",\r\n   \"thumbnail\": \"images/xtheme-blue.gif\",\r\n   \"file\": \"css/xtheme-blue.css\",\r\n   \"url\": \"http://extjs.cachefly.net/ext-3.2.1/resources/css/xtheme-blue.css\"\r\n}', 1), ('2', '{\r\n   \"about\": {\r\n      \"author\": \"Ext JS\",\r\n      \"version\": \"1.0\",\r\n      \"url\": \"www.extjs.com\"\r\n   },\r\n   \"group\": \"Ext JS\",\r\n   \"name\": \"Gray\",\r\n   \"thumbnail\": \"images/xtheme-gray.gif\",\r\n   \"file\": \"css/xtheme-gray.css\",\r\n   \"url\": \"http://extjs.cachefly.net/ext-3.2.1/resources/css/xtheme-gray.css\"\r\n}', 1), ('3', '{\r\n   \"about\": {\r\n      \"author\": \"Ext JS\",\r\n      \"version\": \"1.0\",\r\n      \"url\": \"www.extjs.com\"\r\n   },\r\n   \"group\": \"Ext JS\",\r\n   \"name\": \"Access\",\r\n   \"thumbnail\": \"images/xtheme-access.gif\",\r\n   \"file\": \"css/xtheme-access.css\",\r\n   \"url\": \"http://extjs.cachefly.net/ext-3.2.1/resources/css/xtheme-access.css\"\r\n}', 1), ('4', '{\r\n   \"about\": {\r\n      \"author\": \"Ext JS User\",\r\n      \"version\": \"1.0\",\r\n      \"url\": \"www.extjs.com\"\r\n   },\r\n   \"group\": \"Ext JS\",\r\n   \"name\": \"Slate\",\r\n   \"thumbnail\": \"images/xtheme-slate.gif\",\r\n   \"file\": \"css/xtheme-slate.css\"\r\n}', 0);
COMMIT;

-- ----------------------------
-- Table structure for qo_wallpapers
-- ----------------------------
DROP TABLE IF EXISTS `qo_wallpapers`;
CREATE TABLE `qo_wallpapers`  (
  `id` int(11) UNSIGNED NOT NULL AUTO_INCREMENT,
  `data` text CHARACTER SET latin1 COLLATE latin1_swedish_ci NULL COMMENT 'The definition data ( JSON )',
  `active` tinyint(1) UNSIGNED NOT NULL DEFAULT 0 COMMENT 'A value of 1 or 0 is expected',
  PRIMARY KEY (`id`) USING BTREE
) ENGINE = InnoDB AUTO_INCREMENT = 15 CHARACTER SET = latin1 COLLATE = latin1_swedish_ci;

-- ----------------------------
-- Records of qo_wallpapers
-- ----------------------------
BEGIN;
INSERT INTO `qo_wallpapers` VALUES (1, '{\r\n   \"group\": \"Blank\",\r\n   \"name\": \"Blank\",\r\n   \"thumbnail\": \"thumbnails/blank.gif\",\r\n   \"file\": \"blank.gif\"\r\n}', 1), (2, '{\r\n   \"group\": \"Pattern\",\r\n   \"name\": \"Blue Psychedelic\",\r\n   \"thumbnail\": \"thumbnails/blue-psychedelic.jpg\",\r\n   \"file\": \"blue-psychedelic.jpg\"\r\n}', 1), (3, '{\r\n   \"group\": \"Pattern\",\r\n   \"name\": \"Blue Swirl\",\r\n   \"thumbnail\": \"thumbnails/blue-swirl.jpg\",\r\n   \"file\": \"blue-swirl.jpg\"\r\n}', 1), (4, '{\r\n   \"group\": \"Nature\",\r\n   \"name\": \"Colorado Farm\",\r\n   \"thumbnail\": \"thumbnails/colorado-farm.jpg\",\r\n   \"file\": \"colorado-farm.jpg\"\r\n}', 1), (5, '{\r\n   \"group\": \"Nature\",\r\n   \"name\": \"Curls On Green\",\r\n   \"thumbnail\": \"thumbnails/curls-on-green.jpg\",\r\n   \"file\": \"curls-on-green.jpg\"\r\n}', 1), (6, '{\r\n   \"group\": \"Pattern\",\r\n   \"name\": \"Emotion\",\r\n   \"thumbnail\": \"thumbnails/emotion.jpg\",\r\n   \"file\": \"emotion.jpg\"\r\n}', 1), (7, '{\r\n   \"group\": \"Pattern\",\r\n   \"name\": \"Eos\",\r\n   \"thumbnail\": \"thumbnails/eos.jpg\",\r\n   \"file\": \"eos.jpg\"\r\n}', 1), (8, '{\r\n   \"group\": \"Nature\",\r\n   \"name\": \"Fields of Peace\",\r\n   \"thumbnail\": \"thumbnails/fields-of-peace.jpg\",\r\n   \"file\": \"fields-of-peace.jpg\"\r\n}', 1), (9, '{\r\n   \"group\": \"Nature\",\r\n   \"name\": \"Fresh Morning\",\r\n   \"thumbnail\": \"thumbnails/fresh-morning.jpg\",\r\n   \"file\": \"fresh-morning.jpg\"\r\n}', 1), (10, '{\r\n   \"group\": \"Nature\",\r\n   \"name\": \"Lady Buggin\",\r\n   \"thumbnail\": \"thumbnails/ladybuggin.jpg\",\r\n   \"file\": \"ladybuggin.jpg\"\r\n}', 1), (11, '{\r\n   \"group\": \"qWikiOffice\",\r\n   \"name\": \"qWikiOffice\",\r\n   \"thumbnail\": \"thumbnails/qwikioffice.jpg\",\r\n   \"file\": \"qwikioffice.jpg\"\r\n}', 1), (12, '{\r\n   \"group\": \"Nature\",\r\n   \"name\": \"Summer\",\r\n   \"thumbnail\": \"thumbnails/summer.jpg\",\r\n   \"file\": \"summer.jpg\"\r\n}', 1), (13, '{\r\n   \"group\": \"Pattern\",\r\n   \"name\": \"Emotion Pattern\",\r\n   \"thumbnail\": \"thumbnails/emotion-pattern.jpg\",\r\n   \"file\": \"emotion-pattern.jpg\"\r\n}', 1), (14, '{\r\n   \"group\": \"Pattern\",\r\n   \"name\": \"Pattern Red\",\r\n   \"thumbnail\": \"thumbnails/pattern-red.gif\",\r\n   \"file\": \"pattern-red.gif\"\r\n}', 1);
COMMIT;

SET FOREIGN_KEY_CHECKS = 1;
