{
  "id": "personalmapa",
  "type": "desktop/personalmapa",
  "about": {
    "author": "",
    "description": "Mantenimiento de Personalmapa.",
    "name": "Ventana Personalmapa",
    "url": "",
    "version": "1.0"
  },
  "server": {
    "methods": [
      { "name": "accesosAdministrador", "description": "Full acceso" },
      { "name": "accesosSecretaria", "description": "Full acceso" },
      { "name": "accesosZonales", "description": "Personal de zonales" }

    ],
    "class": "QoPersonalmapa",
    "file": "desktop/personalmapa/personalmapa.php"
  },
  "client": {
    "class": "QoDesk.PersonalmapaWindow",
    "css": [
      {
        "directory": "desktop/personalmapa/client/resources/",
        "files": [ "styles.css" ]
      },
      {
        "directory": "common/libraries/",
        "files": [  "datetime/date-time-ux.css", "Spinner/Spinner.css", "MultiSelect.css"   ]
      }
    ],
    "javascript": [
      {
        "directory": "common/libraries/",
        "files": [ "AppMsg.js","datetime/date-time-ux.js","CheckColumn.js", "Spinner/SpinnerField.js", "Spinner/Spinner.js","MultiSelect.js"  ]
      },
      {
        "directory": "desktop/personalmapa/client/",
        "files": [  "personalmapa-win.js" ]
      },
      {
        "directory": "qwiki/admin/client/",
        "files": [ "QoAdmin.js" ]
      },
      {
        "directory": "qwiki/admin/client/lib/",
        "files": [ "ActiveColumn.js", "ColumnNodeUI.js", "Nav.js", "SearchField.js", "TooltipEditor.js" ]
      }
    ],
    "launcher": {
      "config": {
        "iconCls": "personalmapa-icon",
        "shortcutIconCls": "personalmapa-shortcut",
        "text": "Personalmapa",
        "tooltip": "<b>Personalmapa</b>"
      },
      "paths": {
        "startmenu": "/"
      }
    }
  }
}
